full_name,body_anonymized,clarity_score
xingchuanzhen/wpf-music_player,"
**Is your feature request related to a problem? Please describe.**
A clear and concise description of what the problem is. Ex. I'm always frustrated when [...]

**Describe the solution you'd like**
A clear and concise description of what you want to happen.

**Describe alternatives you've considered**
A clear and concise description of any alternative solutions or features you've considered.

**Additional context**
Add any other context or screenshots about the feature request here.
",1.0
leafwing-studios/leafwing_input_playback,"
## Which code could be improved?

Provide a direct link to the source if possible.

Mention other related code if relevant.

## How should this be changed?

If it's not obvious, include a snippet and explain why this change is better.
",1.0
bacco007/homeassistantconfig,"
**Describe the bug**
A clear and concise description of what the bug is.

**To Reproduce**
Steps to reproduce the behavior:
1. Go to '...'
2. Click on '....'
3. Scroll down to '....'
4. See error

**Expected behavior**
A clear and concise description of what you expected to happen.

**Screenshots**
If applicable, add screenshots to help explain your problem.

**Desktop (please complete the following information):**
- OS: [e.g. iOS]
- Browser [e.g. chrome, safari]
- Version [e.g. 22]

**Smartphone (please complete the following information):**
- Device: [e.g. iPhone6]
- OS: [e.g. iOS8.1]
- Browser [e.g. stock browser, safari]
- Version [e.g. 22]

**Additional context**
Add any other context about the problem here.
",1.0
antvis/l7draw,"
### 🐛 Question description [Please make everyone to understand it]

### 💻 Link to minimal reproduction

Please provide a link by forking these links [L7 Draw](<|URL|>) or GitHub repo. What is a minimal reproduction, and why is it required?

### 🏞 Expected result

### 🚑 Any additional [like screenshots]

- **<|Repo_Name|> Version**:
- **Platform**:
",2.0
jakemakesstuff/dcustomrpc,"
**Is your feature request related to a problem? Please describe.**
A clear and concise description of what the problem is. Ex. I'm always frustrated when [...]

**Describe the solution you'd like**
A clear and concise description of what you want to happen.

**Describe alternatives you've considered**
A clear and concise description of any alternative solutions or features you've considered.

**Additional context**
Add any other context or screenshots about the feature request here.
",1.0
hm-seclab/yafra,"
**Is your feature request related to a problem? Please describe.**
A clear and concise description of what the problem is. Ex. I'm always frustrated when [...]

**Describe the solution you'd like**
A clear and concise description of what you want to happen.

**Describe alternatives you've considered**
A clear and concise description of any alternative solutions or features you've considered.

**Additional context**
Add any other context or screenshots about the feature request here.
",1.0
accenture/trac,"
## Bug Report

### Steps to Reproduce:
1. ...step 1 description...
2. ...step 2 description...
3. ...step 3 description...

### Expected Result:
...description of what you expected to see...

### Actual Result:
...what actually happened, including full exceptions (please include the entire stack <|Repo_Name|>e, including ""caused by"" entries), log entries, screen shots etc. where appropriate...

### Environment:
...version and build of the project, OS and runtime versions, virtualised environment (if any), etc. ...

### Additional Context:
...add any other context about the problem here. If applicable, add screenshots to help explain...
",1.0
diem/move,"
# 🐛 Bug

<!-- A clear and concise description of your issue with the documentation or website.
To report a security issue, please email <|Email|> -->

## Steps to reproduce

<!-- Please include all steps to reproduce the issue -->

** Error message or problem **
```
<|Code|>
```

## Expected Behavior

<!-- A clear and concise description of what you expected to happen. -->

## System information

**Please complete the following information:**
- <!-- Browser type and version -->

## Additional context

<!-- Add any other context about the problem here. -->
",1.0
cunla/ghactions-manager,"
**Is your feature request related to a problem? Please describe.**
A clear and concise description of what the problem is. Ex. I'm always frustrated when [...]

**Describe the solution you'd like**
A clear and concise description of what you want to happen.

**Describe alternatives you've considered**
A clear and concise description of any alternative solutions or features you've considered.

**Additional context**
Add any other context or screenshots about the feature request here.
",1.0
oroinc/orocommerce,"
We primarily use GitHub Issues to report bugs and new features in Oro applications.
For questions on how to use Oro applications or extensions, please use any of the support
channels below:
- StackOverflow: <|URL|>
- Slack Community Chat: <|URL|>

For more details, see <|URL|>

Thank you!
",1.0
aresprotocols/ares,"
**Question**

_Please include information such as the following: is your question to clarify an existing resource
or are you asking about something new? what are you trying to accomplish? where have you looked for
answers?_
",1.0
wildgums/orc.search,"
Leave Your Message Below (don't delete this line though)
",1.0
wx-chevalier/ueme-chat,"

",1.0
paperboi/kindle2notion,"
**Is your feature request related to a problem? Please describe.**
A clear and concise description of what the problem is. Ex. I'm always frustrated when [...]

**Describe the solution you'd like**
A clear and concise description of what you want to happen.

**Describe alternatives you've considered**
A clear and concise description of any alternative solutions or features you've considered.

**Additional context**
Add any other context or screenshots about the feature request here.
",1.0
gyozatech/noodlog,"
**User Story**

As a [developer/user/operator] I would like to [high level description] for [reasons].

**Detailed Description**

<!-- A clear and concise description of the feature. -->

**Anything else**

<!-- Misc information that will assist in solving the issue. -->
",1.0
nasa/lc,"
**Checklist (Please check before submitting)**

* [ ] I reviewed the [Contributing Guide](<|URL|>).
* [ ] I performed a cursory search to see if the bug report is relevant, not redundant, nor in conflict with other tickets.

**Describe the bug**
A clear and concise description of what the bug is.

**To Reproduce**
Steps to reproduce the behavior:
1. Go to '...'
2. Click on '....'
3. Scroll down to '....'
4. See error

**Expected behavior**
A clear and concise description of what you expected to happen.

**Code snips**
If applicable, add references to the software.

**System observed on:**
- Hardware
- OS: [e.g. Linux 4.4]
- Versions [e.g. cFE 6.6, OSAL 4.2, PSP 1.3 for mcp750, any related apps]

**Additional context**
Add any other context about the problem here.

**Reporter Info**
Full name and company/organization if applicable
",1.0
eldavoo/whatsapp-crypt14-crypt15-decrypter,"
**Hexdump of your key file**
Add the hexdump of your key file here

**Hexdump of the encrypted DB
Add the hexdump of the first 256 bytes of your DB here.

**Screenshots**
If applicable, add screenshots to help explain your problem.

**Program output using -v and -f**


**Additional context**
Add any other context about the problem here.
",5.0
crossplane/tbs,"
### Topic
<!--
Please tell us a little about your topic and why it
has come to your attention.
--->

### Examples
<!--
If you have any specific examples where you have
encountered this topic, please include them here.
We will try to address these specifically if we do an
episode on the topic.
--->
",1.0
bobankh/auto-generate-changelog,"
## Describe the bug

A clear and concise description of what the bug is.

## To Reproduce

> **NOTE**:Self-contained, minimal reproducing samples are extremely helpful and will expedite addressing your issue

Steps to reproduce the behavior:

1. Go to '...'
2. Click on '....'
3. Scroll down to '....'
4. See error

## Expected behavior

A clear and concise description of what you expected to happen.

## Screenshots

If applicable, add screenshots to help explain your problem.

## Environment
<!--- Please provide the necessary environment information -->

- Device: \[e.g. iPhone6]
- OS: \[e.g. Ubuntu 18.04LTS]
- Browser \[e.g. chrome, safari]
- Version \[e.g. 22]

## Additional context

Add any other context about the problem here.
",1.0
epage-team/epage-core,"
**Describe the bug**

**To Reproduce**
Steps to reproduce the behavior:
1. Go to '...'
2. Click on '....'

**Expected behavior**

**Device (please complete the following information):**
- OS: [e.g. iOS8.1]
- Browser [e.g. stock browser, safari]
- Version [e.g. 22]
",1.0
archivesunleashed/warclight,"
**Describe the bug**
A clear and concise description of what the bug is.

**To Reproduce**
Steps to reproduce the behavior (e.g.):
1. Go to '...'
2. Click on '....'
3. Scroll down to '....'
4. See error

**Expected behavior**
A clear and concise description of what you expected to happen.

**Screenshots**
If applicable, add screenshots to help explain your problem.

**Desktop/Laptop (please complete the following information):**
- OS: [e.g. MacOS 10.13.3]
- Browser: [e.g. chrome, safari]
- Version: [e.g. 22]

**Smartphone (please complete the following information):**
- Device: [e.g. iPhone6]
- OS: [e.g. iOS8.1]
- Browser: [e.g. stock browser, safari]
- Version: [e.g. 22]

**Additional context**
Add any other context about the problem here.
",1.0
openhau/laravel-boilerplate,"
**Is your feature request related to a problem? Please describe.**
A clear and concise description of what the problem is. Ex. I'm always frustrated when [...]

**Describe the solution you'd like**
A clear and concise description of what you want to happen.

**Describe alternatives you've considered**
A clear and concise description of any alternative solutions or features you've considered.

**Additional context**
Add any other context or screenshots about the feature request here.
",1.0
nnstreamer/nnstreamer-example,"
Having problems with a source code of a github repository?

Having problems with the CI bot that controls the build process?

Good to go? Then please remove these lines above, including this one, and help us understand your issue by answering the following:

# Issue Description
A clear and concise description of what the bug is.

Expected Result
============
A clear and concise description of what you expected to happen.

How to Reproduce
===============
1. Go to '...'
2. Click on '....'
3. Scroll down to '....'
4. See error


Further Information
===============
* A link to an output result showing the issue
* Exact OS version
",5.0
azurydev/darkflare,"
Ask us something.
",1.0
abdur-rahmaanj/honeybot,"
**Is your feature request related to a problem? Please describe.**
A clear and concise description of what the problem is. Ex. I'm always frustrated when [...]

**Describe the solution you'd like**
A clear and concise description of what you want to happen.

**Describe alternatives you've considered**
A clear and concise description of any alternative solutions or features you've considered.

**Additional context**
Add any other context or screenshots about the feature request here.
",1.0
cburstedde/p4est,"
**Description**

**Proposed solution**
",1.0
wills106/homsassistant-solax-modbus,"
**Describe the bug**
A clear and concise description of what the bug is.

**Mandatory details**
1. Integration Version:
2. HA Version:
3. Inverter Brand:
4. Plugin Used:
5. First 6 digits of Serial:
6. Connection Method:

**Detailed Error Log**
Detailed Error Log, if you press on the individual error further information is displayed.
This is the content we need, the description alone doesn't provide enough context.

If there are no log's showing for SolaX try the following depending on your language settings, you can find the full logs under:

Settings → System → Logs > at bottom of page press “LOAD FULL LOGS”

Now the full logs are loaded. If you scroll down, you will see them.
Once the full logs are shown, you can either use the search function in your browser to search for “solax” related entries or use the search entry field on top of the page.

Search for

solax

and report us the logs. Make sure to replace sensitive information by xxxx (if any)

**Additional context**
Add any other context about the problem here.
",5.0
intelligo-io/intelligo-generator,"
**Is your feature request related to a problem? Please describe.**
A clear and concise description of what the problem is. Ex. I'm always frustrated when [...]

**Describe the solution you'd like**
A clear and concise description of what you want to happen.

**Describe alternatives you've considered**
A clear and concise description of any alternative solutions or features you've considered.

**Additional context**
Add any other context or screenshots about the feature request here.
",1.0
ripaglobal/omniauth-azure-activedirectory-v2,"
**Is your feature request related to a problem? Please describe.**
A clear and concise description of what the problem is. Ex. I'm always frustrated when [...]

**Describe the solution you'd like**
A clear and concise description of what you want to happen.

**Describe alternatives you've considered**
A clear and concise description of any alternative solutions or features you've considered.

**Additional context**
Add any other context or screenshots about the feature request here.
",1.0
amoebelabs/swiss-army-knife-card,"
<!--
Please present a concise description of the problem to be addressed by this feature request. Please be clear about what parts of the problem are considered to be in-scope and out-of-scope.)
-->

## The Problem To Be Solved

### Additional background:

### Related Issues (if any)

<!--
A concise description of your preferred solution. Things to address include:

Details of the technical implementation
Tradeoffs made in design decisions
Caveats and considerations for the future
If there are multiple solutions, please present each one separately. Save comparisons for the very end.)-->

## (Optional): Suggested Solution

## (Optional): Alternative Solutions
",1.0
omar-belghaouti/react-help-create,"
**Is your feature request related to a problem? Please describe.**
A clear and concise description of what the problem is. Ex. I'm always frustrated when [...]

**Describe the solution you'd like**
A clear and concise description of what you want to happen.

**Describe alternatives you've considered**
A clear and concise description of any alternative solutions or features you've considered.

**Additional context**
Add any other context or screenshots about the feature request here.
",1.0
flower-os/flower,"
**Describe the bug**
A clear and concise description of what the bug is.

**To Reproduce**
Steps to reproduce the behavior:
1. Go to '...'
2. Click on '....'
3. Scroll down to '....'
4. See error

**Expected behavior**
A clear and concise description of what you expected to happen.

**Screenshots**
If applicable, add screenshots to help explain your problem.

**Platform**
Whichever platform was used to test the bug. E.g QEMU, Virtualbox, real Lenovo laptop.

**Additional context**
Add any other context about the problem here.
",1.0
secondmind-labs/trieste,"
**Describe the feature you'd like**
A clear and concise description of what you want to happen.

**Is your feature request related to a problem? Please describe.**
A clear and concise description of what the problem is.

**Describe alternatives you've considered**
A clear and concise description of any alternative solutions or features you've considered.

**Additional context**
Add any other context about the feature request here.
",1.0
danielroe/sanity-typed-queries,"
**📚 Is your documentation request related to a problem? Please describe.**
A clear and concise description of what the problem is. Ex. I feel I should be able to [...] but I can't see how to do it from the docs.

**🔍 Where should you find it?**
What page of the docs do you expect this information to be found on?

**ℹ️ Additional context**
Add any other context or information.
",1.0
theheraldproject/herald-for-ios,"
**Please start with a use case description for a USER of this enhancement**

[Who]  As a ????? [e.g. Developer / App user]

[What] I need to ??? [e.g. see a list of venues]

[Value] In order to achieve ??? and/or realise ??? benefit

**Describe the potential solution you'd like**

A clear and concise description of what you want to happen within Herald.

**Describe alternatives you've considered**

A clear and concise description of any alternative solutions or features you've considered.

**Additional context**

Add any other context or screenshots about the feature request here.

**Relative priority**

Please give an indication of a relative priority for this enhancement.
",1.0
andnixsh/il2cppdumper-gui,"
Note: if you do not provide all of the following information I will directly ignore and close this issue

- Il2CppDumper version

- Target Unity version

- Describe the issue

- Upload executable file and global-metadata.dat
",5.0
freezeyou/freezeyou,"
**Please describe if the feature request related to an issue**
A clear and concise description of what the problem is.

**Describe the solution you'd like**
A clear and concise description of what you want to happen.

**Additional context**
Add any other context or screenshots about the feature request here.
",1.0
erezrokah/aws-testing-library,"
**Is your feature request related to a problem? Please describe.**
A clear and concise description of what the problem is. Ex. I'm always frustrated when [...]

**Describe the solution you'd like**
A clear and concise description of what you want to happen.

**Describe alternatives you've considered**
A clear and concise description of any alternative solutions or features you've considered.

**Additional context**
Add any other context or screenshots about the feature request here.
",1.0
darklinkpower/harmony,"
**Describe the solution you'd like**
A clear and concise description of what you want to happen or be implemented.

**Screenshots**
If applicable, add screenshots to help explain your problem.
",1.0
softmaple/editor,"

",1.0
teddy-gustiaux/default-bookmark-folder,"
# This is a Question

**Description**
What is your question? What would you need help with?

**Additional context**
Add any other context or screenshots about your question here.
",1.0
aniket762/playground,"
**Is your feature request related to a problem? Please describe.**
A clear and concise description of what the problem is. Ex. I'm always frustrated when [...]

**Describe the solution you'd like**
A clear and concise description of what you want to happen.

**Describe alternatives you've considered**
A clear and concise description of any alternative solutions or features you've considered.

**Additional context**
Add any other context or screenshots about the feature request here.
",1.0
idealeer/xmap,"
**Describe the bug**
A clear and concise description of what the bug is.

**To Reproduce**
Steps to reproduce the behavior:
1. Go to '...'
2. Click on '....'
3. Scroll down to '....'
4. See error

**Expected behavior**
A clear and concise description of what you expected to happen.

**Screenshots**
If applicable, add screenshots to help explain your problem.

**Desktop (please complete the following information):**
- OS: [e.g. iOS]
- Browser [e.g. chrome, safari]
- Version [e.g. 22]

**Smartphone (please complete the following information):**
- Device: [e.g. iPhone6]
- OS: [e.g. iOS8.1]
- Browser [e.g. stock browser, safari]
- Version [e.g. 22]

**Additional context**
Add any other context about the problem here.
",1.0
palkan/active_delivery,"
## Is your feature request related to a problem? Please describe.

A clear and concise description of what the problem is. Ex. I'm always frustrated when [...]

## Describe the solution you'd like

A clear and concise description of what you want to happen.

## Describe alternatives you've considered

A clear and concise description of any alternative solutions or features you've considered.

## Additional context

Add any other context or screenshots about the feature request here.
",1.0
smallstep/step-sds,"
### Subject of the issue
Describe your issue here

### Environment
* Kubernetes version:
* Cloud provider or hardware configuration:
* OS (e.g., from /etc/os-release):
* Kernel (e.g., `uname -a`):
* Install tools:
* Other:

### Steps to reproduce
Tell us how to reproduce this issue

### Expected behaviour
Tell us what should happen

### Actual behaviour
Tell us what happens instead

### Additional context
Add any other context about the problem here
",1.0
jumpper/jumpper,"
**Describe the bug**
A clear and concise description of what the bug is.

**To Reproduce**
Steps to reproduce the behavior:
1. Go to '...'
2. Click on '....'
3. Scroll down to '....'
4. See error

**Expected behavior**
A clear and concise description of what you expected to happen.

**Screenshots**
If applicable, add screenshots to help explain your problem.

**Desktop (please complete the following information):**
- OS: [e.g. iOS]
- Browser [e.g. chrome, safari]
- Version [e.g. 22]

**Smartphone (please complete the following information):**
- Device: [e.g. iPhone6]
- OS: [e.g. iOS8.1]
- Browser [e.g. stock browser, safari]
- Version [e.g. 22]

**Additional context**
Add any other context about the problem here.
",1.0
duguying/parsing-techniques,"
- 章节 [如: 1.3]
",1.0
ctreffs/swiftimgui,"
<!--
Thanks for contributing to this project!

Before you submit your issue, please replace the paragraphs
below with information about your proposed feature.
-->

### Feature request

*Replace this paragraph with a description of your proposed feature.
A clear and concise description of what the idea or problem is you want to solve.
Please be sure to describe some concrete use cases for the new feature -- be as specific as possible.
Provide links to existing issues or external references/discussions, if appropriate.*

### Describe the solution you'd like

*A clear and concise description of what you want to happen.*

### Describe alternatives you've considered

*A clear and concise description of any alternative solutions or features you've considered.*

### Additional context

*Add any other context or screenshots about the feature request here.*
",1.0
bpmn-io/bpmn-js-token-simulation-plugin,"

__What should we do?__

<!-- Clearly describe the activity we should carry out. -->


__Why should we do it?__

<!-- Argue why doing it is a healthy investment of our time. -->
",1.0
danielpaulus/go-ios,"
**Describe the bug**
A clear and concise description of what the bug is.

**To Reproduce**
Steps to reproduce the behavior:
1. Go to '...'
2. Click on '....'
3. Scroll down to '....'
4. See error

**Expected behavior**
A clear and concise description of what you expected to happen.

**Screenshots**
If applicable, add screenshots to help explain your problem.

**Desktop (please complete the following information):**
- OS: [e.g. iOS]
- Browser [e.g. chrome, safari]
- Version [e.g. 22]

**Smartphone (please complete the following information):**
- Device: [e.g. iPhone6]
- OS: [e.g. iOS8.1]
- Browser [e.g. stock browser, safari]
- Version [e.g. 22]

**Additional context**
Add any other context about the problem here.
",1.0
pjk/libcbor,"
**Describe the bug**
A clear and concise description of what the bug is.

**To Reproduce**
Steps to reproduce the behavior. If possible, please attach a runnable code snippet.

**Expected behavior**
A clear and concise description of what you expected to happen.

**Environment**
<|Repo_Name|> version and build configuration flags (or source package version if using a package manager).
",1.0
mikaelacaron/brain-marks,"
## Describe the feature you want the app to have that it currently doesn't
* A clear and concise description of what you want to happen.

## Describe alternatives you've considered
* A clear and concise description of any alternative solutions or features you've considered.

## Additional context
* Add any other context or screenshots about the feature request here.
",1.0
capacitor-community/contacts,"
**Describe the bug**
A clear and concise description of what the bug is.

**To Reproduce**
Steps to reproduce the behavior:
1. Go to '...'
2. Click on '....'
3. Scroll down to '....'
4. See error

**Expected behavior**
A clear and concise description of what you expected to happen.

**Screenshots**
If applicable, add screenshots to help explain your problem.

**Desktop (please complete the following information):**
- OS: [e.g. iOS]
- Browser [e.g. chrome, safari]
- Version [e.g. 22]

**Smartphone (please complete the following information):**
- Device: [e.g. iPhone6]
- OS: [e.g. iOS8.1]
- Browser [e.g. stock browser, safari]
- Version [e.g. 22]

**Additional context**
Add any other context about the problem here.
",1.0
telefonica/mistica-web,"
**Describe the bug** A clear and concise description of what the bug is.

**To Reproduce** Steps to reproduce the behavior:

1. Go to '...'
2. Click on '....'
3. Scroll down to '....'
4. See error

**Expected behavior** A clear and concise description of what you expected to happen.

**Screenshots** If applicable, add screenshots to help explain your problem.

**Desktop (please complete the following information):**

- OS: [e.g. iOS]
- Browser [e.g. chrome, safari]
- Version [e.g. 84]

**Smartphone (please complete the following information):**

- Device: [e.g. iPhone11]
- OS: [e.g. iOS13]
- Browser [e.g. stock browser, safari]
- Version [e.g. 84]

**Additional context** Add any other context about the problem here.
",1.0
acmutd/hackportal,"
# Overview

[In a few sentences, this feature and the motivation behind it. What problems/
issues will this feature solve/address?]

# Proposal

[Outline all tasks that need to be completed for this issue to be resolved. Feel
free to create additional issues and link them here if the scope if this issue
is large.]

# Supplemental Information

[Provide images or architecture diagrams of this new feature. Features with a
larger scope must include diagrams or detailed descriptions to describe how they
function. User-facing UI/UX must include mock-ups and descriptions to explain
how they function.]
",1.0
labext/labext,"
**Is your feature request related to a problem? Please describe.**
A clear and concise description of what the problem is. Ex. I'm always frustrated when [...]

**Who will benefit from the feature?**
Will this fix a problem that only you have, or will it benefit a lot of people?

**Describe the solution you'd like**
A clear and concise description of what you want to happen. Don't be afraid to compare to other software if you see something solved well somewhere else.

**Describe alternatives you've considered**
A clear and concise description of any alternative solutions or features you've considered.

**Additional context**
Add any other context or screenshots about the feature request here.
",1.0
devgossips/linktree,"
**Is your feature request related to a problem? Please describe.**
A clear and concise description of what the problem is. Ex. I'm always frustrated when [...]

**Describe the solution you'd like**
A clear and concise description of what you want to happen.

**Describe alternatives you've considered**
A clear and concise description of any alternative solutions or features you've considered.

**Additional context**
Add any other context or screenshots about the feature request here.
",1.0
boldbrowser/bold-browser,"
*IMPORTANT: Please ensure you have read <|URL|> before continuing*
",1.0
web3j/solidity-gradle-plugin,"

# _Issue_title_
_A clear and concise description of what the issue is._


## _Issue_description_
_Please describe what are you trying to do and why it doesn't work_


## _Issue_context_
_Please provide additional information that might be helpful_

",1.0
contributor-assistant/github-action,"
**Is your feature request related to a problem? Please describe.**
A clear and concise description of what the problem is. Ex. I'm always frustrated when [...]

**Describe the solution you'd like**
A clear and concise description of what you want to happen.

**Describe alternatives you've considered**
A clear and concise description of any alternative solutions or features you've considered.

**Additional context**
Add any other context or screenshots about the feature request here.
",1.0
goodchemistryco/tangelo,"
# Issue: Feature Request

Bugs should be issued using the `Bug Report` template. Please post your general questions on [stackexchange](<|URL|>) and put the tag `<|Repo_Name|>` for visibility reasons.

**What problem does this feature request help you overcome? Please describe.**
A clear and concise description of what the problem is. Ex: I'm always frustrated when [...]

**Describe the solution you'd like**
What should it take as input and output ? What kind of interface seems satisfying ?

**Describe alternatives you've considered**
A clear and concise description of any alternative solutions or features you've considered.

**Additional context**
Add any other context or screenshots about the feature request here.
",1.0
userstyles-world/userstyles.world,"
**Describe the change you'd like**:

**Additional context**:

",1.0
jojo2357/music-discord-rich-presence,"
Note this is just for suggestions you can make this whatever you like.

**Is your feature request related to a problem? Please describe.**
A clear and concise description of what the problem is. Ex. I'm always frustrated when [...]

**Describe the solution you'd like**
A clear and concise description of what you want to happen.

**Describe alternatives you've considered**
A clear and concise description of any alternative solutions or features you've considered.

**Additional context**
Add any other context or screenshots about the feature request here.
",1.0
wikia/discreetly,"
**Describe the bug**
A clear and concise description of what the bug is.

**To Reproduce**
Steps to reproduce the behavior:
1. Go to '...'
2. Click on '....'
3. Scroll down to '....'
4. See error

**Expected behavior**
A clear and concise description of what you expected to happen.

**Screenshots**
If applicable, add screenshots to help explain your problem.

**Desktop (please complete the following information):**
- OS: [e.g. iOS]
- Browser [e.g. chrome, safari]
- Version [e.g. 22]

**Smartphone (please complete the following information):**
- Device: [e.g. iPhone6]
- OS: [e.g. iOS8.1]
- Browser [e.g. stock browser, safari]
- Version [e.g. 22]

**Additional context**
Add any other context about the problem here.
",1.0
apollon77/iobroker.daikin,"
**Describe the bug**
A clear and concise description of what the bug is.

**To Reproduce**
Steps to reproduce the behavior:
1. Go to '...'
2. Click on '...'
3. Scroll down to '....'
4. See error

**Expected behavior**
A clear and concise description of what you expected to happen.

**Screenshots & Logfiles**
If applicable, add screenshots and logfiles to help explain your problem.

**Versions:**
- Adapter version: <adapter-version>
- JS-Controller version: <js-controller-version> <!-- determine this with `iobroker -v` on the console -->
- Node version: <node-version> <!-- determine this with `node -v` on the console -->
- Operating system: <os-name>

**Additional context**
Add any other context about the problem here.
",1.0
hapify/hapify,"
**Describe the bug**
A clear and concise description of what the bug is.

**To Reproduce**
Steps to reproduce the behavior:
1. Go to '...'
2. Click on '....'
3. Scroll down to '....'
4. See error

**Expected behavior**
A clear and concise description of what you expected to happen.

**Screenshots**
If applicable, add screenshots to help explain your problem.

**Desktop (please complete the following information):**
- OS: [e.g. iOS]
- Browser [e.g. chrome, safari]
- Version [e.g. 22]

**Smartphone (please complete the following information):**
- Device: [e.g. iPhone6]
- OS: [e.g. iOS8.1]
- Browser [e.g. stock browser, safari]
- Version [e.g. 22]

**Additional context**
Add any other context about the problem here.
",1.0
regosen/gapless-5,"
**Describe the bug**
A clear and concise description of what the bug is.  *Please create a separate issue for each bug.*  We can't keep track of multiple bugs within the same issue.

**Debug output**
To help us investigate, please initialize Gapless5 with `{ logLevel: LogLevel.Debug }`, reproduce the bug, and then paste the JS console output here:
",1.0
jellybellydev/imageorientationfix,"
### Feature Request

<!-- Fill in the relevant information below to help triage your issue. -->

|    Q        |   A
|------------ | ------
| New Feature | yes
| RFC         | yes/no
| BC Break    | yes/no

#### Summary

<!-- Provide a summary of the feature you would like to see implemented. -->

",1.0
bradleya/markit,"
**Tell us about your feature request:**
A clear and concise description of what you want to happen or the change you would like to see.  Use a use case to describe how a person would actually use your request to accomplish a goal. Thank you.

->

**Describe how your feature request could work:**
Steps to demonstrate your feature request.
1. Go to ->
2. Enter/Click on ->
3. Select/Scroll-Down to ->

**How are you currently working without your feature request?**
A description of any alternative solutions or features you've considered or are using today.

->

**Version:**
- OS ( lsb_release -a ; Ubuntu 14.04  Ubuntu 16.04  Ubuntu 20.04 )

->

- Command: ( check-<|Repo_Name|> 4.1.4.803 2020-08-29T22:25:47.061044-05:00 (CDT) <|URL|> master uadmin )

->
",1.0
tuvovan/nhdrrnet,"
**Is your feature request related to a problem? Please describe.**
A clear and concise description of what the problem is. Ex. I'm always frustrated when [...]

**Describe the solution you'd like**
A clear and concise description of what you want to happen.

**Describe alternatives you've considered**
A clear and concise description of any alternative solutions or features you've considered.

**Additional context**
Add any other context or screenshots about the feature request here.
",1.0
napalm-automation-community/napalm-panos,"
### Environment
* <|Repo_Name|> version:  <!-- Example: 1.0.0 -->

<!--
Describe in detail the new functionality you are proposing.
-->
### Proposed Functionality

<!--
Convey an example use case for your proposed feature. Write from the
perspective of a user who would benefit from the proposed
functionality and describe how.
--->
### Use Case
",1.0
vagabondhustler/subsearch,"
**Describe the bug**
A clear and concise description of what the bug is.

**To Reproduce**
Steps to reproduce the behavior:
1. Go to '...'
2. Click on '....'
3. Scroll down to '....'
4. See error

**Expected behavior**
A clear and concise description of what you expected to happen.

**Screenshots**
If applicable, add screenshots to help explain your problem.

**Desktop (please complete the following information):**
- OS: [e.g. window 10]
- Python version [e.g python311]
- Ran from [e.g source, pypi]
- media filename: [e.g foo.bar.the.movie.2022.1080p-foobar.mkv.]
- Version [e.g. 22]

**Additional context**
Add any other context about the problem here.
",1.0
hashicorp/terraform-provider-kubernetes-alpha,"
<!---
Hi, please provide as much information as possible when asking your question.
Please understand that we make a best effort attempt to address questions, but our focus is on provider development. It's still valuable to ask your question because you may receive help from the community, and help us understand common asks.
-->

If you prefer, you can also ask your question in the Kubernetes community Slack channel [#terraform-providers](<|URL|>). ([Sign up here](<|URL|>))

## Terraform version, Kubernetes provider version and Kubernetes version
```
<|Code|>
```
## Terraform configuration
```hcl
<|Code|>
```

## Question
```
<|Code|>
```
",5.0
rastapasta/mapscii,"
--------------^ Click “Preview”!

If you have a support question, feel free to ask it here.

Before submitting a new question, make sure you:

- Searched opened and closed [GitHub issues](<|URL|>).
- Read [the introduction](<|URL|>).
- Read [the wiki article](<|URL|>).
",5.0
nitreojs/puregram,"
## The bug
A clear and concise description of what the bug is.

## Steps to reproduce
Steps to reproduce the behavior:
1.
2.
3.
4.

## Expected behavior
A clear and concise description of what you expected to happen.

## Screenshots
If applicable, add screenshots to help explain your problem.

## Environment
| package          | version |
| :--------------: | :-----: |
| `@<|Repo_Name|>/hear` | `X.Y.Z` |
| `node`           | `X.Y.Z` |
| `TypeScript`     | `X.Y.Z` |
| `yarn` or `npm`  | `X.Y.Z` |

## Additional context
Add any other context about the problem here.
",1.0
shellscape/webpack-log,"
<!--
⚡️ katchow! We 💛 issues.

Please - do not - remove this template.
Please - do not - skip or remove parts of this template.
Or your issue may be closed.

👉🏽 Need help or support? Open a SUPPORT issue instead.
-->

- Webpack Version:
- Operating System (or Browser):
- Node Version:
- <|Repo_Name|> Version:

### How Do We Reproduce?

<!--
Issues without minimal reproductions will be closed! Please provide one by:
2. Work to isolate the problem and provide the exact steps in this issue, or
3. Provide a minimal repository link (Read <|URL|> for instructions). These may take more time to triage than the other options.
-->


### Expected Behavior


### Actual Behavior

<!--
The situation may arise where some small code snippets also need to be provided. In that situation, please add your code below using Fenced Code Blocks (<|URL|>)
-->
",5.0
razerms/mobile-xdk-razerms_flutter_beta,"
**Is your feature request related to a problem? Please describe.**
A clear and concise description of what the problem is. Ex. I'm always frustrated when [...]

**Describe the solution you'd like**
A clear and concise description of what you want to happen.

**Describe alternatives you've considered**
A clear and concise description of any alternative solutions or features you've considered.

**Additional context**
Add any other context or screenshots about the feature request here.
",1.0
megadose/holehe,"
**Describe the bug**
A clear and concise description of what the bug is.

**To Reproduce**
Steps to reproduce the behavior:
1. Go to '...'
2. Click on '....'
3. Scroll down to '....'
4. See error

**Expected behavior**
A clear and concise description of what you expected to happen.

**Screenshots**
If applicable, add screenshots to help explain your problem.

**Desktop (please complete the following information):**
- OS: [e.g. iOS]
- Browser [e.g. chrome, safari]
- Version [e.g. 22]

**Smartphone (please complete the following information):**
- Device: [e.g. iPhone6]
- OS: [e.g. iOS8.1]
- Browser [e.g. stock browser, safari]
- Version [e.g. 22]

**Additional context**
Add any other context about the problem here.
",1.0
polarismesh/spring-boot-polaris,"
**Describe the bug**
A clear and concise description of what the bug is.

**To Reproduce**
Steps to reproduce the behavior.

**Expected behavior**
A clear and concise description of what you expected to happen.

**Environment**
- Version: [e.g. v1.0.0]
- OS: [e.g. CentOS8]

**Additional context**
Add any other context about the problem here.
",1.0
lmachens/photoplay,"
#### Description

A clear and concise description of what the issue is about.

#### Screenshots

If necessary Screenshot here

#### To Reproduce

If this issue is describing a bug, include some steps to reproduce the behavior.

#### Tasks

Include specific tasks in the order they need to be done in. Include links to specific lines of code where the task should happen at.

- [ ] Task 1
- [ ] Task 2
- [ ] Task 3
",1.0
surfstudio/ios-utils,"
**Describe the bug**
A clear and concise description of what the bug is.

**To Reproduce**
Steps to reproduce the behavior:
1. Go to '...'
2. Click on '....'
3. Scroll down to '....'
4. See error

**Expected behavior**
A clear and concise description of what you expected to happen.

**Screenshots**
If applicable, add screenshots to help explain your problem.

**Library version and device type**
- iOS version: [e.g. 14.0]
- device type: [e.g. iPhone 6+]
- Version [e.g. 1.0.0]

**Additional context**
Add any other context about the problem here.
",1.0
kfcoding/gitcourse,"<!-- Please only use this template for submitting enhancement requests -->

**What would you like to be added**:

**Why is this needed**:
",1.0
nirrius/keywork,"
## What is your suggestion?

## How will this improve the docs?

## Are you interested in submitting a PR for this?
",1.0
fscdev/vkwave,"
## Чеклист

- [ ] Я убедился, что похожая проблема еще не была описана

- <|Repo_Name|> установлен из (выберите один вариант)
- [ ] PyPI
- [ ] Github

## Описание

<!-- Максимально подробно опишите вашу проблему -->

## Трейсбек (лог с ошибкой)

<!-- Вставьте в поле ниже полный текст выброшенного исключения-->

```python

```

## Код, вызвающий ошибку

```python

```
## Ожидаемое поведение

<!-- Опишите, что должно было произойти -->
",4.0
moloch--/leakdb,"
**Describe the bug**
A clear and concise description of what the bug is.

**To Reproduce**
Steps to reproduce the behavior:
1. Go to '...'
2. Click on '....'
3. Scroll down to '....'
4. See error

**Expected behavior**
A clear and concise description of what you expected to happen.

**Screenshots**
If applicable, add screenshots to help explain your problem.

**Desktop (please complete the following information):**
- OS: [e.g. iOS]
- Browser [e.g. chrome, safari]
- Version [e.g. 22]

**Smartphone (please complete the following information):**
- Device: [e.g. iPhone6]
- OS: [e.g. iOS8.1]
- Browser [e.g. stock browser, safari]
- Version [e.g. 22]

**Additional context**
Add any other context about the problem here.
",1.0
embarkstudios/skyhook,"
**Describe the bug**
A clear and concise description of what the bug is.

**To Reproduce**
Steps to reproduce the behavior:
1. Go to '...'
2. Click on '....'
3. Scroll down to '....'
4. See error

**Expected behavior**
A clear and concise description of what you expected to happen.

**Screenshots**
If applicable, add screenshots to help explain your problem.

**Device:**
- OS: [e.g. iOS]
- Browser [e.g. chrome, safari]
- Version [e.g. 22]

**Additional context**
Add any other context about the problem here.
",1.0
polarismesh/spring-boot-polaris,"

",1.0
w4ffl35/krita_stable_diffusion,"

",1.0
adriancitu/genericcsrffilter,"
**Describe the bug**
A clear and concise description of what the bug is.

**To Reproduce**
Steps to reproduce the behavior:
1. Go to '...'
2. Click on '....'
3. Scroll down to '....'
4. See error

**Expected behavior**
A clear and concise description of what you expected to happen.

**Screenshots**
If applicable, add screenshots to help explain your problem.

**Desktop (please complete the following information):**
- OS: [e.g. iOS]
- Browser [e.g. chrome, safari]
- Version [e.g. 22]

**Smartphone (please complete the following information):**
- Device: [e.g. iPhone6]
- OS: [e.g. iOS8.1]
- Browser [e.g. stock browser, safari]
- Version [e.g. 22]

**Additional context**
Add any other context about the problem here.
",1.0
odenktools/php-bca,"
**Describe the bug**
A clear and concise description of what the bug is.

**To Reproduce**
Steps to reproduce the behavior:
1. Go to '...'
2. Click on '....'
3. Scroll down to '....'
4. See error

**Expected behavior**
A clear and concise description of what you expected to happen.

**Screenshots**
If applicable, add screenshots to help explain your problem.

**Desktop (please complete the following information):**
- OS: [e.g. iOS]
- Browser [e.g. chrome, safari]
- Version [e.g. 22]

**Smartphone (please complete the following information):**
- Device: [e.g. iPhone6]
- OS: [e.g. iOS8.1]
- Browser [e.g. stock browser, safari]
- Version [e.g. 22]

**Additional context**
Add any other context about the problem here.
",1.0
pesos/grofer,"
**Is your feature request related to a problem? Please describe.**
A clear and concise description of what the problem is. Ex. I'm always frustrated when [...]

**Describe the solution you'd like**
A clear and concise description of what you want to happen.

**Describe alternatives you've considered if any**
A clear and concise description of any alternative solutions or features you've considered.

**Additional context**
Add any other context or screenshots about the feature request here.
",1.0
hackebrot/labels,"
Please note that **<|Repo_Name|>** is released with a [Contributor Code of Conduct][code of conduct]. By participating in this project you agree to abide by its terms.

[code of conduct]: <|URL|>

## Other

Would you like to propose a change to **<|Repo_Name|>**?

Did you encounter an issue and don't know if it's a bug?
",1.0
actix/actix-extras,"
Your issue may already be reported!
Please search on the [<|Repo_Name|> issue tracker](<|URL|>) before creating one.

## Expected Behavior
<!--- If you're describing a bug, tell us what should happen -->
<!--- If you're suggesting a change/improvement, tell us how it should work -->

## Current Behavior
<!--- If describing a bug, tell us what happens instead of the expected behavior -->
<!--- If suggesting a change/improvement, explain the difference from current behavior -->

## Possible Solution
<!--- Not obligatory, but suggest a fix/reason for the bug, -->
<!--- or ideas how to implement the addition or change -->

## Steps to Reproduce (for bugs)
<!--- Provide a link to a live example, or an unambiguous set of steps to -->
<!--- reproduce this bug. Include code to reproduce, if relevant -->
1.
2.
3.
4.

## Context
<!--- How has this issue affected you? What are you trying to accomplish? -->
<!--- Providing context helps us come up with a solution that is most useful in the real world -->

## Your Environment
<!--- Include as many relevant details about the environment you experienced the bug in -->

* Rust Version (I.e, output of `rustc -V`):
* Actix-* crate(s) Version:
",5.0
cosullivan/hypermedia,"
**Describe the bug**
A clear and concise description of what the bug is.

**Your Builder Configuration**
Please provide all of your configuration, so anything related to the Contract Builder.

**Expected behavior**
A clear and concise description of what you expected to happen.

**Data In**
If you can, provide examples of the data being input into the library.

This for instance, would be the result of running `curl <|URL|>

Don't forget to strip out identifying information. It would also help if you truncated large responses to only show a couple of relevant items.

**Data Out**
If you can, show us exactly what was produced.

This would, for instance, mean showing us the properties on an object that perhaps have not been set correctly.

**Additional context**
Add any other context about the problem here.
",1.0
laravel/nexmo-notification-channel,"
<!-- DO NOT THROW THIS AWAY -->
<!-- Fill out the FULL versions with patch versions -->

- Vonage Notification Channel Version: #.#.#
- Laravel Version: #.#.#
- PHP Version: #.#.#
- Database Driver & Version:

### Description:


### Steps To Reproduce:

<!-- If possible, please provide a GitHub repository to demonstrate your issue -->
<!-- laravel new bug-report --github=""--public"" -->
",4.0
purpleteam-labs/purpleteam,"
All questions should be directed to the GitHub discussions or <|Repo_Name|>-labs Slack.
Questions submitted through GitHub issues will be closed.

GitHub discussions
- <|URL|>

Slack
- <|URL|>

Slack invite
- DM us at <|URL|>

Providing as much detail as possible, what is your question?
",1.0
madlabsinc/teachcode,"
**Is your feature request related to a problem? Please describe.**
A clear and concise description of what the problem is. Ex. I'm always frustrated when [...]

**Describe the solution you'd like**
A clear and concise description of what you want to happen.

**Describe alternatives you've considered**
A clear and concise description of any alternative solutions or features you've considered.

**Additional context**
Add any other context or screenshots about the feature request here.
",1.0
thedevdojo/larasail,"
<!-- Before creating a bug report, try disabling browser extensions to see if the bug is still present. -->

### Describe the bug

<!-- A clear and concise description of what the bug is. -->

### To Reproduce

<!-- Steps to reproduce the behavior: -->

<!-- 1. Go to '...' -->
<!-- 2. Click on '....' -->
<!-- 3. Scroll down to '....' -->
<!-- 4. See error -->

### Expected behavior

<!-- A clear and concise description of what you expected to happen. -->

### Screenshots

<!-- If applicable, add screenshots to help explain your problem. -->

### Desktop

- OS:
- Browser:
- Version:

### Smartphone

- Device:
- OS:
- Browser:
- Version:

### Additional context

<!-- Add any other context about the problem or helpful links here. -->
",1.0
reichain/rei,"
#### System information

Geth version: `geth version`
OS & Version: Windows/Linux/OSX
Commit hash : (if `develop`)

#### Expected behaviour


#### Actual behaviour


#### Steps to reproduce the behaviour


#### Backtrace

````
<|Code|>
````

When submitting logs: please submit them as text and not screenshots.
",1.0
amaimersion/remove-files-webpack-plugin,"

<!--
Thank you very much for contributing by creating an issue!
As an open source project with busy owner, it can sometimes take a long time to response. Please be patient if needed :). Thanks!
-->


# Feature Request

<!-- Please provide a general summary of the issue in the title field. -->


## Summary

<!-- Clear and concise description of your idea. -->


## Implementation

<!-- How should your idea be implemented in your opinion? -->


## Description

<!-- Optional, but preferable. Detailed description of your idea. -->


## Examples

<!-- Optional, but preferable. Examples of your idea. -->


## Additional Information

<!-- Any other additional information. -->
",1.0
koltyakov/gosip,"

",1.0
alibaba/open-simulator,"
### Ⅰ. Issue Description


### Ⅱ. Describe what happened


### Ⅲ. Describe what you expected to happen


### Ⅳ. How to reproduce it (as minimally and precisely as possible)

1.
2.
3.

### Ⅴ. Anything else we need to know?
",1.0
labzero/bootleg,"
**Is your feature request related to a problem? Please describe.**
A clear and concise description of what the problem is. Ex. I'm always frustrated when [...]

**Describe the solution you'd like**
A clear and concise description of what you want to happen.

**Describe alternatives you've considered**
A clear and concise description of any alternative solutions or features you've considered.

**Additional context**
Add any other context or screenshots about the feature request here.
",1.0
erickzhao/static-html-webpack-boilerplate,"
**Describe the bug**
A clear and concise description of what the bug is.

**To Reproduce**
Steps to reproduce the behavior:
1. Go to '...'
2. Click on '....'
3. Scroll down to '....'
4. See error

**Expected behavior**
A clear and concise description of what you expected to happen.

**Screenshots**
If applicable, add screenshots to help explain your problem.

**Desktop (please complete the following information):**
- OS: [e.g. iOS]
- Browser [e.g. chrome, safari]
- Version [e.g. 22]

**Smartphone (please complete the following information):**
- Device: [e.g. iPhone6]
- OS: [e.g. iOS8.1]
- Browser [e.g. stock browser, safari]
- Version [e.g. 22]

**Additional context**
Add any other context about the problem here.
",1.0
newxrayr/xrayr,"
**描述该错误**
简单地描述一下这个bug是什么

**复现**
复现该bug的步骤

**环境和版本**
- 系统 [例如：Debian 11]
- 架构 [例如：AMD64]
- 面板 [例如：V2board 1.6.0]
- 协议 [例如：vmess]
- 版本 [例如：0.8.2.2]
- 部署方式 [例如：一键脚本]

**日志和错误**
请使用`<|Repo_Name|> log`查看并添加日志，以帮助解释你的问题

**额外的内容**
在这里添加关于问题的任何其他内容
",5.0
yonat/camerabackground,"
**Description:**
[description]

**Problems I encountered when trying to implement this myself:**
[if none, please submit a pull request.]
",1.0
freaker2k7/dockerserver,"
**Is your feature request related to a problem? Please describe.**
A clear and concise description of what the problem is. Ex. I'm always frustrated when [...]

**Describe the solution you'd like**
A clear and concise description of what you want to happen.

**Describe alternatives you've considered**
A clear and concise description of any alternative solutions or features you've considered.

**Additional context**
Add any other context or screenshots about the feature request here.
",1.0
drozmotix/iobroker.coronavirus-statistics,"
**!!! Before you start !!!**
1. Verify if there is not already an issue requesting the same
2. Is this really a bug of current code, or an enhancement request ?

**Describe the bug**
A clear and concise description of what the bug is.

**To Reproduce**
Steps to reproduce the behavior:
1. Go to '...'
2. Click on '...'
3. Scroll down to '....'
4. See error

**Expected behavior**
A clear and concise description of what you expected to happen.

**Screenshots & Logfiles**
If applicable, add screenshots and logfiles to help explain your problem.

**Versions:**
- Adapter version: <adapter-version>
- JS-Controller version: <js-controller-version> <!-- determine this with `iobroker -v` on the console -->
- Node version: <node-version> <!-- determine this with `node -v` on the console -->
- Operating system: <os-name>

**Additional context**
Add any other context about the problem here.
",5.0
onflow/flow-cadut,"
## Instructions

Please fill out the template below to the best of your ability.

### Issue To Be Solved

(Replace this text:
Please present a concise description of the problem to be addressed by this feature request.
Please be clear what parts of the problem are considered to be in-scope and out-of-scope.)

### (Optional): Suggest A Solution

(Replace this text: A concise description of your preferred solution. Things to address include:

* Details of the technical implementation
* Tradeoffs made in design decisions
* Caveats and considerations for the future

If there are multiple solutions, please present each one separately. Save comparisons for the very end.)

### (Optional): Context

(Replace this text:
What are you currently working on that this is blocking?)
",1.0
carpentries/trainers,"## Summary

## Key Questions

## Background

## Timeline


",1.0
nasa/to_lab,"
**Describe the bug**
A clear and concise description of what the bug is.

**To Reproduce**
Steps to reproduce the behavior:
1. Go to '...'
2. Click on '....'
3. Scroll down to '....'
4. See error

**Expected behavior**
A clear and concise description of what you expected to happen.

**Code snips**
If applicable, add references to the software.

**System observed on:**
- Hardware
- OS: [e.g. Linux 4.4]
- Versions [e.g. cFE 6.6, OSAL 4.2, PSP 1.3 for mcp750, any related apps]

**Additional context**
Add any other context about the problem here.

**Reporter Info**
Full name and company/organization if applicable
",1.0
graphql-java/java-dataloader,"
If you have a general question or seeking advice how to use something please create a new topic in our GitHub discussions forum: <|URL|> Thanks.
",5.0
centerforthebuiltenvironment/pythermalcomfort,"
**Is your feature request related to a problem? Please describe.**
A clear and concise description of what the problem is. Ex. I'm always frustrated when [...]

**Describe the solution you'd like**
A clear and concise description of what you want to happen.

**Describe alternatives you've considered**
A clear and concise description of any alternative solutions or features you've considered.

**Additional context**
Add any other context or screenshots about the feature request here.
",1.0
moyuscript/bilibili-api,"
**Python 版本：** 3.x

**模块版本：** x.x.x

**运行环境：** Windows / Linux

---

在此处写正文
",1.0
ionos-cloud/ionosctl,"
## Description
<!-- A clear and concise description of what the bug is. -->

## Expected behavior
<!-- A clear and concise description of what you expected to happen. -->

## Environment

Go Version:
```
```
<|Repo_Name|> version:
```
```
OS:
```
```
Shell:
```
```

## Configuration Files
<!-- could also be environment settings, e.g. LANG=de_DE -->

## How to Reproduce
<!--
Steps to reproduce the behavior:
1. Go to '...'
2. Execute `acme --emca template.xml`
3. ...
Might be omitted if there are no choices, eg. the single command is already in the description
-->

## Error and Debug Output
<!--
Add anything, that could help here.
You can increase the debug level by .. ' hello --whatsover=example`
-->

## Additional Notes
<!--
Add any other content about the problem here.
-->

## References
<!--
Add any other related issues or other links that you think are important for fixing the bug.
-->
",1.0
pdftron/webviewer-react-toolkit,"
### What is the feature you would like

<!-- Describe the feature here -->

### Additional context

<!-- Post any links to designs or add more information -->
",1.0
voxeet/voxeet-sdk-ios,"
**Describe the bug**

[A clear and concise description of what the bug is.]

**Expected Behaviour**

[Describe the expected behaviour of the feature.]

**Steps to Reproduce the Problem**

1. Go to...
2. Click...
3. See the...

**Minimalistic code (recommended)**

[Please provide a link to a repository showing specifically the issue. It should only have the minimal footprint of your own implementation - something which does not requires any NDA.]

**Specifications**

- Device: [e.g. iPhone6]
- OS: [e.g. iOS8.1]
- Platform: [e.g. Android, iOS, Chrome, ...]
- Subsystem: [e.g. n.a., CyanogenMod, ...]
- Version:
- _for each libraries : name -> version_
- [e.g. <|Repo_Name|> 1.2.9]
- [e.g. voxeet-uxkit-ios 1.1.4]
- [e.g. kingfisher 5.1.0]
- [...]
- Hardware:
- _list of each specific hardware element on the system_
- [e.g. bluetooth headset]
- [e.g. bluetooth speaker]
- [...]
",1.0
renomureza/quran-api-id,"
**Apakah permintaan fitur Anda terkait dengan masalah? Tolong jelaskan.**
Deskripsi yang jelas dan singkat tentang apa masalahnya.

**Jelaskan solusi yang Anda inginkan**
Sebuah deskripsi yang jelas dan ringkas tentang apa yang Anda inginkan terjadi.

**Jelaskan alternatif yang telah Anda pertimbangkan**
Deskripsi yang jelas dan ringkas tentang solusi atau fitur alternatif apa pun yang telah Anda pertimbangkan.

**Konteks tambahan**
Tambahkan konteks lain tentang permintaan fitur di sini.
",1.0
pyprojectx/pyprojectx,"
**Describe the bug**
A clear and concise description of what the bug is.

**To Reproduce**
Steps to reproduce the behavior

**Expected behavior**
A clear and concise description of what you expected to happen.

**Screenshots**
If applicable, add screenshots to help explain your problem.

**Desktop (please complete the following information):**
- Python  version:
- OS:

**Additional context**
Add any other context about the problem here.
",1.0
resultadosdigitais/bigtable-autoscaler-operator,"
<!--
Thank you for suggesting an idea to make this project better!

Please fill in as much of the template below as you’re able.
-->

### Feature Description

Provide a brief summary of the feature you would like to see.

### Problem

If the feature requests relates to a problem, please describe the problem you are trying to solve here.

### Expected behaviour

What should happen?  Please describe the desired behaviour.

### Alternatives

What are the alternative solutions? Please describe what else you have considered?
",5.0
doccano/auto-labeling-pipeline,"
How to reproduce the behaviour
---------
<!-- Before submitting an issue, make sure to check the docs and closed issues and FAQ to see if any of the solutions work for you. -->

<!-- Include a code example or the steps that led to the problem. Please try to be as specific as possible. -->

Your Environment
---------
<!-- Include details of your environment.-->
*   Operating System:
*   Python Version:
*   Package Version:
",1.0
rbaker26/sap1emu,"
**Description:**


**To-Do List**


**Definition of Done**

**Screenshots (optional)**

",1.0
metarhia/metasql,"
**Is your feature request related to a problem? Please describe.**
A clear and concise description of what the problem is. Ex. I'm always frustrated when [...]

**Describe the solution you'd like**
A clear and concise description of what you want to happen.

**Describe alternatives you've considered**
A clear and concise description of any alternative solutions or features you've considered.

**Additional context**
Add any other context or screenshots about the feature request here.
",1.0
koddr/tutorial-go-fiber-rest-api,"
**Required check list:**

- [x] I'm gonna mark the checkboxes like this.
- [ ] I didn't find in the repository's issues section similar bug.
- [ ] I understand, this is Open Source and not-for-profit product.
- [ ] This is not about third-party project, framework, package or technology.

**My environment:**

- OS (`uname -a`):
- Golang (`go version`):

**Describe the bug:**

<!-- A clear and concise description of what the bug is. -->

**Steps to reproduce the behavior:**

1. Go to ...
2. Click on ...
3. ...
4. See error

**Expected behavior:**

<!-- A clear and concise description of what you expected to happen. -->

**Screenshots:**

<!-- If applicable, add screenshots to help explain your problem. -->

**Additional context:**

<!-- Add any other context about the problem here. -->
",4.0
dev-sec/apache-baseline,"
**Is your feature request related to a problem? Please describe.**
A clear and concise description of what the problem is. Ex. I'm always frustrated when [...]

**Describe the solution you'd like**
A clear and concise description of what you want to happen.

**Describe alternatives you've considered**
A clear and concise description of any alternative solutions or features you've considered.

**Additional context**
Add any other context or screenshots about the feature request here.
",1.0
matteobad/focus-within-polyfill,"
**Is your feature request related to a problem? Please describe.**
A clear and concise description of what the problem is. Ex. I'm always frustrated when [...]

**Describe the solution you'd like**
A clear and concise description of what you want to happen.

**Describe alternatives you've considered**
A clear and concise description of any alternative solutions or features you've considered.

**Additional context**
Add any other context or screenshots about the feature request here.
",1.0
googlemaps/android-maps-compose,"
**PLEASE READ**

If you have a support contract with Google, please create an issue in the [support console](<|URL|>). This will ensure a timely response.

Discover additional support services for the Google Maps Platform, including developer communities, technical guidance, and expert support at the Google Maps Platform [support resources page](<|URL|>).

If your bug or feature request is not related to this particular library, please visit the Google Maps Platform [issue trackers](<|URL|>#issue_tracker).

Check for answers on StackOverflow with the [google-maps](<|URL|>) tag.

---
",1.0
monots/monots,"
### Summary

<!-- A brief summary of the problem. -->

### Steps to reproduce

<!-- All bug reports should include detailed steps to reproduce -->

### Expected results

<!-- Outline what you expected to see -->

### Actual results

<!-- Outline the actual results -->

### Additional context

<!-- Optionally provide additional context such as browser version / device etc... -->

### Possible Solution

<!--- Optionally suggest a fix or reason for the bug -->
",1.0
mrdemonwolf/share,"<!--🔅🔅🔅🔅🔅🔅🔅🔅🔅🔅🔅🔅🔅🔅🔅🔅🔅🔅🔅🔅🔅🔅🔅🔅🔅🔅🔅🔅🔅🔅🔅

Oh hi there! 😄

To expedite issue processing please search open and closed issues before submitting a new one.
Existing issues often contain information about workarounds, resolution, or progress updates.

🔅🔅🔅🔅🔅🔅🔅🔅🔅🔅🔅🔅🔅🔅🔅🔅🔅🔅🔅🔅🔅🔅🔅🔅🔅🔅🔅🔅🔅🔅🔅🔅🔅-->


# 🐞 bug report

### Affected Package
<!-- Can you pin-point one or more packages as the source of the bug? -->
<!-- ✍️edit: --> The issue is caused by package ....


### Is this a regression?

<!-- Did this behavior use to work in the previous version? -->
<!-- ✍️--> Yes, the previous version in which this bug was not present was: ....


### Description

<!-- ✍️--> A clear and concise description of the problem...

## 🔥 Exception or Error
<pre><code>
<!-- If the issue is accompanied by an exception or an error, please <|Repo_Name|> it below: -->
<!-- ✍️-->

</code></pre>


## 🌍  Your Environment

**NodeJS Version:**
<pre><code>
<!-- run `npm -v` and paste output below -->
<!-- ✍️-->

</code></pre>

**Anything else relevant?**
<!-- ✍️Is this a browser specific issue? If so, please specify the browser and version. -->

<!-- ✍️Do any of these matter: operating system, IDE, package manager, HTTP server, ...? If so, please mention it below. -->
",1.0
magiclabs/passport-magic,"
### ✅ Prerequisites

- [ ] Did you perform a cursory search of open issues? Is this bug already reported elsewhere?
- [ ] Are you running the latest SDK version?
- [ ] Are you reporting to the correct repository (`<|Repo_Name|>`)?

### 🐛 Description

[Description of the bug.]

### 🧩 Steps to Reproduce

1. [First Step]
2. [Second Step]
3. [and so on...]

### 🤔 Expected behavior

[What you expected to happen?]

### 😮 Actual behavior

[What actually happened? Please include any error stack traces you encounter.]

### 💻 Code Sample

[If possible, please provide a code repository, gist, code snippet or sample files to reproduce the issue.]

### 🌎 Environment

| Software         | Version(s) |
| ---------------- | ---------- |
| `<|Repo_Name|>` |
| Node             |
| `yarn`           |
| Operating System |
",1.0
availity/sdk-js,"
## 🚀 Feature request

### Current Behavior

<!-- A clear and concise description of what is the current behavior / use.  -->

### Desired Behavior

<!-- A clear and concise description of what you want to happen.  -->

### Suggested Solution

<!-- Suggest a solution that the community/maintainers/you may take to enable the desired behavior  -->

<!-- NOTE: Feature Requests without suggested solutions may not be addressed or treated with the same level of urgency as those that have suggested solutions. -->

### Who does this impact? Who is this for?

<!-- Who is this for? All users? TypeScript users? Beginners? Advanced? Yourself? People using X, Y, X, etc.? -->

### Describe alternatives you've considered

<!-- A clear and concise description of any alternative solutions or features you've considered.  -->

### Additional context

<!-- Add any other context or links about the feature request here. -->
",1.0
deeppatel234/react-context-devtool,"
**Describe the bug**
A clear and concise description of what the bug is.

**To Reproduce**
Steps to reproduce the behavior:
1. Go to '...'
2. Click on '....'
3. Scroll down to '....'
4. See error

**Expected behavior**
A clear and concise description of what you expected to happen.

**Screenshots**
If applicable, add screenshots to help explain your problem.

**Desktop (please complete the following information):**
- OS: [e.g. windows]
- Browser [e.g. chrome, safari]
- Version [e.g. 22]

**Additional context**
Add any other context about the problem here.
",1.0
blipranger/bdfr-html,"
## Description
A clear and concise description of what the bug is.

## Command
```
<|Code|>
```

## Environment (please complete the following information):
- OS: [e.g. Windows 10]
- Python version: [e.g. 3.9.4]
- Docker?

## Logs
```
<|Code|>
```
",1.0
tudorelu/pyjuque,"
**Describe the bug**
A clear and concise description of what the bug is.

**To Reproduce**
Steps to reproduce the behavior:
1. Go to '...'
2. Click on '....'
3. Scroll down to '....'
4. See error

**Expected behavior**
A clear and concise description of what you expected to happen.

**Screenshots**
If applicable, add screenshots to help explain your problem.

**Desktop (please complete the following information):**
- OS: [e.g. iOS]
- Browser [e.g. chrome, safari]
- Version [e.g. 22]

**Smartphone (please complete the following information):**
- Device: [e.g. iPhone6]
- OS: [e.g. iOS8.1]
- Browser [e.g. stock browser, safari]
- Version [e.g. 22]

**Additional context**
Add any other context about the problem here.
",1.0
hardlaugh/efficientdet-bifpn,"
**Describe the feature**

**Motivation**
A clear and concise description of the motivation of the feature.
Ex1. It is inconvenient when [....].
Ex2. There is a recent paper [....], which is very helpful for [....].

**Related resources**
If there is an official code release or third-party implementations, please also provide the information here, which would be very helpful.

**Additional context**
Add any other context or screenshots about the feature request here.
If you would like to implement the feature and create a PR, please leave a comment here and that would be much appreciated.
",1.0
jessej-samuel/spotipy,"
**Describe the bug**
A clear and concise description of what the bug is.

**To Reproduce**
Steps to reproduce the behavior:
1. Go to '...'
2. Click on '....'
3. Scroll down to '....'
4. See error

**Expected behavior**
A clear and concise description of what you expected to happen.

**Screenshots**
If applicable, add screenshots to help explain your problem.

**Desktop (please complete the following information):**
- OS: [e.g. iOS]
- Browser [e.g. chrome, safari]
- Version [e.g. 22]

**Smartphone (please complete the following information):**
- Device: [e.g. iPhone6]
- OS: [e.g. iOS8.1]
- Browser [e.g. stock browser, safari]
- Version [e.g. 22]

**Additional context**
Add any other context about the problem here.
",1.0
jkcoxson/jitstreamer,"
**Describe the bug**
A clear and concise description of what the bug is.
Ensure that you are running the server in debug mode to get clear logs (don't put `--release`)

This is an error hosting a <|Repo_Name|> server, not using the public instance. For user support, please visit the Discord server.

**To Reproduce**
Steps to reproduce the behavior:
1. Go to '...'
2. Click on '....'
3. Scroll down to '....'
4. See error

**Expected behavior**
A clear and concise description of what you expected to happen.

**Screenshots**
If applicable, add screenshots to help explain your problem.

**Server (please complete the following information):**
- OS: [e.g. Ubuntu 21]
- CPU Architecture [e.g. x86_64, aarch64]
- Rust version [e.g. 1.18]

**iPhone (please complete the following information):**
- Device: [e.g. iPhone6]
- OS: [e.g. iOS8.1]
- App: [e.g. DolphiniOS]

**Your server config file**

**Additional context**
Add any other context about the problem here.
",1.0
nedimf/maildroid,"
**Describe the bug**
A clear and concise description of what the bug is.

**To Reproduce**
Steps to reproduce the behavior:
1. Go to '...'
2. Click on '....'
3. Scroll down to '....'
4. See error

**Expected behavior**
A clear and concise description of what you expected to happen.

**Screenshots**
If applicable, add screenshots to help explain your problem.

**Desktop (please complete the following information):**
- OS: [e.g. iOS]
- Browser [e.g. chrome, safari]
- Version [e.g. 22]

**Smartphone (please complete the following information):**
- Device: [e.g. iPhone6]
- OS: [e.g. iOS8.1]
- Browser [e.g. stock browser, safari]
- Version [e.g. 22]

**Additional context**
Add any other context about the problem here.
",1.0
ladiaria/utopia-cms,"
**Describe the bug**
A clear and concise description of what the bug is.

**To Reproduce**
Steps to reproduce the behavior:
1. Go to '...'
2. Click on '....'
3. Scroll down to '....'
4. See error

**Expected behavior**
A clear and concise description of what you expected to happen.

**Screenshots**
If applicable, add screenshots to help explain your problem.

**Desktop (please complete the following information):**
- OS: [e.g. iOS]
- Browser [e.g. chrome, safari]
- Version [e.g. 22]

**Smartphone (please complete the following information):**
- Device: [e.g. iPhone6]
- OS: [e.g. iOS8.1]
- Browser [e.g. stock browser, safari]
- Version [e.g. 22]

**Additional context**
Add any other context about the problem here.
",1.0
custom-cards/decluttering-card,"
<!-- READ THIS FIRST:
- If you need additional help with this template please refer to <|URL|>
- Make sure you are running the latest version of Home Assistant before reporting an issue: <|URL|>
- Provide as many details as possible. Do not delete any text from this template!
-->

**Checklist:**

- [ ] I updated to the latest version available
- [ ] I cleared the cache of my browser

**Release with the issue:**

**Last working release (if known):**

**Browser and Operating System:**

<!--
Provide details about what browser (and version) you are seeing the issue in. And also which operating system this is on. If possible try to replicate the issue in other browsers and include your findings here.
-->

**Description of problem:**

<!--
Explain what the issue is, and how things should look/behave. If possible provide a screenshot with a description.
-->

**Javascript errors shown in the web inspector (if applicable):**

```

```

**Additional information:**
",5.0
aws/ota-for-aws-iot-embedded-sdk,"
**Is your feature request related to a problem? Please describe.**
A clear and concise description of what the problem is. Ex. I'm always frustrated when [...]

**Describe the solution you'd like**
A clear and concise description of what you want to happen.

**Describe alternatives you've considered**
A clear and concise description of any alternative solutions or features you've considered.

**Additional context**
Add any other context or screenshots about the feature request here.
",1.0
r0hi7/dockerent,"
**Is your feature request related to a problem? Please describe.**
A clear and concise description of what the problem is. Ex. I'm always frustrated when [...]

**Describe the solution you'd like**
A clear and concise description of what you want to happen. If you can share the command that can help me save some research time.

**Describe alternatives you've considered**
A clear and concise description of any alternative solutions or features you've considered.

**Additional context**
Add any other context or screenshots about the feature request here.
",1.0
weiming-hu/analogsensemble,"
**Describe the bug**
A clear and concise description of what the bug is.

**To Reproduce**
Steps to reproduce the behavior:
1. Go to '...'
2. Click on '....'
3. Scroll down to '....'
4. See error

**Expected behavior**
A clear and concise description of what you expected to happen.

**Screenshots**
If applicable, add screenshots to help explain your problem.

**Desktop (please complete the following information):**
- OS: [e.g. iOS]
- Browser [e.g. chrome, safari]
- Version [e.g. 22]

**Additional context**
Add any other context about the problem here.
",1.0
openmessaging/openchaos,"
**Describe the bug**
A clear and concise description of what the bug is.

**To Reproduce**
Steps to reproduce the behavior:
1. Go to '...'
2. Click on '....'
3. Scroll down to '....'
4. See error

**Expected behavior**
A clear and concise description of what you expected to happen.

**Screenshots**
If applicable, add screenshots to help explain your problem.

**Desktop (please complete the following information):**
- OS: [e.g. iOS]
- Browser [e.g. chrome, safari]
- Version [e.g. 22]

**Smartphone (please complete the following information):**
- Device: [e.g. iPhone6]
- OS: [e.g. iOS8.1]
- Browser [e.g. stock browser, safari]
- Version [e.g. 22]

**Additional context**
Add any other context about the problem here.
",1.0
craigary/nobelium,"
<!-- 中文用户请注意：请仔细阅读以下模版，如果不遵循模版，issue 将会被关闭。 -->
<!--
!!! IMPORTANT !!!
Please do not ignore this template. If you do, your issue will be closed.
-->

**Is your feature request related to a problem? Please describe.**
A clear and concise description of what the problem is. Ex. I'm always frustrated when [...]

**Describe the solution you'd like**
A clear and concise description of what you want to happen.

**Describe alternatives you've considered**
A clear and concise description of any alternative solutions or features you've considered.

**Additional context**
Add any other context or screenshots about the feature request here.
",1.0
perfomer/blitz,"
**Describe the bug**
A clear and concise description of what the bug is.

**To Reproduce**
Steps to reproduce the behavior:
1. Go to '...'
2. Click on '....'
3. Scroll down to '....'
4. See error

**Expected behavior**
A clear and concise description of what you expected to happen.

**Screenshots**
If applicable, add screenshots to help explain your problem.

**Smartphone (please complete the following information):**
- Device: [e.g. Honor 9 Lite]
- Android OS Version: [e.g. 9.1]
- <|Repo_Name|> Library Version [e.g. 1.0.2]

**Additional context**
Add any other context about the problem here.
",1.0
abelectronicsuk/abelectronics_python_libraries,"
**Describe the bug**
A clear and concise description of what the bug is.

**To Reproduce**
Steps to reproduce the behavior:
1. Go to '...'
2. Click on '....'
3. Scroll down to '....'
4. See error

**Expected behavior**
A clear and concise description of what you expected to happen.

**Screenshots**
If applicable, add screenshots to help explain your problem.

**Desktop (please complete the following information):**
- OS: [e.g. iOS]
- Browser [e.g. chrome, safari]
- Version [e.g. 22]

**Smartphone (please complete the following information):**
- Device: [e.g. iPhone6]
- OS: [e.g. iOS8.1]
- Browser [e.g. stock browser, safari]
- Version [e.g. 22]

**Additional context**
Add any other context about the problem here.
",1.0
onthegomap/planetiler,"
**Is your feature request related to a problem? Please describe.**
A clear and concise description of what the problem is. Ex. I'm always frustrated when [...]

**Describe the solution you'd like**
A clear and concise description of what you want to happen.

**Describe alternatives you've considered**
A clear and concise description of any alternative solutions or features you've considered.

**Additional context**
Add any other context or screenshots about the feature request here.
",1.0
mtripg6666tdr/discord-simplemusicbot,"
**新しい機能について説明してください**
",1.0
capacitor-community/twitter,"
**Is your feature request related to a problem? Please describe.**
A clear and concise description of what the problem is. Ex. I'm always frustrated when [...]

**Describe the solution you'd like**
A clear and concise description of what you want to happen.

**Describe alternatives you've considered**
A clear and concise description of any alternative solutions or features you've considered.

**Additional context**
Add any other context or screenshots about the feature request here.
",1.0
mageplaza/magento-2-security,"
<!---
Fields marked with (*) are required. Please don't remove the template.
-->

### Summary (*)
<!--- Describe the issue you are experiencing. Include general information, error messages, environments, and so on. -->

### Examples (*)
<!--- Provide code examples or a patch with a test (recommended) to clearly indicate the problem. -->

### Proposed solution
<!--- Suggest your potential solutions for this issue. -->
",1.0
gardener/etcd-druid,"
**Describe the bug:**
A clear and concise description of what the bug is.

**Expected behavior:**
A clear and concise description of what you expected to happen.

**How To Reproduce (as minimally and precisely as possible):**

**Logs:**

**Screenshots (if applicable):**


**Environment (please complete the following information):**
- Etcd version/commit ID :
- <|Repo_Name|> version/commit ID :
- Cloud Provider [All/AWS/GCS/ABS/Swift/OSS]:

**Anything else we need to know?**:
",1.0
casperklein/homeassistant-addons,"
**Add-on name**
Name the add-on in question.

**Describe the bug**
A clear and concise description of what the bug is.

**To Reproduce**
Steps to reproduce the behavior:
1. Go to '...'
2. Click on '....'
3. Scroll down to '....'
4. See error

**Expected behavior**
A clear and concise description of what you expected to happen.

**Screenshots**
If applicable, add screenshots to help explain your problem.

**Additional context**
Add any other context about the problem here.
",1.0
andrewthetechie/pydantic-pynamodb,"
**Is your feature request related to a problem? Please describe.**
A clear and concise description of what the problem is. Ex. I'm always frustrated when [...]

**Describe the solution you'd like**
A clear and concise description of what you want to happen.

**Describe alternatives you've considered**
A clear and concise description of any alternative solutions or features you've considered.

**Additional context**
Add any other context or screenshots about the feature request here.
",1.0
gotd/botapi,"
<!-- Please answer these questions before submitting your issue. Thanks! -->

### Description

<!--
What is the current status of the proposed feature? E.g. “Currently, it’s hard to do X with <|Repo_Name|>”.
What is the proposed solution? E.g. “I propose adding helper Y that does X”.
-->

### References

<!--
List any links that may be useful. E.g. docs from <|URL|>.
-->
",1.0
dsoftwareinc/fakeredis-py,"
**Is your feature request related to a problem? Please describe.**
A clear and concise description of what the problem is. Ex. I'm always frustrated when [...]

**Describe the solution you'd like**
A clear and concise description of what you want to happen.

**Describe alternatives you've considered**
A clear and concise description of any alternative solutions or features you've considered.

**Additional context**
Add any other context or screenshots about the feature request here.
",1.0
martins3/my-linux-config,"
- [ ] **Describe the bug**
A clear and concise description for the bug.
- [ ] **ccls --version**
- [ ] **nvim --version**
- [ ] **Operating System**
- [ ] **CocInfo**
- [ ] **checkhealth screenshot**
",1.0
nitinnair89/thehungryrecipeshtml,"
**Describe the bug**
A clear and concise description of what the bug is.

**To Reproduce**
Steps to reproduce the behavior:
1. Go to '...'
2. Click on '....'
3. Scroll down to '....'
4. See error

**Expected behavior**
A clear and concise description of what you expected to happen.

**Screenshots**
If applicable, add screenshots to help explain your problem.

**Desktop (please complete the following information):**
- OS: [e.g. iOS]
- Browser [e.g. chrome, safari]
- Version [e.g. 22]

**Smartphone (please complete the following information):**
- Device: [e.g. iPhone6]
- OS: [e.g. iOS8.1]
- Browser [e.g. stock browser, safari]
- Version [e.g. 22]

**Additional context**
Add any other context about the problem here.
",1.0
chillersanim/csharp-tools-for-unity3d,"
**Describe the bug**
A clear and concise description of what the bug is.

**To Reproduce**
Steps to reproduce the behavior:
1) Simple code example that triggers the bug
2) Arguments needed to run the code
3) Where does the bug happen
4) Exception output (if available)

**Expected behavior**
A clear and concise description of what you expected to happen.

**Actual behavior**
Where does it go wrong, which value is given instead of the correct one,

**Screenshots**
If applicable, add screenshots to help explain your problem.

**Unity (please complete the following information):**
- Version: [e.g. 2019.2]
- .Net setting [e.g. 3.5 equivalent, 4.5]
- OS [e.g. Windows, iOS, Ubuntu, ...]
- Target OS

**Additional context**
Add any other context about the problem here.
",1.0
parse-community/parse-server-gcs-adapter,"
### New Feature / Enhancement Checklist
<!--
Check every following box [x] before submitting your issue.
Click the ""Preview"" tab for better readability.
Thanks for contributing to Parse Platform!
-->

- [ ] I am not disclosing a [vulnerability](<|URL|>).
- [ ] I am not just asking a [question](<|URL|>).
- [ ] I have searched through [existing issues](<|URL|>).

### Current Limitation
<!-- Which current limitation is the feature or enhancement addressing? -->

### Feature / Enhancement Description
<!-- What is the concept of the functionality and how should it be implemented? -->

### Example Use Case
<!-- What is an example use case in steps (1. / 2. / 3. / etc.) that describes the functionality? -->

### Alternatives / Workarounds
<!-- Which alternatives or workarounds exist currently? -->

### 3rd Party References
<!-- Have you seen a similar functionality provided somewhere else? -->
",5.0
googleapis/proto3-json-serializer-nodejs,"
Thanks for stopping by to let us know something could be better!

**PLEASE READ**: If you have a support contract with Google, please create an issue in the [support console](<|URL|>) instead of filing on GitHub. This will ensure a timely response.

**Is your feature request related to a problem? Please describe.**
A clear and concise description of what the problem is. Ex. I'm always frustrated when [...]
**Describe the solution you'd like**
A clear and concise description of what you want to happen.
**Describe alternatives you've considered**
A clear and concise description of any alternative solutions or features you've considered.
**Additional context**
Add any other context or screenshots about the feature request here.
",5.0
mastercard/pkcs11-tools,"
**Describe the bug**
A clear and concise description of what the bug is.

**To Reproduce**
Steps to reproduce the behavior:
1. Go to '...'
2. Click on '....'
3. Scroll down to '....'
4. See error

**Expected behavior**
A clear and concise description of what you expected to happen.

**Screenshots**
If applicable, add screenshots to help explain your problem.

**Operating System (please complete the following information):**
- OS: [e.g. linux]
- Version [e.g. kernel version]

**Additional context**
Add any other context about the problem here.
",1.0
travispessetto/script-updater-for-php,"
**Is your feature request related to a problem? Please describe.**
A clear and concise description of what the problem is. Ex. I'm always frustrated when [...]

**Describe the solution you'd like**
A clear and concise description of what you want to happen.

**Describe alternatives you've considered**
A clear and concise description of any alternative solutions or features you've considered.

**Additional context**
Add any other context or screenshots about the feature request here.
",1.0
cyrus01337/invites,"
## What Were You Trying To Do?
Explanation goes here

## What Is The Problem?
Explanation goes here

## How Did You Come Across This?
Steps to reproduce the problem go here

## What Version Of <|URL|> Do You Have?
> (You can achieve this either by running `pip show <|URL|>` or, if you do not have access to your host's terminal for whatever reason and you have Jishaku installed, evaluate `print(discord.__version)` instead.)

<|URL|> version goes here
",1.0
nossas/slate-editor,"
**Describe the bug**
A clear and concise description of what the bug is.

**To Reproduce**
Steps to reproduce the behavior:
1. Go to '...'
2. Click on '....'
3. Scroll down to '....'
4. See error

**Expected behavior**
A clear and concise description of what you expected to happen.

**Screenshots**
If applicable, add screenshots to help explain your problem.

**Desktop (please complete the following information):**
- OS: [e.g. iOS]
- Browser [e.g. chrome, safari]
- Version [e.g. 22]

**Smartphone (please complete the following information):**
- Device: [e.g. iPhone6]
- OS: [e.g. iOS8.1]
- Browser [e.g. stock browser, safari]
- Version [e.g. 22]

**Additional context**
Add any other context about the problem here.
",1.0
elydre/ks2cpp,"
**Describe the bug**
A clear and concise description of what the bug is.

**To Reproduce**
Steps to reproduce the behavior:
1. Go to '...'
2. Click on '....'
3. Scroll down to '....'
4. See error

**Expected behavior**
A clear and concise description of what you expected to happen.

**Screenshots**
If applicable, add screenshots to help explain your problem.

**Desktop (please complete the following information):**
- OS: [e.g. iOS]
- Browser [e.g. chrome, safari]
- Version [e.g. 22]

**Smartphone (please complete the following information):**
- Device: [e.g. iPhone6]
- OS: [e.g. iOS8.1]
- Browser [e.g. stock browser, safari]
- Version [e.g. 22]

**Additional context**
Add any other context about the problem here.
",1.0
alleninstitute/volume-viewer,"
## Description

_A clear description of the bug_

## Expected Behavior

_What did you expect to happen instead?_

## Reproduction

_A minimal example that exhibits the behavior._

## Environment

_Any additional information about your environment. E.g. OS version, python version, browser etc._
",1.0
kisspeter/apifuzzer,"
**Describe the bug**

A clear and concise description of what the bug is.

**<|Repo_Name|> debug log**

Please provide the related <|Repo_Name|> debug log

**Related API definition**

Please provide only the minimal but valid API definition which causes the issue

**Software environment (please complete the following information):**

- OS:
- Python version:
- <|Repo_Name|> Version:

**Additional context**

Add any other context about the problem here.
",1.0
seaql/sea-orm-tutorial,"
<!--

Welcome! Thanks for suggesting features!

Do you want to ask a question? Are you looking for support?
Please ask us on
- Discord: <|URL|>
- GitHub Discussions: <|URL|>

Make sure you have a clear feature specification before open an issue. Alternatively, please start an ""Idea"" thread on GitHub Discussions and let's formulate the solution together.

-->

## Motivation

<!-- what is the use case? what is the expected outcome? -->

## Proposed Solutions

<!-- what are the proposed solutions? how it solve the problem or achieve the goal? -->

## Additional Information

<!-- any other additional information that might be helpful -->
",1.0
webankblockchain/wecross,"
**Describe the bug**
A clear and concise description of what the bug is.

**To Reproduce**
Steps to reproduce the behavior:
1. Download '...'
2. Run script '....'
3. Enter command '....'
4. Query information '....'

**Expected behavior**
A clear and concise description of what you expected to happen.

**Screenshots**
If applicable, add screenshots to help explain your problem.

**Desktop (please complete the following information):**
- OS: [e.g. Ubuntu, CentOS, MACOS]
- Runtime: [e.g. libc, java]
- Version [e.g. openjdk 1.8]

**Additional context**
Add any other context about the problem here.
",1.0
mics-lab/scyan,"

",1.0
marvinler/pypownet,"
**Is your feature request related to a problem? Please describe.**
A clear and concise description of what the problem is. Ex. I'm always frustrated when [...]

**Describe the solution you'd like**
A clear and concise description of what you want to happen.

**Describe alternatives you've considered**
A clear and concise description of any alternative solutions or features you've considered.

**Additional context**
Add any other context or screenshots about the feature request here.
",1.0
agoraio-community/ar-remote-support,"
**Is your feature request related to a problem? Please describe.**
A clear and concise description of what the problem is. Ex. I'm always frustrated when [...]

**Describe the solution you'd like**
A clear and concise description of what you want to happen.

**Describe alternatives you've considered**
A clear and concise description of any alternative solutions or features you've considered.

**Additional context**
Add any other context or screenshots about the feature request here.
",1.0
sasanlabs/vulnerableapp-facade,"
**Is your feature request related to a problem? Please describe.**
A clear and concise description of what the problem is. Ex. I'm always frustrated when [...]

**Describe the solution you'd like**
A clear and concise description of what you want to happen.

**Describe alternatives you've considered**
A clear and concise description of any alternative solutions or features you've considered.

**Additional context**
Add any other context or screenshots about the feature request here.

**Would you like to help fix this issue?**
Just say if you'd like to try and help fix this issue. We'll provide any advice and guidance you need.
",1.0
topfreegames/maestro,"
## Expected Behavior
<!--- Tell us what should happen -->

## Current Behavior
<!--- Tell us what happens instead of the expected behavior -->

## Steps to Reproduce
<!--- Provide a list of steps to do to reproduce the bug.  -->

## Possible Solution
<!--- Not obligatory, but suggest a fix/reason for the bug. -->

## Possible Implementation
<!--- Not obligatory, but suggest an idea for implementing addition or change -->

## Any other comments?
<!-- Any additional information that can help reviewers. -->
",1.0
tryshape/tryshape,"
**Is your feature request related to a problem? Please describe.**
A clear and concise description of what the problem is. Ex. I'm always frustrated when [...]

**Describe the solution you'd like**
A clear and concise description of what you want to happen.

**Describe alternatives you've considered**
A clear and concise description of any alternative solutions or features you've considered.

**Additional context**
Add any other context or screenshots about the feature request here.
",1.0
bboure/serverless-appsync-simulator,"
**Describe the bug**
A clear and concise description of what the bug is.

**To Reproduce**
Steps to reproduce the behavior

**Expected behavior**
A clear and concise description of what you expected to happen.

**Screenshots**
If applicable, add screenshots to help explain your problem.

**Additional context**
Add any other context about the problem here.
",1.0
wfcd/wfinfo,"
**Describe the bug**
A clear and concise description of what the bug is.

**To Reproduce**
Steps to reproduce the behavior:
1. Go to '...'
2. Click on '....'
3. Scroll down to '....'
4. See error

**Expected behavior**
A clear and concise description of what you expected to happen.

**Screenshots**
If applicable, add screenshots to help explain your problem.

**Desktop (please complete the following information):**
- OS: [e.g. W10]
- .NET version [e.g. 4.8]
- Version [e.g. v9.2.1]

**Smartphone (please complete the following information):**
- Device: [e.g. iPhone6]
- OS: [e.g. iOS8.1]
- Browser [e.g. stock browser, safari]
- Version [e.g. 22]

**Additional context**
Add any other context about the problem here.
",1.0
jugla/keyatome,"
**Is your feature request related to a problem? Please describe.**
A clear and concise description of what the problem is. Ex. I'm always frustrated when [...]

**Describe the solution you'd like**
A clear and concise description of what you want to happen.

**Describe alternatives you've considered**
A clear and concise description of any alternative solutions or features you've considered.

**Additional context**
Add any other context or screenshots about the feature request here.
",1.0
slashformotion/radioboat,"
**<|Repo_Name|> Version**
Include the output of `<|Repo_Name|> version -v ` in a block code

**Describe the bug**
A clear and concise description of what the bug is.

**To Reproduce**
Steps to reproduce the behavior:
1. Go to '...'
2. Click on '....'
3. Scroll down to '....'
4. See error

**Expected behavior**
A clear and concise description of what you expected to happen.

**Screenshots**
If applicable, add screenshots to help explain your problem.
Vids and GIFs are welcome.

**Information about my OS**
Please put the output of `uname --all` in the code block
**Additional context**
Add any other context about the problem here.
",1.0
mc2-project/opaque,"
<!-- < < < < < < < < < < < < < < < < < < < < < < < < < < < < < < < < < ☺
v                            ✰  Thanks for opening an issue! ✰
v    Before smashing the submit button please review the template.
v    Please also ensure that this is not a duplicate issue :)
☺ > > > > > > > > > > > > > > > > > > > > > > > > > > > > > > > > >  -->∂

## Summary of Bug

<!-- Concisely describe the issue -->

## Version

<!-- git commit hash or tagged version -->

## Steps to Reproduce

<!-- minimal working example -->
",1.0
czh098tom/luastg-editor-sharp,"
**操作平台**
bug发生平台
<!-- 如 QQ 或 Discord 以及其它任何相关平台 -->

**bug描述**
详细描述bug的内容
<!-- 越详细越好，这能帮助我更好的找到问题在哪 -->

**如何复现**
请详细且分布描述如何复现这个bug
<!-- 如果无法复现，请注明 -->

**错误截图或日志**
在这里提交错误日志或者截图
<!-- 可以没有，但是最好至少有张图 -->

**补充信息**
<!-- 如果有其它想要补充的信息，可以在这里填写 -->
",1.0
chaos-lang/chaos,"
Please consider asking the question with [`<|Repo_Name|>` tag on Stack Overflow](<|URL|>) before posting the question in here.
",1.0
openkh/openkh,"
**Is your feature request related to a bug already reported?**
If so, which one? If not, remove this section.

**Describe the solution you'd like**
A clear and concise description of what you want to happen.

**Describe alternatives you've considered**
A clear and concise description of any alternative solutions or features you've considered.

**Additional context**
Add any other context or screenshots about the feature request here.
",1.0
legacy-fabric/yarn,"
**Minecraft Version**
1.8.9

**Type**
Class / Field / Method / Parameter

**Describe where the element is**
State the affected element's type descriptor or describe where it is

**Description of the element**
Describe what the element does

**Expected name**
The expected name

**Additional Context**
Any additional information
",1.0
bithost-gmbh/pdfviewhelpers,"
**Is your feature request related to a problem? Please describe.**
A clear and concise description of what the problem is. Ex. I'm always frustrated when [...]

**Describe the solution you'd like**
A clear and concise description of what you want to happen.

**Describe alternatives you've considered**
A clear and concise description of any alternative solutions or features you've considered.

**Additional context**
Add any other context or screenshots about the feature request here.
",1.0
r0tenur/visualization,"
<!--- Provide a general summary of the issue in the Title above -->

## Expected Behavior
<!--- Tell us what should happen -->

## Current Behavior
<!--- Tell us what happens instead of the expected behavior -->

## Possible Solution
<!--- Not obligatory, but suggest a fix/reason for the bug, -->

## Steps to Reproduce
<!--- Provide a link to a live example, or an unambiguous set of steps to -->
<!--- reproduce this bug. Include code to reproduce, if relevant -->
1.
2.
3.
4.

## Context (Environment)
<!--- How has this issue affected you? What are you trying to accomplish? -->
<!--- Providing context helps us come up with a solution that is most useful in the real world -->

<!--- Provide a general summary of the issue in the Title above -->

## Detailed Description
<!--- Provide a detailed description of the change or addition you are proposing -->

## Possible Implementation
<!--- Not obligatory, but suggest an idea for implementing addition or change -->
",1.0
jiowchern/regulus,"
**Is your feature request related to a problem? Please describe.**
A clear and concise description of what the problem is. Ex. I'm always frustrated when [...]

**Describe the solution you'd like**
A clear and concise description of what you want to happen.

**Describe alternatives you've considered**
A clear and concise description of any alternative solutions or features you've considered.

**Additional context**
Add any other context or screenshots about the feature request here.
",1.0
hivemq/mqtt-cli,"
## Expected behavior

## Actual behavior

## To Reproduce
### Steps

### Reproducer code

## Details
- Affected MQTT CLI version(s):
- Used JVM version:
",1.0
cartodb/analytics-toolbox-core,"
**Describe the bug**
A clear and concise description of what the bug is.

**To Reproduce**
Steps to reproduce the behavior:
1. Use the cloud '...'
2. Run the query '....'
3. See error

**Expected behavior**
A clear and concise description of what you expected to happen.

**Screenshots**
If applicable, add screenshots to help explain your problem.

**Additional context**
Add any other context about the problem here.
",1.0
bradzacher/eslint-plugin-typescript,"
I'd like to propose a **new rule / change to an existing rule**.

**Description**

<!--
A clear and concise description of what you would like implemented.
Code samples can help immensely in describing painting a picture.
-->
",1.0
openyurtio/yurt-edgex-manager,"
<!-- Please use this template to ask question. Thanks!-->

**What happened**:

**What you expected to happen**:

**How to reproduce it (as minimally and precisely as possible)**:

**Anything else we need to know?**:

**Environment**:
- OpenYurt version:
- Kubernetes version (use `kubectl version`):
- OS (e.g: `cat /etc/os-release`):
- Kernel (e.g. `uname -a`):
- Install tools:
- Others:

**others**
/kind question
",1.0
aaronetz/signal-bot,"
**Is your feature request related to a problem? Please describe.**
A clear and concise description of what the problem is. Ex. I'm always frustrated when [...]

**Describe the solution you'd like**
A clear and concise description of what you want to happen.

**Describe alternatives you've considered**
A clear and concise description of any alternative solutions or features you've considered.

**Additional context**
Add any other context or screenshots about the feature request here.
",1.0
twisttaan/evie,"
**Is your feature request related to a problem? Please describe.**
A clear and concise description of what the problem is. Ex. I'm always frustrated when [...]

**Describe the solution you'd like**
A clear and concise description of what you want to happen.

**Describe alternatives you've considered**
A clear and concise description of any alternative solutions or features you've considered.

**Additional context**
Add any other context or screenshots about the feature request here.
",1.0
googleapis/nodejs-containeranalysis,"
Thanks for stopping by to let us know something could be better!

**PLEASE READ**: If you have a support contract with Google, please create an issue in the [support console](<|URL|>) instead of filing on GitHub. This will ensure a timely response.

1) Is this a client library issue or a product issue?
This is the client library for . We will only be able to assist with issues that pertain to the behaviors of this library. If the issue you're experiencing is due to the behavior of the product itself, please visit the [ Support page]() to reach the most relevant engineers.

2) Did someone already solve this?
- Search the issues already opened: <|URL|>
- Search the issues on our ""catch-all"" repository: <|URL|>
- Search or ask on StackOverflow (engineers monitor these tags): <|URL|>

3) Do you have a support contract?
Please create an issue in the [support console](<|URL|>) to ensure a timely response.

If the support paths suggested above still do not result in a resolution, please provide the following details.

#### Environment details

- OS:
- Node.js version:
- npm version:
- `@google-cloud/containeranalysis` version:

#### Steps to reproduce

1. ?
2. ?

Making sure to follow these steps will guarantee the quickest resolution possible.

Thanks!
",5.0
ksdaemon/sails-hook-sequelize,"
**Describe the bug**
A clear and concise description of what the bug is.

**To Reproduce**
Steps to reproduce the behavior:
1. Sails configuration samples
2. Sequelize model definitions samples
3. When and where error is happening
4. Error description

**Expected behavior**
A clear and concise description of what you expected to happen.

**Screenshots**
If applicable, add screenshots to help explain your problem.

**Desktop (please complete the following information):**
- OS: [e.g. Mac, Linux]
- Node.js version
- Sequelize version

**Additional context**
Add any other context about the problem here.
",1.0
alekc/terraform-provider-auth0,"
<!---
**IMPORTANT:** Please submit issues or pull requests to [alekc/<|Repo_Name|>](<|URL|>). This helps maintainers organize work more efficiently.

Use the link below if you are not certain:
<|URL|>/issues/new
--->

### Description

<!--- Please give a helpful description of the issue here. --->

<!---
Please note the following potential times when an issue might be in Terraform core:

* [Configuration Language](<|URL|>) or resource ordering issues
* [State](<|URL|>) and [State Backend](<|URL|>) issues
* [Provisioner](<|URL|>) issues
* [Registry](<|URL|>) issues
* Spans resources across multiple providers

If you are running into one of these scenarios, we recommend opening an issue in the [Terraform core repository](<|URL|>) instead.
--->

### Terraform Version

<!---
Please run `terraform -v` to show the **Auth0 provider version** as well as the **Terraform core version**.

If you are not running the latest version of Terraform or the provider, please upgrade because your issue may have already been fixed. [Terraform documentation on provider versioning](<|URL|>).
--->

```
<|Code|>
```

### Affected Resource(s)

<!--- Please list the affected resources and data sources. --->

* auth0_XXXXX

### Terraform Configuration Files

<!--- Information about code formatting: <|URL|> --->

```hcl
# Copy-paste your Terraform configurations here - for large Terraform configs,
# please use a [Github Gist](<|URL|>) instead.
```

### Expected Behavior

<!--- What should have happened? --->

### Actual Behavior

<!--- What actually happened? --->

### Steps to Reproduce

<!--- Please list the steps required to reproduce the issue. --->

1. `terraform apply`

### Debug Output

<!---
Please provide a link to a GitHub Gist containing the complete debug output. Please do NOT paste the debug output in the issue; just paste a link to the Gist.

To obtain the debug output, define the `TF_LOG=debug` and `AUTH0_DEBUG=true` environment variables before running `terraform apply`.

For more info see the [Terraform documentation on debugging](<|URL|>).
--->

### Panic Output

<!--- If Terraform produced a panic, please provide a link to a GitHub Gist containing the output of the `crash.log`. --->

### Important Factoids

<!--- Are there anything atypical about your accounts that we should know? For example: Running in EC2 Classic? --->

### References

<!---
Information about referencing Github Issues: <|URL|>

Are there any other GitHub issues (open or closed) or pull requests that should be linked here? Vendor documentation? For example:
--->

* #0000

<!--- Please keep this note for the community --->

### Community Note

* Please vote on this issue by adding a 👍 [reaction](<|URL|>) to the original issue to help the community and maintainers prioritize this request
* Please do not leave ""+1"" or ""me too"" comments, they generate extra noise for issue followers and do not help prioritize the request
* If you are interested in working on this issue or have submitted a pull request, please leave a comment

<!--- Thank you for keeping this note for the community --->
",1.0
dyfused/explode-kotlin,"
<!-- 请先使用 Discussions 获取帮助！ -->
<!-- Use Discussions for help first please! -->
",1.0
cdpuk/givenergy-local,"
<!-- Before you open a new issue, search through the existing issues to see if others have had the same problem.

Issues not containing the minimum requirements will be closed:

- Issues without a description (using the header is not good enough) will be closed.
- Issues without debug logging will be closed.
- Issues without configuration will be closed

-->

## Version of the custom_component
<!-- If you are not using the newest version, download and try that before opening an issue
If you are unsure about the version check the <|URL|> file.
-->

## Configuration

```yaml
<|Code|>
```

## Describe the bug
A clear and concise description of what the bug is.


## Debug log

<!-- To enable debug logs check this <|URL|> -->

```text
<|Code|>
```
",5.0
jamiemason/eslint-formatter-git-log,"
## Description

<!--
List the steps to reproduce the bug followed by the expected and actual
behaviour. Include as much information as you can about the environment you
experience the problem in.
-->

## Suggested Solution

<!--
Propose some possible solutions to this issue. Highlight positives or negatives
of this approach compared to possible alternatives
-->

## Help Needed

<!--
What kind of help or information do you need to help you fix this bug? This can
help Contributors understand what they can do to help you get started.
-->
",1.0
peerplays-network/peerplays-core-gui,"
**Instructions**
Please include a detailed Title above. Next, please complete the following sections below:

* Bug Description
* Impacts
* Steps To Reproduce
* Expected Behavior
* Screenshots (optional)
* Host Environment (optional)
* Additional Context (optional)

Finally, press the 'Submit new issue' button. The Core Team will evaluate and prioritize your Bug Report for future development.

### **Bug Description**

A clear and concise description of what the bug is.

### **Impacts**

Describe which portion(s) of Peerplays may be impacted by this bug. Please tick at least one box.

* [ ] API (the application programming interface)
* [ ] Build (the build process or something prior to compiled code)
* [ ] Deployment (the deployment process after building such as Docker, Gitlab, etc.)
* [ ] Performance (system or user efficiency, etc.)
* [ ] Security (the security of system or user data, etc.)
* [ ] UX (the User Experience)
* [ ] Other (please add below)

### **Steps To Reproduce**

Steps to reproduce the behavior (example outlined below):

1. Execute API call '...'
2. Using JSON payload '...'
3. Received response '...'
4. See error in screenshot

### **Expected Behavior**

A clear and concise description of what you expected to happen.

### **Screenshots (optional)**

If applicable, add screenshots to help explain process flow and behavior.

### **Host Environment**

Please provide details about the host environment. Much of this information can be found by checking the ""About This Mac"" on macOS; going to Control Panel > System and Security > System on Windows OS; checking the application version in the top middle of the application window

* Host OS:             [e.g. Ubuntu 18.04 LTS]
* Host Physical RAM    [e.g. 4GB]
* Peerplays Wallet Version: v1.0.28       [e.g. v1.0.24]

### **Additional Context (optional)**

Add any other context about the problem here.

## PBSA / Developer tasks

* [ ] Evaluate / Prioritize Bug Report
* [ ] Refine User Stories / Requirements
* [ ] Define Test Cases
* [ ] Design / Develop Solution
* [ ] Perform QA/Testing
* [ ] Update Documentation
",5.0
sinkaroid/cabul,"
**Describe new features you want**
A clear and concise description of what new features you want.

**Describe the solution you'd like**
A clear and concise description of what you want to happen.

**Describe alternatives you've considered**
A clear and concise description of any alternative solutions or features you've considered.

**Additional context**
Add any other context or screenshots about the feature request here.

**A Gif to describe how you feel when you made this request**
Add a gif here to express how you feel when you made this request.
",1.0
oasis-engine/engine-toolkit,"
**Is your feature request related to a problem? Please describe.**
A clear and concise description of what the problem is. Ex. I'm always frustrated when [...]

**Describe the solution you'd like**
A clear and concise description of what you want to happen.

**Describe alternatives you've considered**
A clear and concise description of any alternative solutions or features you've considered.

**Additional context**
Add any other context or screenshots about the feature request here.
",1.0
rangle/augury-labs,"
**Describe the question you'd like to ask**
A clear and concise description is greatly appreciated.
",1.0
benbalter/jekyll-titles-from-headings,"
### Describe the bug

A clear and concise description of what the bug is.

### Steps to reproduce the behavior

1. Go to '...'
2. Click on '....'
3. Scroll down to '....'
4. See error

### Expected behavior

A clear and concise description of what you expected to happen.

### Screenshots

If applicable, add screenshots to help explain your problem.

### Additional context

Add any other context about the problem here.
",1.0
apparence-io/gate,"
**Describe the bug**
A clear and concise description of what the bug is.

**To Reproduce**
Steps to reproduce the behavior:
1. Go to '...'
2. Click on '....'
3. Scroll down to '....'
4. See error

**Expected behavior**
A clear and concise description of what you expected to happen.

**Screenshots**
If applicable, add screenshots to help explain your problem.

**Logs **
Run `flutter analyze` and attach any output of that command below.
If there are any analysis errors, try resolving them before filing this issue.

Paste the output of running `flutter doctor -v` here.

**Additional context**
Add any other context about the problem here.
",1.0
sss-says-snek/hisock,"
**Describe the bug**
A clear and concise description of what the bug is.

**To Reproduce**
Steps to reproduce the behavior:
1. Go to '...'
2. Click on '....'
3. Scroll down to '....'
4. See error

**Expected behavior**
A clear and concise description of what you expected to happen.

**Screenshots**
If applicable, add screenshots to help explain your problem.

**Desktop (please complete the following information):**
- OS: [e.g. iOS]
- Browser [e.g. chrome, safari]
- Version [e.g. 22]

**Smartphone (please complete the following information):**
- Device: [e.g. iPhone6]
- OS: [e.g. iOS8.1]
- Browser [e.g. stock browser, safari]
- Version [e.g. 22]

**Additional context**
Add any other context about the problem here.
",1.0
adamwhitehat/entityjustworks,"
**Proposal/Summary**
Describe the feature/solution you'd like to see or idea you have.

**Rationale**
Why would this be nice/helpful/worthwhile?

**Implementation**
(Optional) Do you have a particular approach or idea of how to implement this feature. This is for if you have a very particular approach in mind because of its elegance or is superior in some way. If you don't have something specific in mind or don't know, just leave this blank and we'll figure out the details.

**Details/Concerns/Other things to consider**
List additional details, concerns or other things to consider or keep in mind when planning or implementing this feature.
",1.0
faros-ai/faros-events-cli,"
**Feature description 📝**
<!-- A clear and concise description of what you want to happen. -->


**Acceptance criteria ✅**
<!-- Write pointed description of required functionality -->

*

**Additional context 🔦**
<!-- Add any other context or screenshots about the feature request here. -->
",1.0
noisek/aether,"
**Is your feature request related to a problem? Please describe.**
A clear and concise description of what the problem is. Ex. I'm always frustrated when [...]

**Describe the solution you'd like**
A clear and concise description of what you want to happen.

**Describe alternatives you've considered**
A clear and concise description of any alternative solutions or features you've considered.

**Additional context**
Add any other context or screenshots about the feature request here.
",1.0
pranavbaburaj/img,"
**Is your feature request related to a problem? Please describe.**
A clear and concise description of what the problem is. Ex. I'm always frustrated when [...]

**Describe the solution you'd like**
A clear and concise description of what you want to happen.

**Describe alternatives you've considered**
A clear and concise description of any alternative solutions or features you've considered.

**Additional context**
Add any other context or screenshots about the feature request here.
",1.0
architdate/pkhex-plugins,"
**Describe the problem**
A clear and concise description of what the bug is. This is not to ask why impossible sets cannot be legalized. That should be obvious.
If you encounter a legal pokemon that timed out or didn't legalize properly, upload the `error_log.txt` file present in the same directory as PKHeX

**To Reproduce**
Please provide the exact set that failed to legalize or a PKM file that failed legalization or adequate information so that we may quickly replicate the parsing behavior on our end. Also specify if any trainerdata was being used.

**Expected behavior**
A clear and concise description of what you expected to happen.

**Screenshots**
If applicable, add screenshots of Plugin Settings help explain your problem.

**Additional context**
Add any other context about the problem here.
",5.0
paritytech/frontier,"
**Description**

_Tell us what happened. In particular, tell us how and why you are using this project, and describe
the bug that you encountered. Ideally, provide a link to your project's GitHub repository. Please
note that we are not able to support all conceivable use cases, but the more information you are
able to provide the more equipped we will be to help._

**Steps to Reproduce**

_Replace the example steps below with actual steps to reproduce the bug you're reporting._

1. Go to '...'
2. Click on '....'
3. Scroll down to '....'
4. See error

**Expected vs. Actual Behavior**

_What did you expect to happen after you followed the steps you described in the last section? What
actually happened?_

**Environment**

_Describe the environment in which you encountered this bug. Use the list below as a starting point
and add additional information if you think it's relevant._

- Operating system:
- Project version/tag:
- Rust version (run `rustup show`):

**Logs, Errors or Screenshots**

_Please provide the text of any logs or errors that you experienced; if applicable, provide
screenshots to help illustrate the problem._

**Additional Information**

_Please add any other details that you think may help us solve your problem._
",5.0
rstgroup/eventrix,"
**Is your feature request related to a problem? Please describe.**
A clear and concise description of what the problem is. Ex. I'm always frustrated when [...]

**Describe the solution you'd like**
A clear and concise description of what you want to happen.

**Describe alternatives you've considered**
A clear and concise description of any alternative solutions or features you've considered.

**Additional context**
Add any other context or screenshots about the feature request here.
",1.0
nosan/embedded-cassandra,"

",1.0
osc-ar/link-preview-js,"
**Describe the bug**
A clear and concise description of what the bug is.

**To Reproduce**
Steps to reproduce the behavior:
1. Go to '...'
2. Click on '....'
3. Scroll down to '....'
4. See error

**Expected behavior**
A clear and concise description of what you expected to happen.

**Screenshots**
If applicable, add screenshots to help explain your problem.

**Desktop (please complete the following information):**
- OS: [e.g. iOS]
- Browser [e.g. chrome, safari]
- Version [e.g. 22]

**Smartphone (please complete the following information):**
- Device: [e.g. iPhone6]
- OS: [e.g. iOS8.1]
- Browser [e.g. stock browser, safari]
- Version [e.g. 22]

**Additional context**
Add any other context about the problem here.
",1.0
pygamecommunitydiscord/pygamecommunitybot,"
**Is your feature request related to a problem? Please describe.**
A clear and concise description of what the problem is. Ex. I'm always frustrated when [...]

**Describe the solution you'd like**
A clear and concise description of what you want to happen.

**Describe alternatives you've considered**
A clear and concise description of any alternative solutions or features you've considered.

**Additional context**
Add any other context about the feature request here.
",1.0
saiive/saiive.live,"
**Wallet version**
0.x.x

**Describe the bug**
A clear and concise description of what the bug is.

**To Reproduce**
Steps to reproduce the behavior:

**Expected behavior**
A clear and concise description of what you expected to happen.

**Screenshots**
If applicable, add screenshots to help explain your problem.

**Environment info**
- OS: [e.g. iOS]
- Version [e.g. 22]

**Smartphone (please complete the following information):**
- Device: [e.g. iPhone6]
- OS: [e.g. iOS8.1]
- Version [e.g. 22]

**Additional context**
Add any other context about the problem here.
",1.0
googleapis/nodejs-datastore-session,"
Thanks for stopping by to ask us a question! Please make sure to include:
- What you're trying to do
- What code you've already tried
- Any error messages you're getting

**PLEASE READ**: If you have a support contract with Google, please create an issue in the [support console](<|URL|>) instead of filing on GitHub. This will ensure a timely response.
",1.0
tuateam/tua-body-scroll-lock,"
**Is your feature request related to a problem? Please describe.**
A clear and concise description of what the problem is. Ex. I'm always frustrated when [...]

**Describe the solution you'd like**
A clear and concise description of what you want to happen.

**Describe alternatives you've considered**
A clear and concise description of any alternative solutions or features you've considered.

**Additional context**
Add any other context or screenshots about the feature request here.
",1.0
postcss/postcss-load-config,"
<!-- ✏️ Briefly describe the issue you are experiencing (or the feature you want to see added to the plugin). Tell us what you were trying to do and what happened instead. Remember, this is _not_ a place to ask questions. For that, go to <|URL|> -->

### `Details`

<!-- ✏️ Describe in more detail the problem you have been experiencing, if necessary -->

## `Error (Logs|Stacks)`

<!-- 👉 Create a [gist](<|URL|>) which is a paste of your **full** logs, and link them here -->

<!-- ⚠️ Do **not** paste your full logs here (or at least hide them by using a `<details></details>` block), as it will make this issue long and hard to read! If you are reporting a bug, **always** include logs! -->

### `Reproduction (Code)`

<!-- ⚠️ Please remember that, with sample code; it's easier to reproduce a bug and much faster to fix it -->

<!-- 🔗 Please refer to a simple code example -->

```bash
$ git clone <|URL|><user>/<sample>
```

### `Environment`

<!-- ℹ️ Please provide information about your current environment -->

|OS|node|npm/yarn|package|
|:-:|:-:|:-----:|:------:|
|[name][version]|[version]|[version]|[version]|
",5.0
ml-tooling/best-of-python-dev,"
<!--
Please make sure that the project was not already added or suggested to this best-of list. You can ensure this by searching the projects.yaml, the <|URL|>, and the issue list.
-->

**Project details:**
<!-- Please fill out as much of the following information as possible. -->

- Project Name:
- Github URL:
- Category:  <!-- Choose one of the existing categories from the <|URL|> or projects.yaml file -->
- License:
- Package Managers: <!-- Add the IDs for every package manager that the project is available on (e.g. npm, pypi, conda, dockerhub, maven, apt, ...). For example: pypi:tensorflow conda:conda-forge/tensorflow dockerhub:tensorflow/tensorflow -->

**Additional context:**

<!-- Optional. Add any other context or additional information about the project. -->
",5.0
vesselize/vesselize,"
## Bug Report

### Affected Feature

<!-- The issue is caused by feature... -->

### Is this a regression

<!-- Yes, the previous version in which this bug was not present was: ... -->

### Description

<!-- A clear and concise description of the problem... -->

## Minimal Reproduction

<!-- Stackblitz application or GitHub repository... -->

## Exception or Error

```plain

```

## Your Environment

**<|Repo_Name|> Version:**

```plain

```

**Anything else relevant?**

<!-- Is this a browser specific issue? If so, please specify the browser and version. -->

<!-- Do any of these matter: operating system, IDE, package manager, HTTP server, ...? If so, please mention it below. -->
",1.0
antstackio/rover-cli,"
**Describe the bug**
A clear and concise description of what the bug is.

**To Reproduce**
Steps to reproduce the behavior:
1. Go to '...'
2. Click on '....'
3. Scroll down to '....'
4. See error

**Expected behavior**
A clear and concise description of what you expected to happen.

**Screenshots**
If applicable, add screenshots to help explain your problem.

**Desktop (please complete the following information):**
- OS: [e.g. Windows, Mac, Linux]
- Node Version [e.g. 14]

**Additional context**
Add any other context about the problem here.
",1.0
microsoft/botframework-solutions,"
#### What project is affected?

#### What language is this in?

#### What happens?

#### What are the steps to reproduce this issue?

#### What were you expecting to happen?

#### Can you share any logs, error output, etc.?

#### Any screenshots or additional context?
",1.0
gurusabarish/hugo-profile,"
**Describe the bug**
A clear and concise description of what the bug is.

**To Reproduce**
Steps to reproduce the behavior:
1. Go to '...'
2. Click on '....'
3. Scroll down to '....'
4. See error

**Expected behavior**
A clear and concise description of what you expected to happen.

**Screenshots**
If applicable, add screenshots to help explain your problem.

**Desktop (please complete the following information):**
- OS: [e.g. iOS]
- Browser [e.g. chrome, safari]
- Version [e.g. 22]

**Smartphone (please complete the following information):**
- Device: [e.g. iPhone6]
- OS: [e.g. iOS8.1]
- Browser [e.g. stock browser, safari]
- Version [e.g. 22]

**Additional context**
Add any other context about the problem here.
",1.0
felipe-jm/nextjs-boilerplate,"
**Describe the bug**
A clear and concise description of what the bug is.

**To Reproduce**
Steps to reproduce the behavior:
1. Go to '...'
2. Click on '....'
3. Scroll down to '....'
4. See error

**Expected behavior**
A clear and concise description of what you expected to happen.

**Screenshots**
If applicable, add screenshots to help explain your problem.

**Desktop (please complete the following information):**
- OS: [e.g. iOS]
- Browser [e.g. chrome, safari]
- Version [e.g. 22]

**Smartphone (please complete the following information):**
- Device: [e.g. iPhone6]
- OS: [e.g. iOS8.1]
- Browser [e.g. stock browser, safari]
- Version [e.g. 22]

**Additional context**
Add any other context about the problem here.
",1.0
jeffreylanters/unity-web-sockets,"
**Describe the bug**
A clear and concise description of what the bug is.

**To Reproduce**
Steps to reproduce the behavior:
1. Go to '...'
2. Click on '....'
3. Scroll down to '....'
4. See error

**Expected behavior**
A clear and concise description of what you expected to happen.

**Screenshots**
If applicable, add screenshots to help explain your problem.

**Desktop (please complete the following information):**
- OS: [e.g. iOS]
- Browser [e.g. chrome, safari]
- Version [e.g. 22]

**Smartphone (please complete the following information):**
- Device: [e.g. iPhone6]
- OS: [e.g. iOS8.1]
- Browser [e.g. stock browser, safari]
- Version [e.g. 22]

**Additional context**
Add any other context about the problem here.
",1.0
xifangczy/cat-catch,"
**bug描述**

**扩展**
- 版本号

**浏览器**
- chromium 内核
- firefox

**涉及网址**
",1.0
accessibleforall/colorpalettecombos,"

",1.0
kitex-contrib/registry-nacos,"
**Describe the bug**
A clear and concise description of what the bug is.

**To Reproduce**
Steps to reproduce the behavior:
1. Go to '...'
2. Click on '....'
3. Scroll down to '....'
4. See error

**Expected behavior**
A clear and concise description of what you expected to happen.

**Screenshots**
If applicable, add screenshots to help explain your problem.

**Desktop (please complete the following information):**
- OS: [e.g. iOS]
- Browser [e.g. chrome, safari]
- Version [e.g. 22]

**Smartphone (please complete the following information):**
- Device: [e.g. iPhone6]
- OS: [e.g. iOS8.1]
- Browser [e.g. stock browser, safari]
- Version [e.g. 22]

**Additional context**
Add any other context about the problem here.
",1.0
hoprnet/hopr-chat,"
**Describe the bug**
A clear and concise description of what the bug is.

**To Reproduce**
Steps to reproduce the behavior:

1. Go to '...'
2. Click on '....'
3. Scroll down to '....'
4. See error

**Expected behavior**
A clear and concise description of what you expected to happen.

**Screenshots**
If applicable, add screenshots to help explain your problem.

**Desktop (please complete the following information):**

- OS: [e.g. iOS]
- Browser [e.g. chrome, safari]
- Version [e.g. 22]

**Smartphone (please complete the following information):**

- Device: [e.g. iPhone6]
- OS: [e.g. iOS8.1]
- Browser [e.g. stock browser, safari]
- Version [e.g. 22]

**Additional context**
Add any other context about the problem here.
",1.0
ayushsharma82/esp-dash,"
**Describe the bug**
A clear and concise description of what the bug is.

**To Reproduce**
Steps to reproduce the behavior:
1. Go to '...'
2. Click on '....'
3. Scroll down to '....'
4. See error

**Expected behavior**
A clear and concise description of what you expected to happen.

**Screenshots**
If applicable, add screenshots to help explain your problem.

**Additional context**
Add any other context about the problem here.
",1.0
dessa-oss/atlas,"
### Description
Description of the problem (be detailed)

### Error
Add any available stack trace.

### Steps to reproduce
List all steps.

### Has this issue been seen before?
No/ yes and number of times

### Cause of issue
Brutally honest explanation of why this issue happened. Use the 5 why technique if needed.

### Link to BUG
Link to filing of a bug if needed.

### Solution
What did we have to do to get this fixed?
",1.0
tauri-apps/javascriptcore-rs,"
**Is your feature request related to a problem? Please describe.**
A clear and concise description of what the problem is. Ex. I'm always frustrated when [...]

**Describe the solution you'd like**
A clear and concise description of what you want to happen.

**Describe alternatives you've considered**
A clear and concise description of any alternative solutions or features you've considered.

**Would you assign yourself to implement this feature?**
- [ ] Yes
- [ ] No

**Additional context**
Add any other context or screenshots about the feature request here.

",1.0
somepythonprogrammer/jarvis,"
**Describe the bug**
A clear and concise description of what the bug is.

**To Reproduce**
Steps to reproduce the behavior:
1. Go to '...'
2. Click on '....'
3. Scroll down to '....'
4. See error

**Expected behavior**
A clear and concise description of what you expected to happen.

**Screenshots**
If applicable, add screenshots to help explain your problem.

**Desktop (please complete the following information):**
- OS: [e.g. iOS]
- Browser [e.g. chrome, safari]
- Version [e.g. 22]

**Smartphone (please complete the following information):**
- Device: [e.g. iPhone6]
- OS: [e.g. iOS8.1]
- Browser [e.g. stock browser, safari]
- Version [e.g. 22]

**Additional context**
Add any other context about the problem here.
",1.0
getstream/combase-v1,"
**Is your feature request related to a problem? Please describe.**
A clear and concise description of what the problem is. Ex. I'm always frustrated when [...]

**Describe the solution you'd like**
A clear and concise description of what you want to happen.

**Describe alternatives you've considered**
A clear and concise description of any alternative solutions or features you've considered.

**Additional context**
Add any other context or screenshots about the feature request here.
",1.0
fabedge/fabedge,"
**Describe the bug**
A clear and concise description of what the bug is.

**To Reproduce**
Steps to reproduce the behavior:
1. Go to '...'
2. Click on '....'
3. Scroll down to '....'
4. See error

**Expected behavior**
A clear and concise description of what you expected to happen.

**Screenshots**
If applicable, add screenshots to help explain your problem.

**Desktop (please complete the following information):**
- OS: [e.g. iOS]
- Browser [e.g. chrome, safari]
- Version [e.g. 22]

**Smartphone (please complete the following information):**
- Device: [e.g. iPhone6]
- OS: [e.g. iOS8.1]
- Browser [e.g. stock browser, safari]
- Version [e.g. 22]

**Additional context**
Add any other context about the problem here.
",1.0
spamscope/spamscope,"
**Describe the bug**
A clear and concise description of what the bug is:
- which bolt/spout is in error
- Apache Storm error log
- ...

**To Reproduce**
Steps to reproduce the behavior:
1. ...
2. ...

Attach main configuration file of `<|Repo_Name|>`.

**Expected behavior**
A clear and concise description of what you expected to happen.

**Raw mail**
The raw mail to reproduce the behavior.
You can use a `gist` like [this](<|URL|>).
The issues without raw mail will be closed.

**Environment:**
- OS: [e.g. Debian, Centos]
- Docker: [yes or no]
- `<|Repo_Name|>` version [e.g. 3.6.0]

**Additional context**
Add any other context about the problem here.
",
zupit/ritchie-formulas,"
<!-- Please only use this template for submitting
new feature or enhancement requests -->

**What would you like to be added**:

**Why is this needed**:
",1.0
siguremo/notev,"
<!-- Please confirm you will submit an issue. -->
<!-- Issues which contain questions or support requests will be closed. -->
<!-- (Update ""[ ]"" to ""[x]"" to check a box) -->

-  [ ] I confirm that this is an issue rather than a question.

## Bug report

#### What is actually happening?

#### Other relevant information

-  Your OS:
-  Node.js version:
-  VuePress version:
-  Which package manager did you use for the install(npm/pnpm/yarn)?
",2.0
davidraviv/gh-clean-branches,"
**Is your feature request related to a problem? Please describe.**
A clear and concise description of what the problem is. Ex. I'm always frustrated when [...]

**Describe the solution you'd like**
A clear and concise description of what you want to happen.

**Describe alternatives you've considered**
A clear and concise description of any alternative solutions or features you've considered.

**Additional context**
Add any other context or screenshots about the feature request here.
",1.0
skydoves/bindables,"
**Please complete the following information:**
- Library Version [e.g. v1.0.0]
- Affected Device(s) [e.g. Samsung Galaxy s10 with Android 9.0]

**Describe the Bug:**

Add a clear description about the problem.

**Expected Behavior:**

A clear description of what you expected to happen.
",1.0
42-world/42world-frontend-pc,"
## 작업할 내용

## 해야할 일
- [ ] todo1
- [ ] todo2
- [ ] todo3
",1.0
awesome-technologies/rviz2ar,"> Necessary checks for creating a new vNext Task:
> * Prefix the Title of the Task with ""vNext Task: ""
> * Remove any defaulted text below. Only include new information you are supplying for the task
> * Ensure requirements detail everything the feature will be required to do
> * Ensure acceptance criteria (tests) follow the SOLID principles, to ensure when testing, the task passes or fails
>
> *Please remove this section before clicking ""Submit new issue"" :D

# Overview
A clear and concise description of what the outstanding task is.
Include any reference material as required to properly define why this feature is required (helps with prioritization)

# Requirements
A list of the required functionality this task requires to implement.

* Requirement 1
* Requirement 2

# Acceptance Criteria
A list of the specific things that must be done for approval / acceptance of the task in checklist form.
This may correspond with the above requirements.

- [ ] Test Criteria 1
- [ ] Test Criteria 2
",5.0
artisan-lab/rulf,"<!--
Thank you for creating a tracking issue! 📜 Tracking issues are for tracking a
feature from implementation to stabilisation. Make sure to include the relevant
RFC for the feature if it has one. Otherwise provide a short summary of the
feature and link any relevant PRs or issues, and remove any sections that are
not relevant to the feature.

Remember to add team labels to the tracking issue.
For a language team feature, this would e.g., be `T-lang`.
Such a feature should also be labeled with e.g., `F-my_feature`.
This label is used to associate issues (e.g., bugs and design questions) to the feature.
-->

This is a tracking issue for the RFC ""XXX"" (rust-lang/rfcs#NNN).
The feature gate for the issue is `#![feature(FFF)]`.

### About tracking issues

Tracking issues are used to record the overall progress of implementation.
They are also uses as hubs connecting to other relevant issues, e.g., bugs or open design questions.
A tracking issue is however *not* meant for large scale discussion, questions, or bug reports about a feature.
Instead, open a dedicated issue for the specific matter and add the relevant feature gate label.

### Steps
<!--
Include each step required to complete the feature. Typically this is a PR
implementing a feature, followed by a PR that stabilises the feature. However
for larger features an implementation could be broken up into multiple PRs.
-->

- [ ] Implement the RFC (cc @rust-lang/XXX -- can anyone write up mentoring
instructions?)
- [ ] Adjust documentation ([see instructions on rustc-dev-guide][doc-guide])
- [ ] Stabilization PR ([see instructions on rustc-dev-guide][stabilization-guide])

[stabilization-guide]: <|URL|>
[doc-guide]: <|URL|>

### Unresolved Questions
<!--
Include any open questions that need to be answered before the feature can be
stabilised.
-->

XXX --- list all the ""unresolved questions"" found in the RFC to ensure they are
not forgotten

### Implementation history

<!--
Include a list of all the PRs that were involved in implementing the feature.
-->
",5.0
fikrirazzaq/yugiohcards,"
**Is your feature request related to a problem? Please describe.**
A clear and concise description of what the problem is. Ex. I'm always frustrated when [...]

**Describe the solution you'd like**
A clear and concise description of what you want to happen.

**Describe alternatives you've considered**
A clear and concise description of any alternative solutions or features you've considered.

**Additional context**
Add any other context or screenshots about the feature request here.
",1.0
projectsyn/commodore,"
<!-- Place a general description or your issue here. -->

## Steps to Reproduce the Problem
<!-- Tell us how to reproduce your issue -->

1.
1.
1.

## Actual Behavior
<!-- What did happen as a result of the above? -->

## Expected Behavior
<!-- What is your expectation of the result? -->
",1.0
freezeyou/freezeyou,"
**Describe the bug**
A clear and concise description of what the bug is.

**To Reproduce**
Steps to reproduce the behavior:

1. Go to '...'
2. Click on '....'
3. Scroll down to '....'
4. See error

**Expected behavior**
A clear and concise description of what you expected to happen.

**Screenshots**
If applicable, add screenshots to help explain your problem.

**Smartphone (please complete the following information):**

- Device: [e.g. OnePlus 18]
- OS: [e.g. Android6.0]
- <|Repo_Name|> Version: [e.g. 8.2.20001011(Can be found in 'About')]

**Additional context**
Add any other context about the problem here.
",1.0
pixelvision8/pixelvision8,"
**What is your question?**
Enter one or two sentences at most here. Provide details later.

**Where did you look before asking here?**
This helps to understand where documentation may be lacking.

**Additional context**
Add any other context about the problem here.
",1.0
jdiscordbots/me-e--bypasser,"
**Describe the bug**
A clear and concise description of what the bug is.

**To Reproduce**
Steps to reproduce the behavior:
e.g.
1. Go to '...'
2. Click on '....'
3. Scroll down to '....'
4. See error


**Expected behavior**
A clear and concise description of what you expected to happen.

**Screenshots**
If applicable, add screenshots to help explain your problem.

**Server (if you run the Bot by yourself, please complete the following information about the Service running the Software):**
- OS: [e.g. Ubuntu]
- Version [e.g. 22]
- If possible, include arguments to the JVM and the Program(not the Bot token), logs(for example if you redirected stdout and stderr)

**Client (please complete the following information):**
- OS: [e.g. Windows 10]
- Did you use the Discord App or a Web-Browser [e.g. Google Chrome]

**Additional context**
Add any other context about the problem here.
",1.0
knowledgecanvas/knowledge-canvas,"
**Is your feature request related to a problem? Please describe.**

A clear and concise description of what the problem is. Ex. I'm always frustrated when [...]

---

**Describe the solution you'd like**

A clear and concise description of what you want to happen.

---

**Describe alternatives you've considered**

A clear and concise description of any alternative solutions or features you've considered.

---

**Additional context**

Add any other context or screenshots about the feature request here.
",1.0
dedica-team/nivio,"
- [ ] follow the instructions here: <|URL|> and get a self-built <|Repo_Name|> instance running
- [ ] for backend development, get familiar with the Spring Boot framework: <|URL|>
- [ ] for frontend development, get familiar with React <|URL|> and Material UI <|URL|>

There is a public Slack <|URL|> for chat support.
",5.0
concretesolutions/magneton,"
**Is your feature request related to a problem? Please describe.**
A clear and concise description of what the problem is. Ex. I'm always frustrated when [...]

**Describe the solution you'd like**
A clear and concise description of what you want to happen.

**Describe alternatives you've considered**
A clear and concise description of any alternative solutions or features you've considered.

**Additional context**
Add any other context or screenshots about the feature request here.
",1.0
smelukov/statoscope,"
**Describe the bug**
A clear and concise description of what the bug is.

**To Reproduce**
Steps to reproduce the behavior:
1. Go to '...'
2. Click on '....'
3. Scroll down to '....'
4. See error

**Expected behavior**
A clear and concise description of what you expected to happen.

**Screenshots**
If applicable, add screenshots to help explain your problem.

**Versions**:
- Node (for non-browser bug):
- Browser (for browser-bug):
- Webpack:
- <|Repo_Name|>:

**Additional context**
Add any other context about the problem here.
",1.0
earthkingman/nodejs-react-42stackoverflow,"
### 제목
### 이슈에 대한 설명
### checkList
### 주의사항
",1.0
envault/envault,"
**Describe the bug**
A clear and concise description of what the bug is.

**To reproduce**
Steps to reproduce the behavior:
1. Go to '...'
2. Click on '...'
3. Scroll down to '...'
4. See error

**Expected behavior**
A clear and concise description of what you expected to happen.

**Screenshots**
If applicable, add screenshots to help explain your problem.

**Context**
- Browser: [e.g. Chrome, Safari]
- Server OS: [e.g. Ubuntu 18.04.4]
- PHP version: [e.g. 7.4]

**Additional details**
Add any other details about the problem here.
",1.0
lym-mg/mgdemo,"
**Is your feature request related to a problem? Please describe.**
A clear and concise description of what the problem is. Ex. I'm always frustrated when [...]

**Describe the solution you'd like**
A clear and concise description of what you want to happen.

**Describe alternatives you've considered**
A clear and concise description of any alternative solutions or features you've considered.

**Additional context**
Add any other context or screenshots about the feature request here.
",1.0
graldispersionmodel/gral,"
**Describe the bug**
A clear and concise description of what the bug is.

**To Reproduce**
Steps to reproduce the behavior:
1. Use the option '...'
2. Set parameter X to '....'
3. See error

**Expected behavior**
A clear and concise description of what you expected to happen.

**Screenshots**
If applicable, add screenshots to help explain your problem.

**Desktop (please complete the following information):**
- OS: [e.g. LINUX Debian]
- Version [e.g. 20.01]

**Additional context**
Add any other context about the problem here.
",1.0
exasol/sql-statement-builder,"
**Is your feature request related to a problem? Please describe.**
A clear and concise description of what the problem is. Ex. I'm always frustrated when [...]

**Describe the solution you'd like**
A clear and concise description of what you want to happen.

**Describe alternatives you've considered**
A clear and concise description of any alternative solutions or features you've considered.

**Additional context**
Add any other context or screenshots about the feature request here.
",1.0
everhopingandwaiting/gitea_drone_vault_auto,"

",1.0
sn0wcrack/saucybot-discord,"
**Site Name**:

**Site URL**:

**Example URLs**:
* Example 1
* Example 2
* Example 3
",1.0
gerryyang/mac-utils,"
**Describe the bug**
A clear and concise description of what the bug is.

**To Reproduce**
Steps to reproduce the behavior:
1. Go to '...'
2. Click on '....'
3. Scroll down to '....'
4. See error

**Expected behavior**
A clear and concise description of what you expected to happen.

**Screenshots**
If applicable, add screenshots to help explain your problem.

**Desktop (please complete the following information):**
- OS: [e.g. iOS]
- Browser [e.g. chrome, safari]
- Version [e.g. 22]

**Smartphone (please complete the following information):**
- Device: [e.g. iPhone6]
- OS: [e.g. iOS8.1]
- Browser [e.g. stock browser, safari]
- Version [e.g. 22]

**Additional context**
Add any other context about the problem here.
",1.0
rocketmeet/rocketmeet,"
**Is your feature request related to a problem? Please describe.**
A clear and concise description of what the problem is. Ex. I'm always frustrated when [...]

**Describe the solution you'd like**
A clear and concise description of what you want to happen.

**Describe alternatives you've considered**
A clear and concise description of any alternative solutions or features you've considered.

**Additional context**
Add any other context or screenshots about the feature request here.
",1.0
frame-js/frame,"
**Is your feature request related to a problem? Please describe.**
A clear and concise description of what the problem is. Ex. I'm always frustrated when [...]

**Describe the solution you'd like**
A clear and concise description of what you want to happen.

**Describe alternatives you've considered**
A clear and concise description of any alternative solutions or features you've considered.

**Additional context**
Add any other context or screenshots about the feature request here.
",1.0
jirkapinkas/jsitemapgenerator,"
**Describe the bug**
A clear and concise description of what the bug is.

**To Reproduce**
Steps to reproduce the behavior:
1. Go to '...'
2. Click on '....'
3. Scroll down to '....'
4. See error

**Expected behavior**
A clear and concise description of what you expected to happen.

**Screenshots**
If applicable, add screenshots to help explain your problem.

**Desktop (please complete the following information):**
- OS: [e.g. iOS]
- Browser [e.g. chrome, safari]
- Version [e.g. 22]

**Smartphone (please complete the following information):**
- Device: [e.g. iPhone6]
- OS: [e.g. iOS8.1]
- Browser [e.g. stock browser, safari]
- Version [e.g. 22]

**Additional context**
Add any other context about the problem here.
",1.0
smooth-code/smooth-ui,"
## 💬 Questions and Help

Smooth UI project is young, but please before asking your question:

- Read carefully the README of the project
- Search if your answer has already been answered in old issues

After you can submit your question and we will be happy to help you!
",1.0
wherkamp/nitro_repo,"
**Describe the bug**
A clear and concise description of what the bug is.

**To Reproduce**
Steps to reproduce the behavior:
1. Go to '...'
2. Click on '....'
3. Scroll down to '....'
4. See error

**Expected behavior**
A clear and concise description of what you expected to happen.

**Screenshots**
If applicable, add screenshots to help explain your problem.

**Device - Frontend Only **
- OS: [e.g. iOS]
- Browser [e.g. chrome, safari]
- Version [e.g. 22]

**Additional context**
Add any other context about the problem here.
",1.0
3snowp7im/sotn-randomizer,"
New issues must complete all sections of this template or they will be
automatically closed.

Use this template if you believe your seed is not completable due to relic
placement. ""Completable"" refers to defeating Dracula in the second castle and
getting the better or best ending.

# Seed Information
The best way to provide all the necessary seed information is to click the
""Copy seed"" button after randomizing then paste here. Alternatively, name the
preset used and whether or not tournament mode was enabled.

# Randomizer version:
Found in the file select menu of your randomized game.

# Spoilers:
Recreate the seed with ""Show spoilers"" AND ""Show relic locations"" options
checked, then paste the ""Relic locations"" list here.
",5.0
netlify/next-on-netlify,"
**Is your feature request related to a problem? Please describe.**
A clear and concise description of what the problem is. Ex. I'm always frustrated when [...]

**Describe the solution you'd like**
A clear and concise description of what you want to happen.

**Describe alternatives you've considered**
A clear and concise description of any alternative solutions or features you've considered.

**Additional context**
Add any other context or screenshots about the feature request here.
",1.0
sam-astro/z-sharp,"
**Describe your issue**
A clear and concise description.

**To Reproduce**
Steps to reproduce the behavior:
1. Go to '...'
2. Click on '....'
3. Scroll down to '....'

**Screenshots**
If applicable, add screenshots to help explain your problem.
",1.0
arkrow/pymusiclooper,"
**Is your feature request related to a problem? Please describe.**
A clear and concise description of what the problem is. Ex. I'm always frustrated when [...]

**Describe the solution you'd like**
A clear and concise description of what you want to happen.

**Describe alternatives you've considered**
A clear and concise description of any alternative solutions or features you've considered.

**Additional context**
Add any other context or screenshots about the feature request here.
",1.0
chef-boneyard/knife-rackspace,"
# Version:

[Version of the project installed]

# Environment:

[Details about the environment such as the Operating System, cookbook details, etc...]

# Scenario:

[What you are trying to achieve and you can't?]

# Steps to Reproduce:

[If you are filing an issue what are the things we need to do in order to repro your problem?]

# Expected Result:

[What are you expecting to happen as the consequence of above reproduction steps?]

# Actual Result:

[What actually happens after the reproduction steps?]
",1.0
google/gtmappauth,"
**Describe the bug**
A clear and concise description of what the bug is.

**To Reproduce**
Steps to reproduce the behavior:
1. Go to '...'
2. Tap on '....'
3. Scroll down to '....'
4. See error

**Expected behavior**
A clear and concise description of what you expected to happen.

**Screenshots**
If applicable, add screenshots to help explain your problem.

**Environment**
- Device: [ e.g. iPhone 13, MacBook Pro, etc ]
- OS: [ e.g. iOS 15, macOS 11, etc ]
- Browser: [ e.g. Safari, Chrome, etc ]

**Additional context**
Add any other context about the problem here.
",1.0
wswebcreation/wdio-cucumberjs-json-reporter,"
**Environment (please complete the following information):**
- **Node.js version:** [e.g. 8.9.1]
- **NPM version:** [e.g. 5.8.0]
- **<|URL|> version:** [e.g. 5.11.0]
- **@wdio/cucumber-framework version:** [e.g. 5.11.0]
- **<|Repo_Name|> version:** [e.g. 0.1.3]

**Config of <|URL|> and the reporter**
An example of how you configured the reporter in your <|URL|> config

**Describe the bug**
A clear and concise description of what the bug is.

**To Reproduce**
Steps to reproduce the behavior:

[Include code or an example repository that can easily be set up]

**Expected behavior**
A clear and concise description of what you expected to happen.

**Snapshots**
If applicable, add snapshots to help explain your problem.

**Additional context**
Add any other context about the problem here.
",1.0
becheran/ntest,"

",1.0
p1r-a-t3/hacker-playbook-utility,"
**Is your feature request related to a problem? Please describe.**
A clear and concise description of what the problem is. Ex. I'm always frustrated when [...]

**Describe the solution you'd like**
A clear and concise description of what you want to happen.

**Describe alternatives you've considered**
A clear and concise description of any alternative solutions or features you've considered.

**Additional context**
Add any other context or screenshots about the feature request here.
",1.0
londonstudios/smartcuffs,"

",1.0
rnag/cargo-rx,"
## Version
<!--- List the version of `rx` here. -->

## Platform
<!--- The output of `uname -a` (UNIX), or version and 32 or 64-bit (Windows) -->

## Description
Enter your issue details here.
One way to structure the description:

[short summary of the bug]

I ran this command:

```console
<|Code|>
```

I expected to see this happen: [explanation]

Instead, this happened: [explanation]

## Context
<!--- How has this bug affected you? What were you trying to accomplish?
Feel free to add any screenshots here, if relevant. -->
",1.0
ranaroussi/qtpylib,"
**Describe the bug**
A clear and concise description of what the bug is.

**To Reproduce**
Steps to reproduce the behavior:
1. Go to '...'
2. Click on '....'
3. Scroll down to '....'
4. See error

**Screenshots**
If applicable, add screenshots to help explain your problem.

**Desktop (please complete the following information):**
- OS: [e.g. Windows/macOS/Linux]
- Version [e.g. 22]

**Additional context**
Add any other context about the problem here.
",1.0
sonofmagic/weapp-tailwindcss-webpack-plugin,"
**描述这个Bug**
A clear and concise description of what the bug is.

**代码url**

可提供转化失败的 `wxml`,`js`,`wxss` 这类的产物，
可以直接复制粘贴在此处，或者提供 `url`

**如何重现**
Steps to reproduce the behavior:

1. Go to '...'
2. Click on '....'
3. Scroll down to '....'
4. See error

**期望行为(可选)**
A clear and concise description of what you expected to happen.

**屏幕截图(可选)**
If applicable, add screenshots to help explain your problem.

**运行环境**

- OS: [e.g. iOS]
- Nodejs: 16x
- Framework: uni-app/taro/remax/rax

**Additional context**
Add any other context about the problem here.
",
ibhavikmakwana/flutterdarttips,"
**Is your feature request related to a problem? Please describe.**
A clear and concise description of what the problem is. Ex. I'm always frustrated when [...]

**Describe the solution you'd like**
A clear and concise description of what you want to happen.

**Describe alternatives you've considered**
A clear and concise description of any alternative solutions or features you've considered.

**Additional context**
Add any other context or screenshots about the feature request here.
",1.0
jwplayer/jwplayer-ios-bestpracticeapps,"
### Expected Behavior

*Describe expected behavior*

### Actual Behavior

*Describe actual behavior*

### Steps to reproduce

1.
2.
3.

### Environment

- *hardware | device*
- *operating system | version*
- *JW Player SDK version*

----------------------------------------------------------------------------------------

This template is provided as a guide to filing bugs and feature requests. Please replace
all text *in italics* with details describing your issue. When submitting a feature request,
""Steps to reproduce"" can be substituted with a user story or list of acceptance criteria.
",1.0
devbisme/kipart,"
**Is your feature request related to a problem? Please describe.**
A clear and concise description of what the problem is. Ex. I'm always frustrated when [...]

**Describe the solution you'd like**
A clear and concise description of what you want to happen.

**Describe alternatives you've considered**
A clear and concise description of any alternative solutions or features you've considered.

**Additional context**
Add any other context or screenshots about the feature request here.
",1.0
eclipse-che/che-machine-exec,"
## Where to report issues?

This repository is not the primary repository of Eclipse Che.

🚨 Please don't submit new issues here. 🚨

All issues for Eclipse Che are managed at [<|URL|>](<|URL|>).
",5.0
tc2r1/devinterview_questions,"
## Add Method to request Json Information for a language in the languages folder.
### Skill Level: Easy

1) Navigate to `[MODULE]/repository.tc2rgithubrepository.source.remote.Tc2rGithubService`

2) Add a request method to get both the Answers.json and Questions.json from a missing language folder so that application may have a way of retrieving information for more than one type of quiz.

Example:

@GET(""Tc2r1/<|Repo_Name|>/master/Languages/Android/answers.json"")
suspend fun requestAndroidAnswers(): Response<AnswersResponse>

// Gets answers objects
@GET(""Tc2r1/<|Repo_Name|>/master/Languages/Android/questions.json"")
suspend fun requestAndroidQuestionsJson(): Response<QuestionsResponse>


### Optionally:
Additionally create the methods that will evoke these calls.
",5.0
spherehq/sphere,"
# CLI

Please do not submit bug reports or feature requests related to the <|Repo_Name|> CLI. Instead, please submit an issue to the [<|Repo_Name|> CLI Repository](<|URL|>).
",5.0
jxhe/unify-parameter-efficient-tuning,"
# 🖥 Benchmarking `transformers`

## Benchmark

Which part of `transformers` did you benchmark?

## Set-up

What did you run your benchmarks on? Please include details, such as: CPU, GPU? If using multiple GPUs, which parallelization did you use?

## Results

Put your results here!
",5.0
drenther/upi_pay,"
### Is your feature request related to a problem? Please describe.
A clear and concise description of what the problem is. Ex. I'm always frustrated when [...]

### Describe the solution you'd like
A clear and concise description of what you want to happen.

### Describe alternatives you've considered
A clear and concise description of any alternative solutions or features you've considered.

### Any example solutions
Mention any example solutions out there or what inspired the suggested solution

### Additional context
Add any other context or screenshots about the feature request here.
",1.0
izurii/lenovo-y720-kb-led-controller,"
**Is your feature request related to a problem? Please describe.**
A clear and concise description of what the problem is. Ex. I'm always frustrated when [...]

**Describe the solution you'd like**
A clear and concise description of what you want to happen.

**Describe alternatives you've considered**
A clear and concise description of any alternative solutions or features you've considered.

**Additional context**
Add any other context or screenshots about the feature request here.
",1.0
gosh-terminal/gosh,"
**Describe the bug**
<!-- A clear and concise description of what the bug is. -->

**To Reproduce**
<!-- Steps to reproduce the behavior. -->

**Expected behavior**
<!-- A clear and concise description of what you expected to happen. -->

**Additional Information**
<!-- For instance, relevant logs from terminals or the browser's devtool console. -->
",1.0
reg-viz/reg-suit,"
## Is your feature request related to a problem? Please describe.

A clear and concise description of what the problem is. Ex. I'm always frustrated when [...]

## Describe the solution you'd like

A clear and concise description of what you want to happen.

## Describe alternatives you've considered

A clear and concise description of any alternative solutions or features you've considered.

## Additional context

Add any other context or screenshots about the feature request here.
",1.0
prismicio/slice-machine,"
<!-- 💙 Thanks for your time to make this package better with your feedback 💙

**IMPORTANT** Before reporting a bug please make sure that you have read through the documentation:
- <|URL|>

👍 A properly detailed bug report can save a LOT of time and help fixing issues as soon as possible.
-->

### Versions

- <|Repo_Name|>-ui: <!-- ex: v0.1.0 -->
- node: <!-- ex: v12.14.0 -->

### Reproduction

<!-- Link to a minimal test case, without a reproduction, it is so hard to address problem :( -->

<details open>
<summary>Additional Details</summary>
<br>
<!-- Attaching `package.json`, dependencies, logs or code snippets would help to find the issue -->
</details>

### Steps to reproduce

### What is expected?

### What is actually happening?
",5.0
dimibe/grouped_list,"
**Describe the bug**
A clear and concise description of what the bug is.

**Expected behavior**
A clear and concise description of what you expected to happen.

**Information:**
- Dart version:
- Flutter version:
- Platform:
- Package version:
",1.0
cdgco/hestiawebinterface,"
<!-- Before submitting issues, ensure that you have the latest version of VWI and followed the instructions at <|URL|> -->

**Server Environment**
Run the command `bash <(curl -s <|URL|> and put the output below

```
<|Code|>
```

**Client Environment**
If the error occurred within the Hestia Web Interface control panel, what was the client environment.

```
<|Code|>
```

**Describe the bug**
A clear and concise description of what the bug is.

**To Reproduce**
Steps to reproduce the behavior:
1. Go to '...'
2. Click on '....'
3. Scroll down to '....'
4. See error

**Expected behavior**
A clear and concise description of what you expected to happen.

**Screenshots**
If applicable, add screenshots to help explain your problem.

<!-- HestiaCP logs are located in /usr/local/hestia/log/ -->
**Source code / logs / error code**
Include any logs, source code or errors that would help diagnosing the problem.

**Additional context**
Add any other context about the problem here.
",5.0
obrejla/eciovni,"
Version: ?.?.?

### Bug Description
... A clear and concise description of what the bug is. A good bug report shouldn't leave others needing to chase you up for more information.

### Steps To Reproduce
... If possible a minimal demo of the problem ...

### Expected Behavior
... A clear and concise description of what you expected to happen.

### Possible Solution
... Only if you have suggestions on a fix for the bug
",1.0
skyost/bonsoir,"
**Is your feature request related to a problem? Please describe.**
A clear and concise description of what the problem is. Ex. I'm always frustrated when [...]

**Describe the solution you'd like**
A clear and concise description of what you want to happen.

**Describe alternatives you've considered**
A clear and concise description of any alternative solutions or features you've considered.

**Additional context**
Add any other context or screenshots about the feature request here.
",1.0
capacitor-community/google-maps,"
**Describe the bug**
A clear and concise description of what the bug is.

**To Reproduce**
Steps to reproduce the behavior:
1. Go to '...'
2. Click on '....'
3. Scroll down to '....'
4. See error

**Expected behavior**
A clear and concise description of what you expected to happen.

**Screenshots**
If applicable, add screenshots to help explain your problem.

**Additional context**
Add any other context about the problem here.
",1.0
rzashakeri/file_validator,"
**Is your feature request related to a problem? Please describe.**
A clear and concise description of what the problem is. Ex. I'm always frustrated when [...]

**Describe the solution you'd like**
A clear and concise description of what you want to happen.

**Describe alternatives you've considered**
A clear and concise description of any alternative solutions or features you've considered.

**Additional context**
Add any other context or screenshots about the feature request here.
",1.0
lucs1590/nkocr,"

",1.0
junipdewan/jirax,"
**Is your feature request related to a problem? Please describe.**
A clear and concise description of what the problem is. Ex. I'm always frustrated when [...]

**Describe the solution you'd like**
A clear and concise description of what you want to happen.

**Describe alternatives you've considered**
A clear and concise description of any alternative solutions or features you've considered.

**Additional context**
Add any other context or screenshots about the feature request here.
",1.0
jimmychu0807/substrate-offchain-worker-demo,"
**Question**

_Please include information such as the following: is your question to clarify an existing resource
or are you asking about something new? what are you trying to accomplish? where have you looked for
answers?_
",1.0
lazy-lang/lazy,"
**Is your feature request related to a problem? Please describe.**
A clear and concise description of what the problem is. Ex. I'm always frustrated when [...]

**Describe the solution you'd like**
A clear and concise description of what you want to happen.

**Additional context**
Add any other context or screenshots about the feature request here.
",1.0
101arrowz/fflate,"
<!-- This template is just a suggestion, feel free to ignore or delete it -->
**How to reproduce**
<!-- If possible, upload files or instructions to reproduce the bug -->
<!-- You can send them to me privately at <|Email|> if they contain confidential information -->

**The problem**
<!-- Mention what went wrong. More details will help me fix the issue faster -->
<!-- Even just copy-pasting an error message is enough for me to start -->

<!-- List any other context, comments, or clarifications you have here -->
",1.0
chromeos/static-site-scaffold,"
**Is your feature request related to a problem? Please describe.**
A clear and concise description of what the problem is. Ex. I'm always frustrated when [...]

**Describe the solution you'd like**
A clear and concise description of what you want to happen.

**Describe alternatives you've considered**
A clear and concise description of any alternative solutions or features you've considered.

**Additional context**
Add any other context or screenshots about the feature request here.
",1.0
projectdiscovery/collaborator,"
**Describe the bug**
A clear and concise description of what the bug is.

**To Reproduce**
Steps to reproduce the behavior:

**Screenshots**
If applicable, add screenshots to help explain your problem.
",1.0
arco-design/arco-cli,"
**Is your feature request related to a problem? Please describe.**
A clear and concise description of what the problem is. Ex. I'm always frustrated when [...]

**Describe the solution you'd like**
A clear and concise description of what you want to happen.

**Describe alternatives you've considered**
A clear and concise description of any alternative solutions or features you've considered.

**Additional context**
Add any other context or screenshots about the feature request here.
",1.0
natsukagami/kjudge,"
**What version are you encountering the bug in?**
Paste the entire copyright footer here, is the easiest way.

**Describe the bug**
A clear and concise description of what the bug is.

**To Reproduce**
Steps to reproduce the behavior:
1. Go to '...'
2. Click on '....'
3. Scroll down to '....'
4. See error

**Expected behavior**
A clear and concise description of what you expected to happen.

**Screenshots and Logs**
If applicable, add screenshots to help explain your problem.
If this is an ""Internal Server Error"", check <|Repo_Name|> logs and get the dumped log file.

**Desktop (please complete the following information):**
- OS: [e.g. iOS]
- Browser [e.g. chrome, safari]
- Version [e.g. 22]

**Additional context**
Add any other context about the problem here.
",5.0
gleich/fgh,"
<!--
Before making this issue please make sure this issue doesn't already exist!
-->

## Description

<!--
What is the feature you have in mind?
-->
",1.0
edward-shen/mmm-pages,"
**Is your feature request related to a problem? Why do you want this feature?**
<!-- A clear and concise description of what the problem is. Ex. ""I'm always frustrated when [...]"" or ""It'd be cool if [...]"" -->

**Describe the solution you'd like**
<!-- What would you like to see? A config option? A notification? Something else? -->

**Additional context**
<!-- Add any other context or screenshots about the feature request here. -->
",1.0
alisayyah/django-urlconfchecks,"
**Is your feature request related to a problem? Please describe.**
A clear and concise description of what the problem is. Ex. I'm always frustrated when [...]

**Describe the solution you'd like**
A clear and concise description of what you want to happen.

**Describe alternatives you've considered**
A clear and concise description of any alternative solutions or features you've considered.

**Additional context**
Add any other context or screenshots about the feature request here.
",1.0
tufast-tud/tufast_tud,"
**What is the bug?**
Explain what the bug is. Be as precise as possible. We should be able to reproduce the bug based on your explanation.

**Screenshots**
If you include some screenshots, we might be able to solve the problem faster.

**What system are you running?**
- What browser (e.g. chrome, firefox)?
- What version of TUfast (if you know how to find out)?


**Anything else that is important?**
Add any other context about the problem here.
",1.0
jaseci-labs/jaseci,"
**Describe the bug**
A clear and concise description of what the bug is.

**To Reproduce**
Steps to reproduce the behavior:

**Expected behavior**
A clear and concise description of what you expected to happen.

**Screenshots**
If applicable, add screenshots to help explain your problem.

**Environment**
- OS: [e.g. Linux, WSL]
- <|Repo_Name|> version: [e.g. 1.0, 1.3, latest main]
- kubernetes engine [e.g. docker-desktop, minikub, aws eks]

**Additional context**
Add any other context about the problem here.
",1.0
renefloor/flutter_puzzle_hack,"
**Description**

List out the tests that need to be added or changed. Please also include any information as to why this was not covered in the past.

**Requirements**

- [ ] There is no drop in the unit or widget test coverage percentage.
",5.0
easy-graph/easy-graph,"
<!--
Hi there! Thank you for wanting to make EasyGraph better.

Before you submit this; let's make sure of a few things.
Please make sure the following boxes are ticked if they are correct.
If not, please try and fulfill these first.
-->

<!-- Checked checkbox should look like this: [x] -->
- [ ] I have searched the [issues](<|URL|>) of this repo and believe that this is not a duplicate.
- [ ] I have searched the [documentation](<|URL|>) and believe that my question is not covered.

## Feature Request
<!-- Now feel free to write your idea for improvement. Thanks again 🙌 ❤️ -->
",5.0
makupi/pavlov-bot,"
**Is your feature request related to a problem? Please describe.**
A clear and concise description of what the problem is. Ex. I'm always frustrated when [...]

**Describe the solution you'd like**
A clear and concise description of what you want to happen.

**Describe alternatives you've considered**
A clear and concise description of any alternative solutions or features you've considered.

**Additional context**
Add any other context or screenshots about the feature request here.
",1.0
chriskyfung/autofetcher-ig-stories-to-gdrive,"
**Describe the bug**
A clear and concise description of what the bug is.

**To Reproduce**
Steps to reproduce the behavior:
1. Go to '...'
2. Click on '....'
3. Scroll down to '....'
4. See error

**Expected behavior**
A clear and concise description of what you expected to happen.

**Screenshots**
If applicable, add screenshots to help explain your problem.

**Desktop (please complete the following information):**
- OS: [e.g. iOS]
- Browser [e.g. chrome, safari]
- Version [e.g. 22]

**Smartphone (please complete the following information):**
- Device: [e.g. iPhone6]
- OS: [e.g. iOS8.1]
- Browser [e.g. stock browser, safari]
- Version [e.g. 22]

**Additional context**
Add any other context about the problem here.
",1.0
ravisoji/plda,"
**Is your feature request related to a problem? Please describe.**
A clear and concise description of what the problem is. Ex. I'm always frustrated when [...]

**Describe the solution you'd like**
A clear and concise description of what you want to happen.

**Describe alternatives you've considered**
A clear and concise description of any alternative solutions or features you've considered.

**Additional context**
Add any other context or screenshots about the feature request here.
",1.0
expdev07/legacy-rp-admin-v3,"
**Is your feature request related to a problem? Please describe.**
A clear and concise description of what the problem is. Ex. I'm always frustrated when [...]

**Describe the solution you'd like**
A clear and concise description of what you want to happen.

**Describe alternatives you've considered**
A clear and concise description of any alternative solutions or features you've considered.

**Additional context**
Add any other context or screenshots about the feature request here.
",1.0
zeiss-piweb/piweb-api,"
**I am using:**
[ ] C# NuGet
[ ] REST API

**Affected Version(s)**
List the version(s) the bug affects here.

**Describe the bug**
A clear and concise description of what the bug is.

**To Reproduce**
Steps to reproduce the behavior:
1. Go to '...'
2. Click on '....'
3. Scroll down to '....'
4. See error

**Expected behavior**
A clear and concise description of what you expected to happen.

**Screenshots**
If applicable, add screenshots to help explain your problem.

**Additional context**
Add any other context about the problem here.

**Important**
Please remember to not post sensitive information like server URLs directly from log files, or at least replace them with a placeholder:
_Bad_: <|URL|>
_Good_: https://PiWebServer/0000/DataServiceRest/Characteristics/partPath=/somePart/
",1.0
meilisearch/meilisearch-dart,"
<!-- This is not an exhaustive model but a help. No step is mandatory. -->

**Description**
Brief explanation of the feature.

**Basic example**
If the proposal involves something new or a change, include a basic example. How would you use the feature? In which context?

**Other**
Any other things you want to add.
",1.0
googleapis/nodejs-vision,"
Thanks for stopping by to ask us a question! Please make sure to include:
- What you're trying to do
- What code you've already tried
- Any error messages you're getting

**PLEASE READ**: If you have a support contract with Google, please create an issue in the [support console](<|URL|>) instead of filing on GitHub. This will ensure a timely response.
",1.0
ardaku/wavy,"
**Is your feature request related to a problem? Please describe.**
A clear and concise description of what the problem is. Ex. I'm always frustrated when [...]

**Describe the solution you'd like**
A clear and concise description of what you want to happen.

**Describe alternatives you've considered**
A clear and concise description of any alternative solutions or features you've considered.

**Additional context**
Add any other context or screenshots about the feature request here.
",1.0
jamesives/discord-wow-armory-bot,"
**Describe the bug**

> Please provide a clear and concise description of what the bug is.

**Reproduce**

> Steps to reproduce the behavior.


**Expected behavior**

> Please provide a clear and concise description of what you expected to happen.

**Screenshots**

> If applicable, add screenshots to help explain your problem.


**Additional Comments**
> Add any other context about the problem here.
",1.0
wikimedia/wikimediafoundation-org,"
### Goal
As a [type] of user, I want to be able to [insert text here], so that I can [insert text here].

### Details
- Please provide a clear and concise description of what you want to happen

OR

- Is this feature request related to a problem? Please describe by providing a clear and concise description of what the problem is (Ex. I'm always frustrated when [...])

### Notes
Please provide relevant information
- details
- context
- related issues

### Designs / Screenshots
Provide or link to designs or screenshots here

### Proposed Tactic
- A way to solve your problem and/or meet your goal

### Acceptance Criteria
- [ ] TBD
- [ ] TBD
- [ ] TBD
",1.0
ros-av/cli,"
**Describe the bug**
A clear and concise description of what the bug is.

**To Reproduce**
Steps to reproduce the behavior:
1. Go to '...'
2. <|Repo_Name|>ck on '....'
3. Scroll down to '....'
4. See error

**Expected behavior**
A clear and concise description of what you expected to happen.

**Screenshots**
If applicable, add screenshots to help explain your problem.

**Desktop (please complete the following information):**
- OS: [e.g. iOS]
- Browser [e.g. chrome, safari]
- Version [e.g. 22]

**Smartphone (please complete the following information):**
- Device: [e.g. iPhone6]
- OS: [e.g. iOS8.1]
- Browser [e.g. stock browser, safari]
- Version [e.g. 22]

**Additional context**
Add any other context about the problem here.
",1.0
kevin-de-koninck/clean-me,"
## Bug Report

**Current Behavior**
A clear and concise description of the behavior.

**To Reproduce**
Steps to reproduce the behavior:
1. Go to '...'
2. Click on '....'
3. Scroll down to '....'
4. See error

**Expected behavior**
A clear and concise description of what you expected to happen.

**Screenshots**
If applicable, add screenshots to help explain your problem.

**Desktop (please complete the following information):**
- OS version: [e.g. macOS 10.15.1]
- <|Repo_Name|> version [e.g. v1.4.2]

**Additional context**
Add any other context about the problem here.
",1.0
jesusprubio/leg,"
**Describe the bug**
A clear and concise description of what the bug is.

**To Reproduce**
Steps to reproduce the behavior:

1. Go to '...'
2. Click on '....'
3. Scroll down to '....'
4. See error

**Expected behavior**
A clear and concise description of what you expected to happen.

**Screenshots**
If applicable, add screenshots to help explain your problem.

**Environment:**

- OS: [e.g. Fedora 30]
- Version [e.g. 0.1.0]
- Cargo version [e.g. 1.49.0]

**Additional context**
Add any other context about the problem here.
",1.0
datadog/extendeddaemonset,"
**Describe the bug**
A clear and concise description of what the bug is.

**To Reproduce**
Steps to reproduce the behavior:
1. Go to '...'
2. Click on '....'
3. Scroll down to '....'
4. See error

**Expected behavior**
A clear and concise description of what you expected to happen.


**Environment (please complete the following information):**
- Kubernetes version: [e.g. 1.14]
- Kubernetes distribution [e.g. gke, openshift,...]

**Additional context**
Add any other context about the problem here.
",1.0
dual-iron/rwmodloader,"
**Describe the problem you're trying to solve**
A clear and concise description of what the problem is. Ex. I'm always frustrated when [...]

**Describe the solution you'd like**
A clear and concise description of what you want to happen.

**Describe alternatives you've considered**
A clear and concise description of any alternative solutions or features you've considered.

**Additional context**
Add any other context or screenshots about the feature request here.
",1.0
dotcypress/mtproxy,"
**Is your feature request related to a problem? Please describe.**
A clear and concise description of what the problem is. Ex. I'm always frustrated when [...]

**Describe the solution you'd like**
A clear and concise description of what you want to happen.

**Describe alternatives you've considered**
A clear and concise description of any alternative solutions or features you've considered.

**Additional context**
Add any other context or screenshots about the feature request here.
",1.0
parzulpan/real-live,"
Please enter detailed questions about this item.
",1.0
dooboolab/hackatalk,"
**Specify project**
Is this `Client` issue or `Server` side issue?

**Is your feature request related to a problem? Please describe.**
A clear and concise description of what the problem is. Ex. I'm always frustrated when [...]

**Describe the solution you'd like**
A clear and concise description of what you want to happen.

**Describe alternatives you've considered**
A clear and concise description of any alternative solutions or features you've considered.

**Additional context**
Add any other context or screenshots about the feature request here.
",1.0
anmolnetwork/anmol-node,"
**Motivation**

_Describe the need or frustration that motivated you to make this suggestion._

**Suggested Solution**

_Describe your suggested solution to the need or frustration that you are experiencing._

**Alternatives**

_Describe any alternative solutions or features you considered and why you believe your suggested
solution is preferable._

**Additional Information**

_Provide any additional information that you believe may help us evaluate your suggestion._
",1.0
marcusturewicz/dotnet-twitter-bot,"
**Describe the bug**
A clear and concise description of what the bug is.

**To Reproduce**
Steps to reproduce the behavior:
1. Go to '...'
2. Click on '....'
3. Scroll down to '....'
4. See error

**Expected behavior**
A clear and concise description of what you expected to happen.

**Screenshots**
If applicable, add screenshots to help explain your problem.

**Desktop (please complete the following information):**
- OS: [e.g. iOS]
- Browser [e.g. chrome, safari]
- Version [e.g. 22]

**Smartphone (please complete the following information):**
- Device: [e.g. iPhone6]
- OS: [e.g. iOS8.1]
- Browser [e.g. stock browser, safari]
- Version [e.g. 22]

**Additional context**
Add any other context about the problem here.
",1.0
box/box-content-preview,"
Please fill out the following template so we can reproduce and fix your issue as quickly as possible!

**Note:** if your issue includes a potential security vulnerability, please do not file it here. Instead, email the issue to <|Email|> for support.

**Note:** if your issue involves annotations.js/css, please report the issue [here](<|URL|>).

**Environment:**
- Preview version:

**Desktop (please complete the following information):**
- OS: [e.g. iOS]
- Browser [e.g. chrome, safari]
- Version [e.g. 22]

**Smartphone (please complete the following information):**
- Device: [e.g. iPhone6]
- OS: [e.g. iOS8.1]
- Browser [e.g. stock browser, safari]
- Version [e.g. 22]

**Steps to reproduce the problem:**
1.
2.
3.

**What is the expected behavior? (Screenshots can be helpful here)**

**What went wrong? (Screenshots, console logs, or HAR files can be helpful here)**

**Link to application or sample code:**

**If relevant, link to file (or attach file here)**


**Expected behavior**
A clear and concise description of what you expected to happen.

**Screenshots**
If applicable, add screenshots to help explain your problem.

**Additional context**
Add any other context about the problem here.
",5.0
pagesource/universal-react-v2,"
**Is your feature request related to a problem? Please describe.**
A clear and concise description of what the problem is. Ex. I'm always frustrated when [...]

**Describe the solution you'd like**
A clear and concise description of what you want to happen.

**Describe alternatives you've considered**
A clear and concise description of any alternative solutions or features you've considered.

**Additional context**
Add any other context or screenshots about the feature request here.
",1.0
anthonycorletti/cloudrun-fastapi,"
### First check

* [ ] I used GitHub search to find a similar issue and didn't find it.
* [ ] I searched the documentation via integrated search.
* [ ] I already searched in Google ""How to do X"" and didn't find any information.

### Description

How can I [...]?

Is it possible to [...]?

### Additional context

Add any other context or screenshots about the feature request here.
",1.0
digital-asset/canton,"
**Is your feature request related to a problem? Please describe.**
A clear and concise description of what the problem is. Ex. I'm always frustrated when [...]

**Describe the solution you'd like**
A clear and concise description of what you want to happen.

**Describe alternatives you've considered**
A clear and concise description of any alternative solutions or features you've considered.

**Additional context**
Add any other context or screenshots about the feature request here.
",1.0
nikitavoloboev/alfred-my-mind,"
### Question 🤔
<!-- Search existing issues to avoid duplicates. Provide detailed question. -->

",1.0
ava-labs/subnet-evm,"
**Describe the bug**
A clear and concise description of what the bug is.

**To Reproduce**
Steps to reproduce the behavior.

**Expected behavior**
A clear and concise description of what you expected to happen.

**Screenshots**
If applicable, add screenshots to help explain your problem.

**Logs**
If applicable, please include the relevant logs that indicate a problem and/or the log directory of your node. By default, this can be found at `~/.avalanchego/logs/`.

**Metrics**
If applicable, please include any metrics gathered from your node to assist us in diagnosing the problem.

**Operating System**
Which OS you used to reveal the bug.

**Additional context**
Add any other context about the problem here.

Avalanche Bug Bounty program can be found [here](<|URL|>).
",1.0
mudita/mudita-center,"# 🐛 Bug report

## 📝 Description

A clear and concise description of the problem...

## 👍 Expected behavior

What you think should happen...

## 👎 Current behavior

Current 'buggy' behavior...

## 🔬 Minimal Reproduction

Simple steps to reproduce this bug.

Issues that don't have enough info and can't be reproduced will be closed.

## 🌍 Your operating system and Mudita Center version


## 🤔 Anything else relevant?
",1.0
titaniumnetwork-dev/ultraviolet-node,"
Issue tracker is **ONLY** used for reporting bugs. New features should be discussed on our Discord server.

<!--- Provide a general summary of the issue in the Title above -->

## Expected Behavior

<!--- Tell us what should happen -->

## Current Behavior

<!--- Tell us what happens instead of the expected behavior -->

## Possible Solution

<!--- Not obligatory, but suggest a fix/reason for the bug, -->

## Steps to Reproduce

<!--- Provide a link to a live example, or an unambiguous set of steps to -->
<!--- reproduce this bug. Include code to reproduce, if relevant -->

1.
2.
3.
4.

## Context (Environment)

<!--- How has this issue affected you? What are you trying to accomplish? -->
<!--- Providing context helps us come up with a solution that is most useful in the real world -->

<!--- Provide a general summary of the issue in the Title above -->

## Detailed Description

<!--- Provide a detailed description of the change or addition you are proposing -->

## Possible Implementation

<!--- Not obligatory, but suggest an idea for implementing addition or change -->
",1.0
cwjoshuak/lostarktimer.app-web,"
**Is your feature request related to a problem? Please describe.**
A clear and concise description of what the problem is. Ex. I'm always frustrated when [...]

**Describe the solution you'd like**
A clear and concise description of what you want to happen.

**Describe alternatives you've considered**
A clear and concise description of any alternative solutions or features you've considered.

**Additional context**
Add any other context or screenshots about the feature request here.
",1.0
lexus2k/lcdgfx,"
**Is your feature request related to a problem? Please describe.**
A clear and concise description of what the problem is. Ex. I'm always frustrated when [...]

**Describe the solution you'd like**
A clear and concise description of what you want to happen.

**Describe alternatives you've considered**
A clear and concise description of any alternative solutions or features you've considered.

**Additional context**
Add any other context or screenshots about the feature request here.
",1.0
awslabs/schema-manager,"
**Describe the bug**
A clear and concise description of what the bug is.

**To Reproduce**
Steps to reproduce the behavior:
1. Execution Mode
2. Configuration details
3. See error

**Expected behavior**
A clear and concise description of what you expected to happen.

**Available Workarounds**
Describe how to avoid the issue

**Screenshots**
If applicable, add screenshots to help explain your problem.

**Logs**
If applicable, add logs to help explain your problem.

**Environment (please complete the following information):**
- OS: [e.g. MacOS, Linux, Windows]
- Version [e.g. 22]
- Java Version
- Schema Registry Provider
- Schema Type [Avro, Protobuf, JSON]

**Additional context**
Add any other context about the problem here.
",1.0
databricks/dbt-databricks,"
### TBD
",1.0
embarkstudios/texture-synthesis,"
**Describe the bug**
A clear and concise description of what the bug is.

**To Reproduce**
Steps to reproduce the behavior:
1. Go to '...'
2. Click on '....'
3. Scroll down to '....'
4. See error

**Expected behavior**
A clear and concise description of what you expected to happen.

**Screenshots**
If applicable, add screenshots to help explain your problem.

**Device:**
- OS: [e.g. iOS]
- Browser [e.g. chrome, safari]
- Version [e.g. 22]

**Additional context**
Add any other context about the problem here.
",1.0
e2niee/pandapipes,"
If there is already a similar issue, please consider upvoting it.
",1.0
verdaccio/monorepo,"
**Describe the bug**
A clear and concise description of what the bug is.

**To Reproduce**
Steps to reproduce the behavior:
1. Go to '...'
2. Click on '....'
3. Scroll down to '....'
4. See error

**Expected behavior**
A clear and concise description of what you expected to happen.

**Screenshots**
If applicable, add screenshots to help explain your problem.

**Docker || Kubernetes (please complete the following information):**
- Docker verdaccio tag: [e.g. verdaccio:beta]
- Docker commands [e.g. docker pull ...]
- Docker Version [e.g. v18.05.0-ce-rc1]

**Configuration File (cat ~/.config/verdaccio/config.yaml)**

**Debugging output**
- `$ NODE_DEBUG=request verdaccio` display request calls (verdaccio <--> uplinks)
- `$ DEBUG=express:* verdaccio` enable extreme verdaccio debug mode (verdaccio api)
- `$ npm -ddd` prints:
- `$ npm config get registry` prints:

**Additional context**
Add any other context about the problem here.
",1.0
jinmao88/vben3,"
<!--
感谢您提出使这个项目更好的想法！
请尽可能填写以下模板。

Thank you for suggesting an idea to make this project better!
Please fill in as much of the template below as you’re able.

-->

### Subject of the feature

Describe your issue here.

### Problem

If the feature requests relates to a problem, please describe the problem you are trying to solve here.

### Expected behaviour

What should happen? Please describe the desired behaviour.

### Alternatives

What are the alternative solutions? Please describe what else you have considered?
",5.0
pondorasti/pickerkit,"
## <|Repo_Name|> Environment

- <|Repo_Name|> version:
- macOS version:
- Xcode version:
- Dependency manager (Carthage, CocoaPods, SPM, Manually):

## What did you do?

> ℹ Please replace this with what you did.

## What did you expect to happen?

> ℹ Please replace this with what you expected to happen.

## What happened instead?

> ℹ Please replace this with of what happened instead.
",1.0
sebghatyusuf/getx-sqlite,"
**Describe the bug**
A clear and concise description of what the bug is.

**To Reproduce**
Steps to reproduce the behavior:
1. Go to '...'
2. Click on '....'
3. Scroll down to '....'
4. See error

**Expected behavior**
A clear and concise description of what you expected to happen.

**Screenshots**
If applicable, add screenshots to help explain your problem.

**Desktop (please complete the following information):**
- OS: [e.g. iOS]
- Browser [e.g. chrome, safari]
- Version [e.g. 22]

**Smartphone (please complete the following information):**
- Device: [e.g. iPhone6]
- OS: [e.g. iOS8.1]
- Browser [e.g. stock browser, safari]
- Version [e.g. 22]

**Additional context**
Add any other context about the problem here.
",1.0
akkinoc/yaml-resource-bundle,"
## Describe the problem you'd like to have solved

<!--
A clear and concise description of what the problem is.
-->

## Describe the solution you'd like

<!--
A clear and concise description of what you want to happen.
-->
",1.0
shubhodeep9/x-men-origins,"
**Describe the bug**
A clear and concise description of what the bug is.

**To Reproduce**
Steps to reproduce the behavior:
1. Go to '...'
2. Click on '....'
3. Scroll down to '....'
4. See error

**Expected behavior**
A clear and concise description of what you expected to happen.

**Screenshots**
If applicable, add screenshots to help explain your problem.

**Desktop (please complete the following information):**
- OS: [e.g. iOS]
- Browser [e.g. chrome, safari]
- Version [e.g. 22]

**Smartphone (please complete the following information):**
- Device: [e.g. iPhone6]
- OS: [e.g. iOS8.1]
- Browser [e.g. stock browser, safari]
- Version [e.g. 22]

**Additional context**
Add any other context about the problem here.
",1.0
spiral/roadrunner-laravel,"
## Describe the bug

> A clear and concise description of what the bug is.

### Expected behaviour

> Tell us what should happen.

### Actual behaviour

> Tell us what happens instead.

### Steps to reproduce

> Describe steps to behavior reproducing.

## System information

> Please, complete the following information:

Key                     | Value
----------------------- | ----
PHP version             | <!-- e.g. `8.0.3` -->
Current package version | <!-- e.g. `4.0.0` -->
RoadRunner version      | <!-- e.g. `2.0.1` -->
Environment             | <!-- e.g. `docker`, `local`, `aws` -->

### RoadRunner configuration file content

```yaml
<|Code|>
```

### Package configuration file content

```php
<|Code|>
```

## Additional context

> Add any other context about the problem here.
",5.0
tztztztztz/eqlv2,"
**Notice**

There are several common situations in the reimplementation issues as below
1. Reimplement a model in the model zoo using the provided configs
2. Reimplement a model in the model zoo on other dataset (e.g., custom datasets)
3. Reimplement a custom model but all the components are implemented in MMDetection
4. Reimplement a custom model with new modules implemented by yourself

There are several things to do for different cases as below.
- For case 1 & 3, please follow the steps in the following sections thus we could help to quick identify the issue.
- For case 2 & 4, please understand that we are not able to do much help here because we usually do not know the full code and the users should be responsible to the code they write.
- One suggestion for case 2 & 4 is that the users should first check whether the bug lies in the self-implemented code or the original code. For example, users can first make sure that the same model runs well on supported datasets. If you still need help, please describe what you have done and what you obtain in the issue, and follow the steps in the following sections and try as clear as possible so that we can better help you.

**Checklist**
1. I have searched related issues but cannot get the expected help.
2. The issue has not been fixed in the latest version.

**Describe the issue**

A clear and concise description of what the problem you meet and what have you done.

**Reproduction**
1. What command or script did you run?
```
<|Code|>
```
2. What config dir you run?
```
<|Code|>
```
3. Did you make any modifications on the code or config? Did you understand what you have modified?
4. What dataset did you use?

**Environment**

1. Please run `python mmdet/utils/collect_env.py` to collect necessary environment information and paste it here.
2. You may add addition that may be helpful for locating the problem, such as
- How you installed PyTorch [e.g., pip, conda, source]
- Other environment variables that may be related (such as `$PATH`, `$LD_LIBRARY_PATH`, `$PYTHONPATH`, etc.)

**Results**

If applicable, paste the related results here, e.g., what you expect and what you get.
```
<|Code|>
```

**Issue fix**

If you have already identified the reason, you can provide the information here. If you are willing to create a PR to fix it, please also leave a comment here and that would be much appreciated!
",5.0
ebay/skin-react,"
<!-- Delete any sections below that are not relevant. -->

# Bug Report

## eBayUI Version: x.x.x

## Description
<!-- What's the bug? Include steps to reproduce, actual vs. expected behavior, etc. -->

## Workaround
<!-- Is there a known workaround? If so, what is it? -->

## Screenshots
<!-- Upload screenshots if appropriate. -->
",1.0
plugfox/bloc,"
**Describe the bug**
A clear and concise description of what the bug is.

**To Reproduce**
Steps to reproduce the behavior:
1. Go to '...'
2. Click on '....'
3. Scroll down to '....'
4. See error

**Expected behavior**
A clear and concise description of what you expected to happen.

**Screenshots**
If applicable, add screenshots to help explain your problem.

**Logs **
Run `flutter analyze` and attach any output of that command below.
If there are any analysis errors, try resolving them before filing this issue.

Paste the output of running `flutter doctor -v` here.

**Additional context**
Add any other context about the problem here.
",1.0
surendrajat/apklab,"
**Describe the bug**
A clear and concise description of what the bug is.

**To Reproduce**
Steps to reproduce the behavior:

1. Go to '...'
2. Click on '....'
3. See error

**Expected behavior**
A clear and concise description of what you expected to happen.

**Console Logs**

<details>

Please paste all your console output here... between the details HTML tags!

</details>

**System Information:**

- OS: [e.g. Window 10 or Ububntu 20.04]
- VSCode Version: [e.g. 1.45.1-preview]

**Additional context**
Add any other context about the problem here.
",1.0
jadogg/pydoro,"
**Is your feature request related to a problem? Please describe.**
A clear and concise description of what the problem is. Ex. I'm always frustrated when [...]

**Describe the solution you'd like**
A clear and concise description of what you want to happen.

**Describe alternatives you've considered**
A clear and concise description of any alternative solutions or features you've considered.

**Additional context**
Add any other context or screenshots about the feature request here.
",1.0
pkiop/lifemanager,"
## 구현할 내용

## 체크리스트
- [ ]
",1.0
frenetgatewaydefretes/frenet-magento2,"
**Descreva o bug**
Uma descrição clara e concisa que relata o problema.

**Para Reproduzir**
Passos para reproduzir o comportamento:
1. Vá para '...'
2. Clique em '....'
3. Role até '....'
4. Veja o erro

**Comportamento esperado**
Uma descrição clara e concisa que relata o que deveria ser esperado ao seguir os passos acima.

**Screenshots**
Se aplicável, adicione capturas de tela para ajudar a explicar o problem.

**Desktop (por favor, complete as informações seguintes):**
- OS: [e.g. iOS]
- Browser [e.g. chrome, safari]
- Versão do Magento em que acontece o erro
- Versão do módulo no qual o erro foi encontrado

**Smartphone (por favor, complete as informações seguintes):**
- Device: [e.g. iPhone6]
- OS: [e.g. iOS8.1]
- Browser [e.g. stock browser, safari]
- Version [e.g. 22]

**Contexto adicional**
Adicione qualquer outro context sobre o problema aqui.
",1.0
webpack-contrib/eslint-loader,"
<!--
Issues are so 🔥

If you remove or skip this template, you'll make the 🐼 sad and the mighty god
of Github will appear and pile-drive the close button from a great height
while making animal noises.

👉🏽 Need support, advice, or help? Don't open an issue!
Head to StackOverflow or <|URL|>
-->

- Operating System:
- Node Version:
- NPM Version:
- webpack Version:
- <|Repo_Name|> Version:

### Expected Behavior / Situation

### Actual Behavior / Situation

### Modification Proposal
",5.0
openforcefield/openff-forcefields,"
<!--
Thank you for submitting this feature request!

If your proposal relates to using the OpenFF Toolkit (loading molecules or
topologies, applying force fields, using the AmberTools/RDKit/OpenEye toolkit
wrappers), compatibilities with conversions through OpenMM/ParmEd, or
installing software, please raise an issue in the OpenFF Toolkit repo:

<|URL|>

If your idea relates more specifically to the force fields themselves and their contents, please continue below.
-->

**Is your feature request related to a problem? Please describe.**
A clear and concise description of what the problem is. Ex. I'm always frustrated when [...]

**Describe the solution you'd like**
A clear and concise description of what you want to happen.

**Describe alternatives you've considered**
A clear and concise description of any alternative solutions or features you've considered.

**Additional context**
Add any other context or screenshots about the feature request here.
",1.0
revenuecat/purchases-hybrid-common,"
## Common project specific issues

There are certain project specific issues that are commonly misinterpreted as bugs.

- [Offerings, products, or available packages are empty](<|URL|>)
- [Invalid Play Store credentials errors](<|URL|>)
- [Unable to connect to the App Store (STORE_PROBLEM) errors](<|URL|>)

For support I'd recommend our [online community](<|URL|>), [StackOverflow](<|URL|>) and/or [Help Center](<|URL|>) 👍

If you have a clearly defined bug (with a [Minimal, Complete, and Reproducible example](<|URL|>)) that is not specific to your project, follow the steps below to file it with RevenueCat. For SDK-related bugs, make sure they can be reproduced on a physical device, not a simulator (there are simulator-specific problems that prevent purchases from working).

**Describe the bug**
A clear and concise description of what the bug is. The more detail you can provide the faster our team will be able to triage and resolve the issue.

1. Environment
1. Platform:
2. SDK version:
3. OS version:
4. XCode/Android Studio version:
5. How widespread is the issue. Percentage of devices affected.
2. [Debug logs](<|URL|>) that reproduce the issue
3. Steps to reproduce, with a description of expected vs. actual behavior
4. **Other information** (e.g. stacktraces, related issues, suggestions how to fix, links for us to have context, eg. stackoverflow, etc.)

**Additional context**
Add any other context about the problem here.
",5.0
sb-ai-lab/replay,"
## ❓ Questions and Help

### Before asking:
1. search the issues.
2. search the docs.


#### What is your question?


#### Code
<!-- Please paste a code snippet if your question requires it! -->


#### What have you tried?


### Additional context
<!-- Add any other context about the problem here. -->
",5.0
flexcodelabs/sarufi,"
## Current Behavior

<!-- Describe how the issue manifests. -->

## Expected Behavior

<!-- Describe what the desired behavior would be. -->

## Steps to Reproduce the Problem

1.
1.
1.

## Environment

- Version: <!-- Version set in package.json -->
- Platform: <!-- Win/Mac/Linux -->
- Node.js Version: <!-- Output of running `node -v` -->
",1.0
syncano/syncano-platform,"
**Is your feature request related to a problem? Please describe.**
A clear and concise description of what the problem is. Ex. I'm always frustrated when [...]

**Describe the solution you'd like**
A clear and concise description of what you want to happen.

**Describe alternatives you've considered**
A clear and concise description of any alternative solutions or features you've considered.

**Additional context**
Add any other context or screenshots about the feature request here.
",1.0
pmongloid/flipdown-timer-card,"
<!-- READ THIS FIRST:
- If you need additional help with this template please refer to <|URL|>
- Make sure you are running the latest version of Home Assistant before reporting an issue: <|URL|>
- Provide as many details as possible. Do not delete any text from this template!
-->

**Checklist:**

- [ ] I updated to the latest version available
- [ ] I cleared the cache of my browser

**Release with the issue:**

**Last working release (if known):**

**Browser and Operating System:**

<!--
Provide details about what browser (and version) you are seeing the issue in. And also which operating system this is on. If possible try to replicate the issue in other browsers and include your findings here.
-->

**Description of problem:**

<!--
Explain what the issue is, and how things should look/behave. If possible provide a screenshot with a description.
-->

**Javascript errors shown in the web inspector (if applicable):**

```

```

**Additional information:**
",5.0
awslabs/data-transfer-hub,"
**Describe the bug**
A clear and concise description of what the bug is.

**To Reproduce**
Steps to reproduce the behavior.

**Expected behavior**
A clear and concise description of what you expected to happen.

**Please complete the following information about the solution:**
- [ ] Version: [e.g. v1.0.0]

To get the version of the solution, you can look at the description of the created CloudFormation stack. For example, ""_(SO8001) - Data Transfer Hub with aws-solutions-constructs: This template deploys an one-stop toolset for transferring data from different sources into AWS. Template version **v1.0.0**_"".

- [ ] Region: [e.g. us-east-1]
- [ ] Was the solution modified from the version published on this repository?
- [ ] If the answer to the previous question was yes, are the changes available on GitHub?
- [ ] Have you checked your [service quotas](<|URL|>) for the sevices this solution uses?
- [ ] Were there any errors in the CloudWatch Logs?

**Screenshots**
If applicable, add screenshots to help explain your problem (please **DO NOT include sensitive information**).

**Additional context**
Add any other context about the problem here.
",1.0
elie29/zend-di-config,"
**Is your feature request related to a problem? Please describe.**
A clear and concise description of what the problem is. Ex. I'm always frustrated when [...]

**Describe the solution you'd like**
A clear and concise description of what you want to happen.

**Describe alternatives you've considered**
A clear and concise description of any alternative solutions or features you've considered.

**Additional context**
Add any other context or screenshots about the feature request here.
",1.0
raikm/homepanorama,"
**Short description**

**Steps to consider*
- [ ]

**Helpful Links**
",1.0
cloudinary/cloudinary-svelte,"
## Feature request for Cloudinary Svelte SDK
…(If your feature is for other SDKs, please request them there)

## Explain your use case
… (A high-level explanation of why you need this feature)

## Describe the problem you’re trying to solve
… (A more technical view of what you’d like to accomplish, and how this feature will help you achieve it)

## Do you have a proposed solution?
… (yes, no? Please elaborate if needed)
",1.0
strongloop/loopback-filters,"
<!-- 🚨 STOP 🚨 STOP 🚨 STOP 🚨

THE ISSUE TRACKER IS NOT FOR QUESTIONS.

DO NOT CREATE A NEW ISSUE TO ASK A QUESTION.

Please use one of the following resources for help:

**Questions**

- <|URL|>
- <|URL|>
- <|URL|>

**Immediate support**

- <|URL|>
- <|URL|>

-->
",5.0
qiime2/q2-dada2,"
**Bug Description**
A clear and concise description of what the bug is.

**Steps to reproduce the behavior**
1. Go to '...'
2. Click on '....'
3. Scroll down to '....'
4. See error

**Expected behavior**
A clear and concise description of what you expected to happen.

**Screenshots**
If applicable, add screenshots to help explain your problem.

**Computation Environment**
- OS: [e.g. macOS High Sierra]
- QIIME 2 Release [e.g. 2018.6]

**Questions**
1. An enumerated list with any questions about the problem here.
2. If not applicable, please delete this section.

**Comments**
1. An enumerated list with any other context or comments about the problem here.
2. If not applicable, please delete this section.

**References**
1. An enumerated list of links to relevant references, including forum posts, stack overflow, etc.
2. If not applicable, please delete this section.
",1.0
lge-oss/fosslight_dependency,"
**Is your feature request related to a problem? Please describe.**
A clear and concise description of what the problem is. Ex. I'm always frustrated when [...]

**Describe the solution you'd like**
A clear and concise description of what you want to happen.

**Describe alternatives you've considered**
A clear and concise description of any alternative solutions or features you've considered.

**Additional context**
Add any other context or screenshots about the feature request here.
",1.0
verygoodopensource/dart_frog,"
**Description**

Describe what changes need to be done to the build system and why.

**Requirements**

- [ ] The build system is passing
",1.0
sariay/hexo-theme-annie,"
**Is your feature request related to a problem? Please describe.**
A clear and concise description of what the problem is. Ex. I'm always frustrated when [...]

**Describe the solution you'd like**
A clear and concise description of what you want to happen.

**Describe alternatives you've considered**
A clear and concise description of any alternative solutions or features you've considered.

**Additional context**
Add any other context or screenshots about the feature request here.
",1.0
sgermosen/torneopredicciones,"
**Is your feature request related to a problem? Please describe.**
A clear and concise description of what the problem is. Ex. I'm always frustrated when [...]

**Describe the solution you'd like**
A clear and concise description of what you want to happen.

**Describe alternatives you've considered**
A clear and concise description of any alternative solutions or features you've considered.

**Additional context**
Add any other context or screenshots about the feature request here.
",1.0
catlib/catlib,"
If you would like to propose new <|Repo_Name|> For Untiy features, please make a pull request, or open an issue.
",4.0
open-hotel/open-hotel-client,"
**Is your feature request related to a problem? Please describe.**
A clear and concise description of what the problem is. Ex. I'm always frustrated when [...]

**Describe the solution you'd like**
A clear and concise description of what you want to happen.

**Describe alternatives you've considered**
A clear and concise description of any alternative solutions or features you've considered.

**Additional context**
Add any other context or screenshots about the feature request here.
",1.0
teodoradima/homebridge-samsung-air-conditioner-smart-things,"
<!-- You must use the issue template below when submitting a support request -->

**Describe Your Problem:**
<!-- A clear and concise description of what problem you are trying to solve. -->

**Logs:**

```
<|Code|>
```

**Plugin Config:**

```json
<|Code|>
```

**Screenshots:**
<!-- If applicable, add screenshots to help explain your problem. -->

**Environment:**

* **Plugin Version**:
* **Homebridge Version**: <!-- homebridge -V -->
* **Node.js Version**: <!-- node -v -->
* **NPM Version**: <!-- npm -v -->
* **Operating System**: <!-- Raspbian / Ubuntu / Debian / Windows / macOS / Docker / hb-service -->

<!-- Click the ""Preview"" tab before you submit to ensure the formatting is correct. -->
",1.0
vexx32/pswordcloud,"
# :question: Question

<!-- A clear description of the problems you're encountering or any general questions you may have. -->

## :computer: Environment Data

<!--
Execute these commands and paste the results into the below code block:

$PSVersionTable
Get-Module -Name <|Repo_Name|> -ListAvailable
-->

```none

```
",1.0
pragativerma18/mlh-quizzet,"

",1.0
yatopiamc/yatopia,"
**Expected behavior**
<!-- Tell us what behavior is expected -->

**Observed behavior**
<!-- Tell us what is happening -->

**Steps to reproduce (if known)**
<!-- Tell us how did you make this happen
details are always useful -->

**Installed plugins**
<!-- Give us a screenshot of your /plugins -->

**Version**
<!-- This can be seen by the output of /version . Just screenshot that and give it to us -->

**Timings**
<!-- (Optional) Please run a timings report and paste the link here. This helps us track down the problem easier and much quicker -->

**Additional context**
<!-- Anything other you want us to know -->
",1.0
mittwald/kubernetes-secret-generator,"
**Is your feature request related to a problem? Please describe.**
A clear and concise description of what the problem is. Ex. I'm always frustrated when [...]

**Describe the solution you'd like**
A clear and concise description of what you want to happen.

**Describe alternatives you've considered**
A clear and concise description of any alternative solutions or features you've considered.

**Additional context**
Add any other context or screenshots about the feature request here.
",1.0
olivia-ai/olivia,"
Please explain what do you suggest on the Documentation, what you would see instead.
",2.0
iobroker/iobroker.sonos,"
**Describe the bug**
A clear and concise description of what the bug is.

**To Reproduce**
Steps to reproduce the behavior:
1. Go to '...'
2. Click on '...'
3. Scroll down to '....'
4. See error

**Expected behavior**
A clear and concise description of what you expected to happen.

**Screenshots & Logfiles**
If applicable, add screenshots and logfiles to help explain your problem.

**Versions:**
- Adapter version: <adapter-version>
- JS-Controller version: <js-controller-version> <!-- determine this with `iobroker -v` on the console -->
- Node version: <node-version> <!-- determine this with `node -v` on the console -->
- Operating system: <os-name>

**Additional context**
Add any other context about the problem here.
",1.0
cjneely10/metasanity,"
**Version**
<|Repo_Name|> Version [v1/v1.1]:
Installation Type [Docker/SourceCode]:
Installed using `<|URL|>`? [yes/no]:
Databases downloaded using `<|URL|>`? [yes/no]:
Using a python virtual environment or conda? [venv/conda/no]:

**Describe the bug**
A clear and concise description of what the bug is.

**To Reproduce**
Steps to reproduce the behavior:
1. Go to '...'
2. Click on '....'
3. Scroll down to '....'
4. See error

**Expected behavior**
A clear and concise description of what you expected to happen.

**Screenshots**
If applicable, add screenshots to help explain your problem.

**Additional context**
Add any other context about the problem here.
",5.0
yahiaetman/urpcustompostprocessingstack,"
**Is your feature request related to a problem? Please describe.**
A clear and concise description of what the problem is. Ex. I'm always frustrated when [...]

**Describe the solution you'd like**
A clear and concise description of what you want to happen.

**Describe alternatives you've considered**
A clear and concise description of any alternative solutions or features you've considered.

**Additional context**
Add any other context or screenshots about the feature request here.
",1.0
pokt-network/pocket-js,"
### PURPOSE
This issue is meant to serve as a list of common reasons for node jailing
### GUIDELINES
- If FAQ does not comprehensively cover the issue, community comments and contributions are welcome
- Although the issue is closed, FAQ issues are meant to be maintained and edited overtime
## [TITLE OF FAQ]
Answer the question as comprehensively as possible using bulleted lists format:
[Answer P1]
- Detail 1
- More Detail
### NOTES
Add any additional notes here
",4.0
vivero/kerbal-vr,"
**Describe the bug**
A clear and concise description of what the bug is.

**To Reproduce**
Steps to reproduce the behavior:
1. Go to '...'
2. Click on '....'
3. Scroll down to '....'
4. See error

**Expected behavior**
A clear and concise description of what you expected to happen.

**Log**
Attach a copy of the KSP.log file.

**Screenshots**
If applicable, add screenshots to help explain your problem.

**Desktop (please complete the following information):**
- OS: [e.g. Windows 10]
- KSP Version: [e.g. 1.4.5]
- VR Hardware: [e.g. Vive]
- <|Repo_Name|> Version: [e.g. 3.2.1]

**Additional context**
Add any other context about the problem here.
",1.0
codebuddies/backend,"
## Context

## Acceptance Criteria
- [ ]
- [ ]
",1.0
adonisjs/vow-browser,"
<!-- CLICK ""Preview"" FOR INSTRUCTIONS IN A MORE READABLE FORMAT -->

## Prerequisites

We do our best to reply to all the issues on time. If you will follow the given guidelines, the turn around time will be faster.

## Consider an RFC

Please create an [RFC](<|URL|>) instead, if

- Feature introduces a breaking change
- Demands lots of time and changes in the current code base.

*Delete the above section and the instructions in the sections below before submitting*

## Why this feature is required (specific use-cases will be appreciated)?
<!-- YOUR ANSWER -->

## Have you tried any other work arounds?
<!-- YOUR ANSWER -->

## Are you willing to work on it with little guidance?
<!-- YOUR ANSWER -->
",5.0
kripod/glaze,"
## Description

<!-- A clear and concise description of what the bug is. -->

## Reproduction

<!-- Steps describing how to reproduce the issue. Providing code snippets or an entire demo project is highly appreciated, as they make the issue much easier to diagnose. -->

## Expected behavior

<!-- What should happen? -->

## Actual behavior

<!-- What actually happened. A screenshot may be provided here if applicable. -->

## Environment

<!-- Please run `npx envinfo --system --browsers --binaries --npmPackages <|Repo_Name|> --markdown | npx clipboard-cli` in your project directory and paste the output here. -->
",1.0
softchris/yaml-server,"
**Is your feature request related to a problem? Please describe.**
A clear and concise description of what the problem is. Ex. I'm always frustrated when [...]

**Describe the solution you'd like**
A clear and concise description of what you want to happen.

**Describe alternatives you've considered**
A clear and concise description of any alternative solutions or features you've considered.

**Additional context**
Add any other context or screenshots about the feature request here.
",1.0
paularmstrong/build-tracker,"
<!--

IMPORTANT!
Follow the format of this template or your issue will be automatically closed
by a bot. Following this template helps keep the quality of feature requests
high, which will help them be addressed sooner.

-->

## Problem

<!--
Explain the problem you'd like to have Build Tracker solve.
When trying to solve more solutions with Build Tracker, please keep in mind
some of the following goals of the project:
* Be lightweight: small project size (single-digit KiBs, gzipped)
* Be easy: too many options in an API can become confusing
* Be clear: the intended purpose of every method should be obvious
* Is it easy to do this in ""userland""? Would it be better off done there?
-->

## Proposed solution

<!--
Explain a possible way to solve the problem. Keep in mind that there may be
alternate ways to do the same thing. Try to think of those and weight
the tradeoffs.
-->
",1.0
the-eg/octoprint-camerasettings,"
**Description of Desired Feature**
(What should the plugin do that it currently doesn't? How would users interact and use this feature? Is this feature related to setting the camera stream settings? Does another plugin already provide this feature?
Note: if this is related to missing camera controls, please use that template instead.)
",1.0
jameswoolfenden/sato,"
**Describe the bug**
A clear and concise description of what the bug is.

**To Reproduce**
Steps to reproduce the behavior:

1. Go to '...'
2. Click on '....'
3. Scroll down to '....'
4. See error

**Expected behavior**
A clear and concise description of what you expected to happen.

**Screenshots**
If applicable, add screenshots to help explain your problem.

**Desktop (please complete the following information):**

- OS: [e.g. iOS]
- Browser [e.g. chrome, safari]
- Version [e.g. 22]

**Smartphone (please complete the following information):**

- Device: [e.g. iPhone6]
- OS: [e.g. iOS8.1]
- Browser [e.g. stock browser, safari]
- Version [e.g. 22]

**Additional context**
Add any other context about the problem here.
",1.0
ltcmelo/psychec,"
**Description**
Steps to reproduce the behavior:

**Version**
Tag, branch, commit, or screenshot of `git show --summary`:

**Expected behavior**
A clear and concise description of what you expected to happen.
",1.0
redromnon/heroicbashlauncher,"
**Is your feature request related to a problem? Please describe.**
A clear and concise description of what the problem is. Ex. I'm always frustrated when [...]

**Describe the solution you'd like**
A clear and concise description of what you want to happen.

**Describe alternatives you've considered**
A clear and concise description of any alternative solutions or features you've considered.

**Additional context**
Add any other context or screenshots about the feature request here.
",1.0
musabrt/kcommando,"
**Describe the bug**
A clear and concise description of what the bug is.

**To Reproduce**
Steps to reproduce the behavior:
1. Go to '...'
2. Click on '....'
3. Scroll down to '....'
4. See error

**Expected behavior**
A clear and concise description of what you expected to happen.

**Screenshots**
If applicable, add screenshots to help explain your problem.

**Versions**
Your current JDA, Reflections8 and <|Repo_Name|> versions.

**Additional context**
Add any other context about the problem here.
",1.0
evrentan/java-examples,"
**Is your feature request related to a problem? Please describe.**
A clear and concise description of what the problem is. Ex. I'm always frustrated when [...]

**Describe the solution you'd like**
A clear and concise description of what you want to happen.

**Describe alternatives you've considered**
A clear and concise description of any alternative solutions or features you've considered.

**Additional context**
Add any other context or screenshots about the feature request here.
",1.0
verygoodopensource/r13n,"
**Description**

Provide a link to a PR/Commit that you are looking to revert and why.

**Requirements**

- [ ] Change has been reverted
- [ ] No change in unit/widget test coverage has happened
- [ ] A new ticket is created for any follow on work that needs to happen
",5.0
yoshuawuyts/github-templates,"
# Feature Request
## Summary
One paragraph explanation of the feature.

## Motivation
Why are we doing this? What use cases does it support? What is the expected
outcome?

## Guide-level explanation
Explain the proposal as if it was already included in the project and you
were teaching it to another programmer. That generally means:

- Introducing new named concepts.
- Explaining the feature largely in terms of examples.
- If applicable, provide sample error messages, deprecation warnings, or
migration guidance.

## Reference-level explanation
This is the technical portion of the feature request. Explain the design in
sufficient detail that:

- Its interaction with other features is clear.
- It is reasonably clear how the feature would be implemented.
- Corner cases are dissected by example.

## Drawbacks
Why should we _not_ do this?

## Rationale and alternatives
- Why is this design the best in the space of possible designs?
- What other designs have been considered and what is the rationale for not
choosing them?
- What is the impact of not doing this?

## Unresolved Questions
What related issues do you consider out of scope for this feature that could be
addressed in the future independently of the solution that comes out of this
feature?
",1.0
rafaelgoulartb/next-blog-cms,"
**Describe the bug**
A clear and concise description of what the bug is.

**To Reproduce**
Steps to reproduce the behavior:
1. Go to '...'
2. Click on '....'
3. Scroll down to '....'
4. See error

**Screenshots**
If applicable, add screenshots to help explain your problem.

**Desktop (please complete the following information):**
- OS: [e.g. iOS]
- Browser [e.g. chrome, safari]
- Version [e.g. 22]
",1.0
initialposition/pyjama,"
**Describe the bug**
A clear and concise description of what the bug is.

**To Reproduce**
Steps to reproduce the behavior:
1. Go to '...'
2. Click on '....'
3. Scroll down to '....'
4. See error

**Expected behavior**
A clear and concise description of what you expected to happen.

**Screenshots**
If applicable, add screenshots to help explain your problem.

**Desktop (please complete the following information):**
- OS: [e.g. Windows]
- Script Version [e.g. 1.0.0]
- Python Version [e.g. 3.7]

**Additional context**
Add any other context about the problem here.
",1.0
launchdarkly/dotnet-server-sdk,"
**Is your feature request related to a problem? Please describe.**
A clear and concise description of what the problem is. Ex. I would love to see the SDK [...does something new...]

**Describe the solution you'd like**
A clear and concise description of what you want to happen.

**Describe alternatives you've considered**
A clear and concise description of any alternative solutions or features you've considered.

**Additional context**
Add any other context about the feature request here.
",1.0
kithare/kithare,"
## Prologue
A clear and concise introductory of what got you to make this issue. Eg. The documentation of ... isn't clear.


## Description
A clear and concise description of what you want to happen.
",1.0
ayushjainrksh/conactivity,"
**Is your feature request related to a problem? Please describe.**
A clear and concise description of what the problem is. Ex. I'm always frustrated when [...]

**Describe the solution you'd like**
A clear and concise description of what you want to happen.

**Describe alternatives you've considered**
A clear and concise description of any alternative solutions or features you've considered.

**Additional context**
Add any other context or screenshots about the feature request here.
",1.0
rittaschool/ritta-server,"
**Describe the bug**
*A clear and concise description of what the bug is.*

**To Reproduce**
*Steps to reproduce the behavior*

**Expected behavior**
*A clear and concise description of what you expected to happen.*

**Screenshots**
*If applicable, add screenshots to help explain your problem.*

**System information**
*What system are you running Ritta on?*

**Additional context**
*Add any other context about the problem here.*
",1.0
kanglin/rabbitim,"
**Is your feature request related to a problem? Please describe.**
A clear and concise description of what the problem is. Ex. I'm always frustrated when [...]

**Describe the solution you'd like**
A clear and concise description of what you want to happen.

**Describe alternatives you've considered**
A clear and concise description of any alternative solutions or features you've considered.

**Additional context**
Add any other context or screenshots about the feature request here.
",1.0
kylemath/eegedu,"
**Is your feature request related to a problem? Please describe.**
A clear and concise description of what the problem is. Ex. I'm always frustrated when [...]

**Describe the solution you'd like**
A clear and concise description of what you want to happen.

**Describe alternatives you've considered**
A clear and concise description of any alternative solutions or features you've considered.

**Additional context**
Add any other context or screenshots about the feature request here.
",1.0
d-exclaimation/pioneer,"
**Describe the bug**
A clear and concise description of what the bug is.

**To Reproduce**
Steps to reproduce the behavior:
1. Go to '...'
2. Click on '....'
3. Scroll down to '....'
4. See error

**Expected behavior**
A clear and concise description of what you expected to happen.

**Screenshots**
If applicable, add screenshots to help explain your problem.

**Desktop (please complete the following information):**
- OS: [e.g. iOS]
- Version [e.g. 22]
- <|Repo_Name|> configuration [e.g. httpStrategy: `.queryOnlyGet`, websocketProtocol: `.graphqlWs`]

**Additional context**
Add any other context about the problem here.
",1.0
swartjean/ha-eskom-loadshedding,"
<!-- Before you open a new issue, search through the existing issues to see if others have had the same problem.

Issues not containing the minimum requirements will be closed:

- Issues without a description (using the header is not good enough) will be closed.
- Issues without debug logging will be closed.
- Issues without configuration will be closed

-->

## Version of the custom_component
<!-- If you are not using the newest version, download and try that before opening an issue
If you are unsure about the version check the <|URL|> file.
-->

## Configuration

```yaml
<|Code|>
```

## Describe the bug
A clear and concise description of what the bug is.


## Debug log

<!-- To enable debug logs check this <|URL|> -->

```text
<|Code|>
```
",5.0
dry-rb/dry-struct,"
## Describe the bug

A clear and concise description of what the bug is.

## To Reproduce

Provide detailed steps to reproduce, **an executable script would be best**.

## Expected behavior

A clear and concise description of what you expected to happen.

## My environment

- Affects my production application: **YES/NO**
- Ruby version: ...
- OS: ...
",1.0
adonisjs/sink,"
<!-- CLICK ""Preview"" FOR INSTRUCTIONS IN A MORE READABLE FORMAT -->

## Prerequisites

We do our best to reply to all the issues on time. If you will follow the given guidelines, the turn around time will be faster.

## Consider an RFC

Please create an [RFC](<|URL|>) instead, if

- Feature introduces a breaking change
- Demands lots of time and changes in the current code base.

*Delete the above section and the instructions in the sections below before submitting*

## Why this feature is required (specific use-cases will be appreciated)?
<!-- YOUR ANSWER -->

## Have you tried any other work arounds?
<!-- YOUR ANSWER -->

## Are you willing to work on it with little guidance?
<!-- YOUR ANSWER -->
",5.0
bitfocus/companion-module-renewedvision-propresenter,"
**Is your feature request related to a problem? Please describe.**
A clear and concise description of what the problem is. Ex. I'm always frustrated when [...]

**Describe the solution you'd like**
A clear and concise description of what you want to happen.

**Describe alternatives you've considered**
A clear and concise description of any alternative solutions or features you've considered.

**Additional context**
Add any other context or screenshots about the feature request here.
",1.0
aricooperdavis/huawei-tcx-converter,"
**Input**
Tell me what you typed in to produce the error.

**Output**
Tell me what happened when you used the tool.

**Files**
Send me your HiTrack file for me to troubleshoot with.

**Anything else**
Was your run on the moon? Was your run 2 years long? Let me know anything out of the ordinary that might be relevant.
",2.0
coppersource/gm0,"
**What information should be added?**
Provide an explanation of what information is missing

**Does it need it's own page? (Yes/No):** Yes

**If it needs a page, which section should it be in? If it doesn't, which page should it be under?**
Explain where it should be, preferably with a link.
",1.0
solero/houdini,"
**Describe the bug**
A clear and concise description of what the bug is.

**Client Type:**
Vanilla and/or Legacy

**To Reproduce**
Steps to reproduce the behavior:
1. Go to '...'
2. Click on '....'
3. Scroll down to '....'
4. See error

**Install Method**
Wand/Manual setup/Other (please specify)

**Expected behavior**
A clear and concise description of what you expected to happen.

**Screenshots**
If this is a bug that happens in-game, post a screenshot with dev-tools open in your browser (F12 to open).

**Server Info:**
- OS: [e.g. Windows/Linux/macOS]

**Additional context**
Add any other context about the problem here.
",1.0
xitonix/trubka,"

",1.0
rcore-os/rcore-tutorial,"
### 标题
大致描述问题

> “生命周期的默认推断问题” 要好于 “Rust 语法为什么这么难”

### 格式
使用 Markdown 来格式化问题，可以切换到 Preview 预览格式化呈现效果

应使用 `` ` `` 和 `` ``` `` 符号来标记代码，例如：

`<|Code|>`
```rust
<|Code|>
```

### Issue 的管理
所有学习讨论问题会使用 **learning** 标签，可以在 Issues 页面将 Filter 设置为 `label:learning` 来查看所有讨论

为了便于浏览，已解决的问题会被关闭。建议提问者在问题解决后进行回复并 @ 仓库维护人员
",3.0
koriavinash1/deepbrainseg,"

",1.0
cloudfoundry-incubator/quarks-operator,"
**Is your feature request related to a problem? Please describe.**
A clear and concise description of what the problem is. Ex. I'm always frustrated when [...]

**Describe the solution you'd like**
A clear and concise description of what you want to happen.

**Describe alternatives you've considered**
A clear and concise description of any alternative solutions or features you've considered.

**Additional context**
Add any other context or screenshots about the feature request here.
",1.0
tophf/mpiv,"
#### Steps to reproduce the bug
1.

#### Expected behavior

#### Screenshots

#### Environment
- Browser: [Chrome, Firefox]
- <|Repo_Name|> Version:

<!--
To suggest adding/modifying rules for sites,
please use `<|Repo_Name|> host rules` in the Discussions section:
<|URL|>
-->
",1.0
apple/swift-atomics,"
<!-- Thanks for contributing to Swift Atomics! -->

<!-- Before you submit your issue, please replace this comment with a
description of your proposed feature. Please be sure to describe some
concrete use cases for the new feature -- be as specific as possible.
Provide links to existing issues or external references/discussions,
if appropriate. -->
",1.0
mkb79/audible,"
**Describe the bug**
A clear and concise description of what the bug is.

**To Reproduce**
Steps to reproduce the behavior:
1. Go to '...'
2. Click on '....'
3. Scroll down to '....'
4. See error

**Expected behavior**
A clear and concise description of what you expected to happen.

**Screenshots**
If applicable, add screenshots to help explain your problem.

**Desktop (please complete the following information):**
- OS: [e.g. iOS]
- Browser [e.g. chrome, safari]
- Version [e.g. 22]

**Smartphone (please complete the following information):**
- Device: [e.g. iPhone6]
- OS: [e.g. iOS8.1]
- Browser [e.g. stock browser, safari]
- Version [e.g. 22]

**Additional context**
Add any other context about the problem here.
",1.0
1password/ansible-onepasswordconnect-collection,"
### Summary
<!-- Briefly describe the feature in one or two sentences. You can include more details later. -->

### Use cases
<!-- Describe the use cases that make this feature useful to others.
The description should help the reader understand why the feature is necessary.
The better we understand your use case, the better we can help create an appropriate solution. -->


### Proposed solution
<!-- If you already have an idea for how the feature should work, use this space to describe it.
We'll work with you to find a workable approach, and any implementation details are appreciated.
-->

### Is there a workaround to accomplish this today?
<!-- If there's a way to accomplish this feature request without changes to the codebase, we'd like to hear it.
-->

### References & Prior Work
<!-- If a similar feature was implemented in another project or tool, add a link so we can better understand your request.
Links to relevant documentation or RFCs are also appreciated. -->

* <!-- Reference 1 -->
* <!-- Reference 2, etc -->
",1.0
kyh/yours-sincerely,"
**Describe the bug**
A clear and concise description of what the bug is.

**To Reproduce**
Steps to reproduce the behavior:

1. Go to '...'
2. Click on '....'
3. Scroll down to '....'
4. See error

**Expected behavior**
A clear and concise description of what you expected to happen.

**Screenshots**
If applicable, add screenshots to help explain your problem.

**Desktop (please complete the following information):**

- OS: [e.g. iOS]
- Browser [e.g. chrome, safari]
- Version [e.g. 22]

**Smartphone (please complete the following information):**

- Device: [e.g. iPhone6]
- OS: [e.g. iOS8.1]
- Browser [e.g. stock browser, safari]
- Version [e.g. 22]

**Additional context**
Add any other context about the problem here.
",1.0
kesin11/firestore-simple,"
**Describe the bug**
A clear and concise description of what the bug is.

**Expected behavior**
A clear and concise description of what you expected to happen.

**Additional context**
Add any other context about the problem here.
",1.0
simaki/epymetheus,"

",1.0
fizista/micropython-mcron,"
**Describe the bug**
A clear and concise description of what the bug is.

**To Reproduce**
Steps to reproduce the behavior:
For example a piece of code that can be pasted into a micropython console.

**Details (please complete the following information):**
- Device board: [e.g. ESP32]
- Micropython version: [e.g. 1.12, name or URL fork]
- Library version [e.g. 0.1]
",1.0
rodneyviana/netext,"
**Is your feature request related to a problem? Please describe.**
A clear and concise description of what the problem is. Ex. I'm always frustrated when [...]

**Describe the solution you'd like**
A clear and concise description of what you want to happen.

**Describe alternatives you've considered**
A clear and concise description of any alternative solutions or features you've considered.

**Additional context**
Add any other context or screenshots about the feature request here.
",1.0
adonisjs/bodyparser,"
<!-- CLICK ""Preview"" FOR INSTRUCTIONS IN A MORE READABLE FORMAT -->

## Prerequisites

We do our best to reply to all the issues on time. If you will follow the given guidelines, the turn around time will be faster.

- Lots of raised issues are directly not bugs but instead are design decisions taken by us.
- Make use of our [GH discussions](<|URL|>), or [discord server](<|URL|>), if you are not sure that you are reporting a bug.
- Ensure the issue isn't already reported.
- Ensure you are reporting the bug in the correct repo.

*Delete the above section and the instructions in the sections below before submitting*

## Package version
<!-- YOUR ANSWER -->

## Node.js and npm version
<!-- YOUR ANSWER -->

## Sample Code (to reproduce the issue)
<!-- YOUR ANSWER -->

## BONUS (a sample repo to reproduce the issue)
<!-- YOUR ANSWER -->
",5.0
untitled-team-101/sudoku,"
## *Feature Description*
Add a clear and concise description of what the problem is.
Is your feature request related to a problem? Please describe. Ex. I'm always frustrated when [...]
Include ![screenshots]() if necessary



## *Describe the solution you'd like*
A clear and concise description of what you want to happen.

## *Additional Comments*
Add any other context, comments or screenshots about the feature request here.

##### Self check list:
- [ ] A descriptive title
- [ ] A description of the problem you're trying to solve, including *why* you think this is a problem
- [ ] An overview of the suggested solution
- [ ] Add your file in the proper folder
- [ ] `Clean Code` and `Documentation` for better readability
",1.0
sachie/react-quickstart,"
**Describe the bug**
A clear and concise description of what the bug is.

**To Reproduce**
Steps to reproduce the behavior:
1. Go to '...'
2. Click on '....'
3. Scroll down to '....'
4. See error

**Expected behavior**
A clear and concise description of what you expected to happen.

**Screenshots**
If applicable, add screenshots to help explain your problem.

**Desktop (please complete the following information):**
- OS: [e.g. iOS]
- Browser [e.g. chrome, safari]
- Version [e.g. 22]

**Smartphone (please complete the following information):**
- Device: [e.g. iPhone6]
- OS: [e.g. iOS8.1]
- Browser [e.g. stock browser, safari]
- Version [e.g. 22]

**Additional context**
Add any other context about the problem here.
",1.0
kentico/gatsby-starter-kontent-lumen,"
### Motivation

Why is this feature required? What problems does it solve?

### Proposed solution

An ideal solution for the above problems.

### Additional context

Add any other context, screenshots, or reference links about the feature request here.
",1.0
quanshousio/toastui,"
## Pre-requisites:

* [ ] Yes, I looked through both [open and closed issues](<|URL|>) looking for what I needed.
* [ ] No, I did not find what I was looking for.

<!--- Provide a general summary of the issue in the Title above. -->

## Expected Behavior

<!--- Tell us what should happen. -->

## Current Behavior

<!--- Tell us what happens instead of the expected behavior. -->

## Possible Solution

<!--- Not obligatory, but suggest a fix/reason for the bug, -->
<!--- or ideas as to the implementation of the addition or change. -->

## Steps to Reproduce

<!--- Provide a set of steps to reproduce this bug. -->
<!--- Include code, configuration or screenshots to reproduce, if relevant. -->

## Context

<!--- How has this issue affected you? What are you trying to accomplish? -->
<!--- Providing context (e.g. links to configuration settings, -->
<!--- stack trace or log data) helps us come up with a solution that is most useful in the real world. -->

## Your Environment

<!--- Include as many relevant details about the environment you experienced the bug in. -->

* Swift Version:
* Xcode Version:
* Operating System Version:
* Device or Simulator:
",1.0
blazored/menu,"
**Please be sure to check the readme file before raising an issue.**
",1.0
consolidation/site-process,"
**Existing document**
Please provide a link to the existing document that is unclear or incomplete.

**What are you attempting to do**
Please explain the task you are attempting to accomplish.

**In what way is the existing documentation unclear or incomplete**
Please explain any confusion or ambiguities in the existing documentation.

**What should the documentation say instead?**
To the best of your ability, explain what additional information would allow you to complete your task. If you already know what the documentation should say, please consider submitting a documentation pull request instead.
",5.0
irusanov/smudebugtool,"
**Describe the bug**
A clear and concise description of what the bug is.

**To Reproduce**
Steps to reproduce the behavior:
1. Go to '...'
2. Click on '....'
3. Scroll down to '....'
4. See error

**Expected behavior**
A clear and concise description of what you expected to happen.

**Screenshots**
If applicable, add screenshots to help explain your problem.

**Desktop (please complete the following information):**
- OS: [e.g. Windows 7]
- CPU Model [e.g. AMD Ryzen 9 3900X]
- Motherboard Model [e.g. Asus Crosshair VI Hero]
- Version [e.g. 22]

**Additional context**
Add any other context about the problem here.
",1.0
joshwilsonvu/eslint-plugin-solid,"
**Your Question**

<!-- A question or comment about this plugin. -->
",1.0
nertilpoci/visualstudio-output-filter-extension,"
**Describe the bug**
A clear and concise description of what the bug is.

**To Reproduce**
Steps to reproduce the behavior:
1. Go to '...'
2. Click on '....'
3. Scroll down to '....'
4. See error

**Expected behavior**
A clear and concise description of what you expected to happen.

**Screenshots**
If applicable, add screenshots to help explain your problem.

**Desktop (please complete the following information):**
- OS: [e.g. iOS]
- Browser [e.g. chrome, safari]
- Version [e.g. 22]

**Smartphone (please complete the following information):**
- Device: [e.g. iPhone6]
- OS: [e.g. iOS8.1]
- Browser [e.g. stock browser, safari]
- Version [e.g. 22]

**Additional context**
Add any other context about the problem here.
",1.0
uriahshaulmandel/baldphone,"
**Is your feature request related to a problem? Please describe.**
A clear and concise description of what the problem is. Ex. I'm always frustrated when [...]

**Describe the solution you'd like**
A clear and concise description of what you want to happen.

**Describe alternatives you've considered**
A clear and concise description of any alternative solutions or features you've considered.

**Additional context**
Add any other context or screenshots about the feature request here.
",1.0
vxl/vxl,"
<!-- The text within this markup is a comment, and is intended to provide
guidelines to open an issue for the <|Repo_Name|> repository. This text will not
be part of the issue. -->


<!-- Before submitting an issue, please check that your issue has not been
already filed. -->

### Description

<!-- Description of the bug. -->

### Steps to Reproduce

<!--
1. [First Step]
2. [Second Step]
3. [and so on...]

Provide a minimal, complete, compilable, and verifiable example (commonly
abbreviated as MWE, Minimal Working Example, or sometimes referred to as SSEE,
Short, Self Contained, Correct (Compilable) Example, SSCCE) or code snippet,
either through a GitHub gist (<|URL|>) or providing your own
files (including your source code, `CMakeLists.txt` file if applicable, and your
data) reproducing the incorrect regression result. -->

### Expected behavior

<!-- What you expect to happen. -->

### Actual behavior

<!-- What actually happens. -->

### Reproducibility

<!-- What percentage of the time does it reproduce? -->

### Versions

<!-- If a tagged version, you can get this information by inspecting the
`<|Repo_Name|>_VERSION_MAJOR` `<|Repo_Name|>_VERSION_MINOR` and `<|Repo_Name|>_VERSION_PATCH` variables.

If the commit number is required, run `$ git rev-parse --short HEAD`. -->

### Environment

<!-- Which your OS, CMake, and compiler versions are, or your Python and
installed package versions are. -->

### Additional Information

<!-- Any additional information, configuration or data that might be necessary
to reproduce the issue. -->


<!-- **Note**: Use issues for their purpose; issues are not for code help.-->
",5.0
cbrgm/go-t,"
#### Description

<!--
Example: xyz returns wrong values when executed as ...
-->

#### Steps to reproduce the issue

<!--
Try to describe as precisely as possible here the steps required to reproduce
the issue.
-->

#### Expected results

<!--
Example: xyz should return values ... when executed as ...
-->

#### Actual results

<!--
Please paste or specifically describe the actual output.
-->

#### Versions

<!--
Operating system: Mac OSX, Linux, Windows, ...
Build environment: Binary version, golang runtime version, ...
-->

<!-- Thanks for contributing! -->
",1.0
kaihotz/react-formik-ui,"
**Is your feature request related to a problem? Please describe.**
A clear and concise description of what the problem is. Ex. I'm always frustrated when [...]

**Describe the solution you'd like**
A clear and concise description of what you want to happen.

**Describe alternatives you've considered**
A clear and concise description of any alternative solutions or features you've considered.

**Additional context**
Add any other context or screenshots about the feature request here.
",1.0
halfpipe/halfpipe,"
**Is your feature request related to a problem? Please describe.**
A clear and concise description of what the problem is. Ex. I'm always frustrated when [...]

**Describe the solution you'd like**
A clear and concise description of what you want to happen.

**Describe alternatives you've considered**
A clear and concise description of any alternative solutions or features you've considered.

**Additional context**
Add any other context or screenshots about the feature request here.
",1.0
edgedb/edgedb-net,"
**Describe the bug**
A clear and concise description of what the bug is.

**Reproduction**
Include the code that is causing the error:

```csharp
<|Code|>
```

**Expected behavior**
A clear and concise description of what you expected to happen. If applicable, add screenshots to help explain your problem.

**Versions (please complete the following information):**

<!--
For EdgeDB Version: run `edgedb query 'select sys::get_version_as_str()'` from your project directory (or run `select sys::get_version_as_str();` in the EdgeDB interactive shell).
For EdgeDB CLI version: Run `edgedb --version` from anywhere
For `<|Repo_Name|>` version: Run `dotnet list package` from your project directory and look for ""EdgeDB.Net.Driver"", or find the version number in NuGet's ""Installed"" tab.
For .NET version: dotnet --version
-->

- OS:
- EdgeDB version:
- EdgeDB CLI version:
- `<|Repo_Name|>` version:
- .NET version:

**Additional context**
Add any other context about the problem here.
",1.0
descholar-ceo/boiler,"
## Describe concisely about your issue
> Put your description here ...
",1.0
pfgithub/threadclient,"

",1.0
apollon77/iobroker.smartmeter,"
**Is your feature request related to a problem? Please describe.**
A clear and concise description of what the problem is. Ex. I'm always frustrated when [...]

**Describe the solution you'd like**
A clear and concise description of what you want to happen.

**Describe alternatives you've considered**
A clear and concise description of any alternative solutions or features you've considered.

**Additional context**
Add any other context or screenshots about the feature request here.
",1.0
auralous/auralous,"
**Is your feature request related to a problem? Please describe.**
A clear and concise description of what the problem is. Ex. I'm always frustrated when [...]

**Describe the solution you'd like**
A clear and concise description of what you want to happen.

**Describe alternatives you've considered**
A clear and concise description of any alternative solutions or features you've considered.

**Additional context**
Add any other context or screenshots about the feature request here.
",1.0
stuncloud/uwscr,"
## 概要

<!-- 不具合の内容をここに記述してください -->

## 再現手順

<!-- 現象を再現させるための手順を記述してください -->
<!-- スクリプトの実行のみで再現する場合は不要です -->

1.

## 再現コード

<!-- 実行することで現象が発生するコードがある場合はここに記述してください-->
<!-- 再現手順を補完するためのコードなどでも構いません -->
<!-- なるべく環境依存のコードは避けてください、コードの実行ができず調査できない場合があります -->

```stylus
<|Code|>
```

## 実行環境

- <|Repo_Name|>バージョン: 0.0.0
- OS: Windows (11/10/8.1/7)
<!-- ウィンドウ操作時の不具合であれば以下も記述してください -->
- 対象ウィンドウ情報
- アプリケーション名:
- 画面の表示手順
1.
<!-- BrowserControlの不具合であれば以下も記述してください -->
- ブラウザ情報
- ブラウザ名:
- バージョン:


## 補足

<!-- その他の情報がある場合はここに記述してください -->
",1.0
competemcgill/wisp,"
**Describe the bug**
A clear and concise description of what the bug is.

**To Reproduce**
Steps to reproduce the behavior:
1. Go to '...'
2. Click on '....'
3. Scroll down to '....'
4. See error

**Expected behavior**
A clear and concise description of what you expected to happen.

**Screenshots**
If applicable, add screenshots to help explain your problem.

**Environment:**
- Browser [e.g. chrome, safari]
- Mobile or Desktop?

**Additional context**
Add any other context about the problem here.
",1.0
bitcoin-com/badger,"
FOR USER QUESTIONS, PLEASE DO NOT OPEN A GITHUB ISSUE - IT WILL NOT BE HANDLED HERE.

INSTEAD, PLEASE EMAIL <|Email|> WITH A DESCRIPTION OF YOUR PROBLEM.
",5.0
capgemini/powerapps-packagedeployer-template,"
## Is your feature request related to a problem? Please describe
_A clear and concise description of what the problem is. Ex. I'm always frustrated when [...]_

## Describe the solution you'd like
_A clear and concise description of what you want to happen._

## Additional context
_Add any other context or screenshots about the feature request here._
",1.0
azure-samples/communication-services-web-calling-hero,"
<!--
IF SUFFICIENT INFORMATION IS NOT PROVIDED VIA THE FOLLOWING TEMPLATE THE ISSUE MIGHT BE CLOSED WITHOUT FURTHER CONSIDERATION OR INVESTIGATION
-->
> Please provide us with the following information:
> ---------------------------------------------------------------

### This issue is for a: (mark with an `x`)
```
<|Code|>
```

### Minimal steps to reproduce
>

### Any log messages given by the failure
>

### Expected/desired behavior
>

### OS and Version?
> Windows 7, 8 or 10. Linux (which distribution). macOS (Yosemite? El Capitan? Sierra?)

### Versions
>

### Mention any other details that might be useful

> ---------------------------------------------------------------
> Thanks! We'll be in touch soon.
",5.0
orhun/menyoki,"
**Is your feature request related to a problem? Please describe.**
A clear and concise description of what the problem is. Ex. I'm always frustrated when [...]

**Describe the solution you'd like**
A clear and concise description of what you want to happen.

**Describe alternatives you've considered**
A clear and concise description of any alternative solutions or features you've considered.

**Additional context**
Add any other context about the feature request here.
",1.0
robocomp/robocomp,"### Describe the bug

A clear and concise description of what the bug is.

### Instructions
This is a ``first-timer-only`` issue. **So the people who have not contributed to <|Repo_Name|>'s codebase before, or people who have not contributed to open source before can take this up.**

If you have contributed before, **consider leaving this PR for someone new** :)

#### Prerequisites
You do not need to know anything prior to taking up this issue! Welcome to opensource!

#### 📋 Steps
- [ ] **Claim this issue** : Comment below. If someone else has claimed it, ask if they've opened a pull request already and if they're stuck -- maybe you can help them solve a problem or move it along!

- [ ]  **Fork the <|Repo_Name|>/<|Repo_Name|> repository** using the fork button on the topright corner.

- [ ] **Clone the newly forked repository** on your local machine.

- [ ] **Commit and push** your changes.

- [ ] **Make a Pull Request** by going to your fork of <|Repo_Name|>.

- [ ] **Ask in comments for a maintainer to review**.

<!-- markdown-link-check-disable -->
If you are not familiar with GitHub or how to create a pull request, [here is a guide you can follow on how GitHub works.](<|URL|>)
<!-- markdown-link-check-enable -->

If you are familiar with the terminal or would like to learn to use it, here is a great tutorial on how to send a pull request using the terminal :-
[Doc-Tutorial](<|URL|>) or  [Video-Tutorial](<|URL|>)

### Questions?
Don’t hesitate to ask questions or to get help if you feel like you are getting stuck. For example leave a comment below or ask in the [gitter channel](<|URL|>).



[<|Repo_Name|> FAQ](<|URL|>)
[<|Repo_Name|> Tutorials](<|URL|>)
[<|Repo_Name|> Contribution guide](<|URL|>)

**Good luck with your first issue!**
",1.0
skydoves/elasticviews,"
**Is your feature request related to a problem?**

A clear and concise description of what the problem is.

**Describe the solution you'd like:**

A clear and concise description of what you want to happen.

**Describe alternatives you've considered:**

A clear description of any alternative solutions you've considered.
",1.0
martinmcwhorter/commitiquette,"
**Describe the bug**
A clear and concise description of what the bug is.

**To Reproduce**
Include clear reproduction steps.

**Expected behavior**
A clear and concise description of what you expected to happen.

**CommitLint config**
Include your commitLint config file.
",1.0
0xricksanchez/like-dbg,"
**Describe the bug**
A clear and concise description of what the bug is.

**To Reproduce**
Steps to reproduce the behavior:
1. Which version of <|Repo_Name|>
2. What is the exact command you ran
3. What are the **relevant** fields in your `config.ini`


**Expected behavior**
A clear and concise description of what you expected to happen.

**Screenshots**
If applicable, add screenshots to help explain your problem.


**Desktop (please complete the following information):**
Fill me in on the specs of your environment:
1. Operating system (e.g.: `cat /etc/os-release`)
2. Python version (`python --version`)
3. Python packages (in your virtualenv: `pip freeze`)
3. Docker version (`docker --version`)


**Additional context**
Add any other context about the problem here.
",5.0
student-hub/acs-upb-mobile,"
**Is your feature request related to a problem? Please describe.**
A clear and concise description of what the problem is. Ex. I'm always frustrated when [...]

**Describe the solution you'd like**
A clear and concise description of what you want to happen.

**Describe alternatives you've considered**
A clear and concise description of any alternative solutions or features you've considered.

**Additional context**
Add any other context or screenshots about the feature request here.
",1.0
googleapis/python-notebooks,"
Thanks for stopping by to let us know something could be better!

**PLEASE READ**: If you have a support contract with Google, please create an issue in the [support console](<|URL|>) instead of filing on GitHub. This will ensure a timely response.

Please run down the following list and make sure you've tried the usual ""quick fixes"":

- Search the issues already opened: <|URL|>
- Search StackOverflow: <|URL|>

If you are still having issues, please be sure to include as much information as possible:

#### Environment details

- OS type and version:
- Python version: `python --version`
- pip version: `pip --version`
- `google-cloud-notebooks` version: `pip show google-cloud-notebooks`

#### Steps to reproduce

1. ?
2. ?

#### Code example

```python
<|Code|>
```

#### Stack trace
```
<|Code|>
```

Making sure to follow these steps will guarantee the quickest resolution possible.

Thanks!
",5.0
jerometwell/pynonymizer,"
**Describe the bug**
A clear and concise description of what the bug is.

**To Reproduce**
Steps to reproduce the behavior:

**Expected behavior**
A clear and concise description of what you expected to happen.

**Additional context**
Add any other context about the problem here.
",1.0
custom-components/breaking_changes,"
**Is your feature request related to a problem? Please describe.**
A clear and concise description of what the problem is. Ex. I'm always frustrated when [...]

**Describe the solution you'd like**
A clear and concise description of what you want to happen.

**Describe alternatives you've considered**
A clear and concise description of any alternative solutions or features you've considered.

**Additional context**
Add any other context or screenshots about the feature request here.
",1.0
jumpserver/installer,"
**请描述您的需求或者改进建议.**
",1.0
kbatbouta/rimworld-rocketman,"
**Describe the bug**
A clear and concise description of what the bug is.

**To Reproduce**
Steps to reproduce the behavior:
1. Go to '...'
2. Click on '....'
3. Scroll down to '....'
4. Activate '...'
5. See error

**Expected behavior**
A clear and concise description of what you expected to happen.

**Logs**
- Hugslib: Please upload your Hugslib report by clicking `CTRL+F12` then copying the report link here.
- Player.log: Upload your if you can.

**Screenshots**
If applicable, add screenshots to help explain your problem.

**Environment (please complete the following information):**
- RimWorld Version [e.g. 22]
- OS: [e.g. Windows 10]

**Additional context**
Add any other context about the problem here.
",1.0
serial-ata/lofty-rs,"

",1.0
fotiemconstant/geek-quote-api,"
**Is your feature request related to a problem? Please describe.**
A clear and concise description of what the problem is. Ex. I'm always frustrated when [...]

**Describe the solution you'd like**
A clear and concise description of what you want to happen.

**Describe alternatives you've considered**
A clear and concise description of any alternative solutions or features you've considered.

**Additional context**
Add any other context or screenshots about the feature request here.
",1.0
flyve-mdm/glpi-plugin,"
## Documentation

Checkout our [Documentation](<|URL|>) hosted on Read the Docs.

We also share long-form content about the project on the website, check our [Development](<|URL|>) section.

## Contact

For notices about major changes and general discussion of Flyve MDM development, subscribe to the [/r/FlyveMDM](<|URL|>) subreddit.
You can also chat with us via IRC in [#flyve-mdm on freenode](<|URL|>) or [@flyvemdm on Telegram](<|URL|>).
Ping me @btry in the IRC chatroom if you get stuck.
",5.0
max-ieremenko/servicemodel.grpc,"

",1.0
myles/jekyll-typogrify,"
**Describe the bug**
A clear and concise description of what the bug is.

**To Reproduce**
Steps to reproduce the behavior:
1. Go to '...'
2. Click on '....'
3. Scroll down to '....'
4. See error

**Expected behavior**
A clear and concise description of what you expected to happen.

**Screenshots**
If applicable, add screenshots to help explain your problem.

**Desktop (please complete the following information):**
- OS: [e.g. iOS]
- Browser [e.g. chrome, safari]
- Version [e.g. 22]

**Smartphone (please complete the following information):**
- Device: [e.g. iPhone6]
- OS: [e.g. iOS8.1]
- Browser [e.g. stock browser, safari]
- Version [e.g. 22]

**Additional context**
Add any other context about the problem here.
",1.0
hoptical/grafana-kafka-datasource,"
**Describe the bug**
A clear and concise description of what the bug is.

**To Reproduce**
Steps to reproduce the behavior:
1. Go to '...'
2. Click on '....'
3. Scroll down to '....'
4. See error

**Expected behavior**
A clear and concise description of what you expected to happen.

**Screenshots**
If applicable, add screenshots to help explain your problem.

**Desktop Information:**
- OS: [e.g. iOS]
- Browser [e.g. chrome, safari]
- Plugin Version [e.g. 0.1]
- Grafana Version [e.g. 8.1]

**Additional context**
Add any other context about the problem here.
",1.0
twoeightnine/xvii,"
**Describe the idea you'd like**
A clear and concise description of what you want to happen.

**Describe alternatives you've considered**
A clear and concise description of any alternative solutions or features you've considered.

**Additional context**
Add any other context or screenshots about the feature request here.
",1.0
ericzimmerman/sqlecmd,"
** <|Repo_Name|> version **
The version of <|Repo_Name|> you are currently using

**Is your feature request related to a problem? Please describe.**
A clear and concise description of what the problem is. Ex. I'm always frustrated when [...]

**Describe the solution you'd like**
A clear and concise description of what you want to happen.

**Describe alternatives you've considered**
A clear and concise description of any alternative solutions or features you've considered.

**Additional context**
Add any other context or screenshots about the feature request here.
",1.0
tersesystems/terse-logback,"
**Is your feature request related to a problem? Please describe.**
A clear and concise description of what the problem is. Ex. I'm always frustrated when [...]

**Describe the solution you'd like**
A clear and concise description of what you want to happen.

**Describe alternatives you've considered**
A clear and concise description of any alternative solutions or features you've considered.

**Additional context**
Add any other context or screenshots about the feature request here.
",1.0
dwavesystems/penaltymodel,"
**Current Problem**
Is your feature request related to a problem? Please provide a clear and concise description of what the problem is. Ex. I'm always frustrated when [...]

**Proposed Solution**
A clear and concise description of what you want to happen.

**Alternatives Considered**
A clear and concise description of any alternative solutions or features you've considered.

**Additional context**
Add any other context here.
",1.0
isma123hh/bilibili_live-assistant,"
**问题描述**


**出现问题的直播间地址**


**F12控制台截图**


**使用设备**
系统：[例如：Windows10]
浏览器：[例如：Chrome]
脚本版本：[例如：2.8.0]

**其他信息(回答是或否)**
您是否尝试刷新网页？

如果刷新网页无效，您是否尝试重启浏览器？


**补充内容（选填）**
",1.0
php-flasher/php-flasher,"
**Is your feature request related to a problem? Please describe.**
A clear and concise description of what the problem is. Ex. I'm always frustrated when [...]

**Describe the solution you'd like**
A clear and concise description of what you want to happen.

**Describe alternatives you've considered**
A clear and concise description of any alternative solutions or features you've considered.

**Additional context**
Add any other context or screenshots about the feature request here.
",1.0
nicholas-maltbie/tilemaps,"
**Is your feature request related to a problem? Please describe.**
A clear and concise description of what the problem is. Ex. I'm always frustrated when [...]

**Describe the solution you'd like**
A clear and concise description of what you want to happen.

**Describe alternatives you've considered**
A clear and concise description of any alternative solutions or features you've considered.

**Additional context**
Add any other context or screenshots about the feature request here.
",1.0
dongyunlee/sm3-php,"
**bug描述**
请清晰简洁地描述一下出现了什么问题。

**如何复现**
复现步骤：
1. 打开 '...'
2. 点击 '....'
3. 下滑到 '....'
4. 出现bug

**预期的结果**
请清晰简洁地描述一下应该是什么反应。

**屏幕截图**
如果方便的话，加几张截图可以更清晰地描述你的问题。

**环境 (请补全以下信息):**
- OS: [e.g. iOS]
- 环境 [e.g. cli, fast-cgi, fpm]
- Version [e.g. php-7.4.4]

**额外信息**
未尽之处，请补充于此。
",5.0
yahoofinancelive/yliveticker,"
**Describe the bug**
A clear and concise description of what the bug is.

**To Reproduce**
Steps to reproduce the behavior

**Expected behavior**
A clear and concise description of what you expected to happen.

**Environment (please complete the following information):**
- Python Version: [e.g. 3.7.5]
- OS: [e.g. Windows]
- Version [e.g. X Build XXXXX]

**Additional context**
Add any other context about the problem here.
",1.0
saltyorg/saltbox,"
**Describe the bug**
A clear and concise description of what the bug is.

**To Reproduce**
Steps to reproduce the behavior:
1. Go to '...'
2. Click on '....'
3. Scroll down to '....'
4. See error

**Expected behavior**
A clear and concise description of what you expected to happen.

**Screenshots**
If applicable, add screenshots to help explain your problem.

**Logs**
Link to debug or trace log files.

If issue occurs during Ansible playbook, run playbook with `-vv` to output detailed debug log.

**System Information**

- Operating System: [e.g. Ubuntu Server 20.04 LTS]
- Linux Kernel: [e.g. 5.8]

**Additional context**
Add any other context about the problem here.
",1.0
tkt-actions/add-issue-links,"
# Overview

# Issues
-

# Checks
- [ ] Update the version of package.json
- [ ] Update the version of README
",4.0
hanagantig/aerrors,"
**Describe the bug**
A clear and concise description of what the bug is.

**To Reproduce**
Steps to reproduce the behavior:
1. Go to '...'
2. Click on '....'
3. Scroll down to '....'
4. See error

**Expected behavior**
A clear and concise description of what you expected to happen.
",1.0
nette/latte-tools,"
Version: ?.?.?

### Bug Description
... A clear and concise description of what the bug is. A good bug report shouldn't leave others needing to chase you up for more information.

### Steps To Reproduce
... If possible a minimal demo of the problem ...

### Expected Behavior
... A clear and concise description of what you expected to happen.

### Possible Solution
... Only if you have suggestions on a fix for the bug
",1.0
mikigal/ryzen-hackintosh,"
| **Component**    | **Model**            |
| ---------------- | -------------------- |
| CPU              | [Your CPU]           |
| Motherboard      | [Your motherboard]   |
| GPU              | [Your GPU]           |
| Audio Chipset    | [Your audio chipset] |
| Ethernet         | [Your Ethernet card] |
| WiFi & Bluetooth | [Your WiFi card]     |

**Link to your EFI**: [Paste link]

**Paste here screenshot or video with logs/kernel panic, remember to boot with `-v debug=0x100 keepsyms=1` parameters**
",5.0
rsdn/codejam,"
**Is your feature request related to a problem? Please describe.**
A clear and concise description of what the problem is. Ex. I'm always frustrated when [...]

**Describe the solution you'd like**
A clear and concise description of what you want to happen.

**Describe alternatives you've considered**
A clear and concise description of any alternative solutions or features you've considered.

**Additional context**
Add any other context or screenshots about the feature request here.
",1.0
jama5262/jiffy,"
**Is your feature request related to a problem? Please describe.**
A clear and concise description of what the problem is. Ex. I'm always frustrated when [...]

**Describe the solution you'd like**
A clear and concise description of what you want to happen.

**Describe alternatives you've considered**
A clear and concise description of any alternative solutions or features you've considered.

**Additional context**
Add any other context or screenshots about the feature request here.
",1.0
pylons/plaster,"
## Get Support
To get help or technical support, see [Get Support](<|URL|>).

## Documentation Suggestion

Please [search the issue tracker](<|URL|>) for similar issues before submitting a new issue.

**Describe the issue**
A clear and concise description of the issue.

**Include references**
1. Go to the URL '...'
2. Click on '....'
3. Scroll down to '....'

**Describe the improvement**
A clear and concise description of your suggestion.

**Screenshots**
If applicable, add screenshots to help explain the issue.

**Additional context**
Add any other context about the issue here.
",5.0
rock-solid/pwa-theme-woocommerce,"
**Is your feature request related to a problem? Please describe.**
A clear and concise description of what the problem is. Ex. I'm always frustrated when [...]

**Describe the solution you'd like**
A clear and concise description of what you want to happen.

**Describe alternatives you've considered**
A clear and concise description of any alternative solutions or features you've considered.

**Additional context**
Add any other context or screenshots about the feature request here.
",1.0
azure/cloud-native,"

",1.0
inland-empire-software-development/spark,"
**Describe the bug**
A clear and concise description of what the bug is.

**To Reproduce**
Steps to reproduce the behavior:
1. Go to '...'
2. Click on '....'
3. Scroll down to '....'
4. See error

**Expected behavior**
A clear and concise description of what you expected to happen.

**Screenshots**
If applicable, add screenshots to help explain your problem.

**Desktop (please complete the following information):**
- OS: [e.g. iOS]
- Browser [e.g. chrome, safari]
- Version [e.g. 22]

**Smartphone (please complete the following information):**
- Device: [e.g. iPhone6]
- OS: [e.g. iOS8.1]
- Browser [e.g. stock browser, safari]
- Version [e.g. 22]

**Additional context**
Add any other context about the problem here.
",1.0
brminnick/darkmodesplashscreen,"
**Is your feature request related to a problem? Please describe.**
A clear and concise description of what the problem is. Ex. I'm always frustrated when [...]

**Describe the solution you'd like**
A clear and concise description of what you want to happen.

**Describe alternatives you've considered**
A clear and concise description of any alternative solutions or features you've considered.

**Additional context**
Add any other context or screenshots about the feature request here.
",1.0
pedrolabonia/pydavinci,"
**Describe the bug**
A clear and concise description of what the bug is.

**To Reproduce**
Steps to reproduce the behavior:

**Expected behavior**
A clear and concise description of what you expected to happen.

**Screenshots**
If applicable, add screenshots to help explain your problem.

**Desktop (please complete the following information):**
- OS: [e.g. Windows 11]
- Python Version
- Davinci Resolve Version

**Additional context**
Add any other context about the problem here.
",1.0
raspberrypi/tinyusb,"
**Description**
Describe which API you want to port (DCD/HCD/OSAL/BSP). It is also helpful to go through [<|URL|>](<|URL|>) first if you haven't yet.
",2.0
dstpierre/gosaas,"
**Is your feature request related to a problem? Please describe.**
A clear and concise description of what the problem is. Ex. I'm always frustrated when [...]

**Describe the solution you'd like**
A clear and concise description of what you want to happen.

**Describe alternatives you've considered**
A clear and concise description of any alternative solutions or features you've considered.

**Additional context**
Add any other context or screenshots about the feature request here.
",1.0
asotog/squeezebox,"
**Describe the bug**
A clear and concise description of what the bug is.

**Versions**
OS, Browser, Angular, etc

**To Reproduce**
Steps to reproduce the behavior:
1. Go to '...'
2. Click on '....'
3. Scroll down to '....'
4. See error

**Expected behavior**
A clear and concise description of what you expected to happen.

**Screenshots**
If applicable, add screenshots to help explain your problem.

**Desktop (please complete the following information):**
- OS: [e.g. iOS]
- Browser [e.g. chrome, safari]
- Version [e.g. 22]

**Smartphone (please complete the following information):**
- Device: [e.g. iPhone6]
- OS: [e.g. iOS8.1]
- Browser [e.g. stock browser, safari]
- Version [e.g. 22]

**Additional context**
Add any other context about the problem here.
",1.0
noam-dori/ros-integrate,"
**Feature:**
*In 10 words or fewer, what do you want added?*

**Background**
*Provide useful context for the feature.
why do you want it? What problems do you have without it?*

**Details**
*In more detail, describe how a user would use this feature.*
",1.0
traewelldroid/traewelldroid,"
**Describe the bug**
A clear and concise description of what the bug is.

**To Reproduce**
Steps to reproduce the behavior:
1. Go to '...'
2. Click on '....'
3. Scroll down to '....'
4. See error

**Expected behavior**
A clear and concise description of what you expected to happen.

**Screenshots**
If applicable, add screenshots to help explain your problem.

**Desktop (please complete the following information):**
- OS: [e.g. iOS]
- Browser [e.g. chrome, safari]
- Version [e.g. 22]

**Smartphone (please complete the following information):**
- Device: [e.g. iPhone6]
- OS: [e.g. iOS8.1]
- Browser [e.g. stock browser, safari]
- Version [e.g. 22]

**Additional context**
Add any other context about the problem here.
",1.0
sadsfae/ansible-nagios,"
**Your System Details**

* Ansible version (`rpm -qa | grep ansible`):
* Operating System: (`cat /etc/redhat-release`)

**Describe the bug**
A clear and concise description of what the bug is.

**To Reproduce / What were you Doing?**
Steps to reproduce the behavior:
1. Go to '...'
2. Click on '....'
3. Scroll down to '....'
4. See error

**Expected Behavior**
A clear and concise description of what you expected to happen.

**Logs / Screenshots**
If applicable, add logs or screenshots to help explain your problem.

**Additional Details**
Add any other context or details about the problem here.
",5.0
dlxplugins/highlight-and-share,"
## What is the desired behavior?

Describe what the expected/desired behavior of a feature/action.

## What is the actual behavior?

What is actually happening?

## Steps to reproduce undesired behavior:

Detail how to reproduce the bug.

1. Install the plugin
2. Visit the Settings tab
3. Click on a social network...

## Screenshots or Video
Add screenshots or videos to the issue. These help out immensely with diagnosing unexpected behavior.

## Additional Comments
Add any other context about the problem here.
",5.0
bugsnag/bugsnag-react-native,"
<!-- Before raising, please check if somebody else has already reported your issue. -->

### Describe the bug
A clear and concise description of what the bug is.

### Steps to reproduce
1. Go to '...'
2. Click on '....'
3. Scroll down to '....'
4. See error

### Environment
* Bugsnag version:
* CocoaPods version (if any):
* Xcode version (if any):
* iOS/Android version(s):
* simulator/emulator or physical device:
* Using Hermes on Android?:
* debug mode or production?:

<!--
Below are a few approaches you might take to communicate the issue, in
descending order of awesomeness. Please choose one and feel free to delete
the others from this template.
-->

### Example Repo <!-- Option 1 -->

- [ ] Create a minimal repository that can reproduce the issue
- [ ] Link to it here:

### Example code snippet <!-- Option 2 -->

```
<|Code|>
```

<!-- Error messages, if any -->
<details><summary>Error messages:</summary>

```

```
</details>
",1.0
craftzdog/electron-markdown-editor-tutorial,"
**Describe the bug**
A clear and concise description of what the bug is.

**To Reproduce**
Steps to reproduce the behavior:
1. Go to '...'
2. Click on '....'
3. Scroll down to '....'
4. See error

**Expected behavior**
A clear and concise description of what you expected to happen.

**Screenshots**
If applicable, add screenshots to help explain your problem.

**Additional context**
Add any other context about the problem here.
",1.0
luxdamore/nuxt-prune-html,"
**Is your feature request related to a problem? Please describe.**
A clear and concise description of what the problem is. Ex. I'm always frustrated when [...]

**Describe the solution you'd like**
A clear and concise description of what you want to happen.

**Describe alternatives you've considered**
A clear and concise description of any alternative solutions or features you've considered.

**Additional context**
Add any other context or screenshots about the feature request here.
",1.0
qpv-research-group/solcore5,"
**Describe the bug**
A clear and concise description of what the bug is.


**To Reproduce**
Steps to reproduce the behavior:


**Expected behavior**
A clear and concise description of what you expected to happen.


**Screenshots**
If applicable, add screenshots to help explain your problem.

**Desktop (please complete the following information):**
- OS: [e.g. iOS]
- Solcore Version [e.g. 22]


**Additional context**
Add any other context about the problem here.
",1.0
etlbox/etlbox,"
**Is your feature request related to a problem? Please describe.**
A short description of what the problem is.

**Describe the solution you'd like**
A clear and concise description of what you want to happen.

**Describe alternatives you've considered**
A summary of any alternative solutions or features you've considered.
",1.0
deusfinance/mobile-app,"
**Describe the bug**
A clear and concise description of what the bug is.

**To Reproduce**
Steps to reproduce the behavior:
1. Go to '...'
2. Click on '....'
3. Scroll down to '....'
4. See error

**Expected behavior**
A clear and concise description of what you expected to happen.

**Screenshots**
If applicable, add screenshots to help explain your problem.

**Smartphone (please complete the following information):**
- Device: [e.g. iPhone6]
- OS: [e.g. iOS8.1]
- Browser [e.g. stock browser, safari]
- Version [e.g. 22]

**Additional context**
Add any other context about the problem here.
",1.0
gerryyang/mac-utils,"
**Is your feature request related to a problem? Please describe.**
A clear and concise description of what the problem is. Ex. I'm always frustrated when [...]

**Describe the solution you'd like**
A clear and concise description of what you want to happen.

**Describe alternatives you've considered**
A clear and concise description of any alternative solutions or features you've considered.

**Additional context**
Add any other context or screenshots about the feature request here.
",1.0
matcracker/servertools,"
**Is your feature request related to a problem? Please describe.**
<!--A clear and concise description of what the problem is. Ex. I'm always frustrated when [...] -->

**Describe the solution you'd like**
<!--A clear and concise description of what you want to happen.-->

**Describe alternatives you've considered**
<!--A clear and concise description of any alternative solutions or features you've considered.-->

**Additional context**
<!--Add any other context or screenshots about the feature request here.-->
",1.0
ghostyorg/guardian,"
**Describe the bug**
A clear and concise description of what the bug is.

**To Reproduce**
Steps to reproduce the behavior:
1. Go to '...'
2. Click on '....'
3. Scroll down to '....'
4. See error

**Expected behavior**
A clear and concise description of what you expected to happen.

**Screenshots**
If applicable, add screenshots to help explain your problem.

**Desktop (please complete the following information):**
- OS: [e.g. iOS]
- Browser [e.g. chrome, safari]
- Version [e.g. 22]

**Smartphone (please complete the following information):**
- Device: [e.g. iPhone6]
- OS: [e.g. iOS8.1]
- Browser [e.g. stock browser, safari]
- Version [e.g. 22]

**Additional context**
Add any other context about the problem here.
",1.0
thijsvanede/deeplog,"
**Is your feature request related to a problem? Please describe.**
A clear and concise description of what the problem is. Ex. I'm always frustrated when [...]

**Describe the solution you'd like**
A clear and concise description of what you want to happen.

**Describe alternatives you've considered**
A clear and concise description of any alternative solutions or features you've considered.

**Additional context**
Add any other context or screenshots about the feature request here.
",1.0
wfcd/warframe-worldstate-parser,"
**Summary (short):**

---
**Description:**

---
**Mockups:**
",1.0
adyen/adyen-ruby-api-library,"
**ruby version**: x.y.z
**Library version**: x.y.z

**Is your feature request related to a problem? Please describe.**
A clear and concise description of what the problem is. Ex. I'm always frustrated when [...]

**Describe the solution you'd like**
A clear and concise description of what you want to happen.

**Describe alternatives you've considered**
A clear and concise description of any alternative solutions or features you've considered.

**Additional context**
Add any other context or screenshots about the feature request here.
",1.0
zhenorzz/goploy,"
**Describe the bug**
A clear and concise description of what the bug is.

**To Reproduce**
Steps to reproduce the behavior:
1. Go to '...'
2. Click on '....'
3. Scroll down to '....'
4. See error

**Expected behavior**
A clear and concise description of what you expected to happen.

**Screenshots**
If applicable, add screenshots to help explain your problem.

**APP (please complete the following information):**
- OS: [e.g. iOS]
- Version [e.g. 1.9.0]
- Browser [e.g. chrome, safari]

**Additional context**
Add any other context about the problem here.
",1.0
deathbeds/jupyterlab-starters,"
<!--
Welcome! Before creating a new issue:
* Search for relevant issues
* Follow the issue reporting guidelines:
<|URL|>
-->

## What I am trying to do...

<!-- Describe what you are trying to do, and how the current docs aren't helping you achieve it-->

## How I would like to learn how to do it...

<!--Describe what would help you understand what you are trying to do, e.g. tutorials, code comments, screencasts, etc.-->

## How the project might keep the docs accurate...

<!--Describe how this documentation can be kept up-to-date: testing, link checking, etc. -->
",5.0
freshworks/freshchat-ios,"
## Describe the bug
A clear and concise description of what the bug is.

## Steps to reproduce
```
<|Code|>
```

## Expected behavior
A clear and concise description of what you expected to happen.

## Platform
- [ ] iOS

- [ ] React Native

## Freshchat SDK version
- SDK version :
- React Native version (if applicable) :

## Device information
- [ ] is reproducible on all devices?

```
<|Code|>
```

## Crash log
if applicable, add logs here to help us debug the problem

## Screenshot/ Video recording
If applicable, add screenshots/video recording to help explain your problem.

## Additional context
Add any other context about the problem here.
",1.0
xrtk/com.xrtk.wmr,"
# XRTK - Mixed Reality Toolkit Feature Request

## Is your feature request related to a problem? Please describe

<!--Please provide a clear and concise description of what the problem is.
E.g. I'm always frustrated when [...]-->

## How would you classify your suggestion
<!--What type of enhancement is it, e.g:-->

- New platform support
- Usability / Configuration
- Architecture / Services

## Describe the solution you'd like
<!--A clear and concise description of what you want to happen.-->

## Describe alternatives you've considered
<!--A clear and concise description of any alternative solutions or features you've considered.-->

## Additional context
<!--Add any other context or screenshots about the feature request here.-->
",1.0
sschmid/sherlog,"
**Describe the bug**
A clear and concise description of what the bug is.

**To Reproduce**
Steps to reproduce the behavior:
1. Go to '...'
2. Click on '....'
3. Scroll down to '....'
4. See error

**Expected behavior**
A clear and concise description of what you expected to happen.

**Screenshots**
If applicable, add screenshots to help explain your problem.

**Additional context**
Add any other context about the problem here.
",1.0
mineinabyss/geary,"
## Purpose
*What does this condition check for?*

## Data
- Describe a list of properties that should be configurable
- ex. a radius to check in, or a list of smaller checks that should either be true or false.
",2.0
alexzzz/libvirt-exporter,"
**Describe the bug**
A clear and concise description of what the bug is.

**Version of <|Repo_Name|>**
Version of <|Repo_Name|> (tag) or a hash of a commit used.

**Is <|Repo_Name|> used in docker?**
Yes or no.

**Libvirt version**
Version of libvirt library installed on host.

**To Reproduce**
Steps to reproduce the behavior:
1. systemctl start libvirt-exproter
2. curl <|URL|>
3. ...
4. See error

**Expected behavior**
A clear and concise description of what you expected to happen.

**Additional context**
Add any other context about the problem here.
",1.0
boxyhq/jackson,"
> Please check if your Feature Request has not been already raised in the [Discussions Tab](<|URL|>), as we would like to reduce duplicates. If it has been already raised, simply upvote it 🔼.

### Is your proposal related to a problem?

<!--
Provide a clear and concise description of what the problem is.
For example, ""I'm always frustrated when...""
-->

(Write your answer here.)

### Describe the solution you'd like

<!--
Provide a clear and concise description of what you want to happen.
-->

(Describe your proposed solution here.)

### Describe alternatives you've considered

<!--
Let us know about other solutions you've tried or researched.
-->

(Write your answer here.)

### Additional context

<!--
Is there anything else you can add about the proposal?
You might want to link to related issues here, if you haven't already.
-->

(Write your answer here.)
",5.0
interactiondesignfoundation/nova-html-card,"
<!-- DO NOT THROW THIS AWAY -->
<!-- Fill out the FULL versions with patch versions -->

- Package Version: #.#.#
- Nova Version: #.#.#
- PHP Version: #.#.#

### Description:


### Steps To Reproduce:

<!-- If possible, please provide a code snippet to demonstrate your issue -->
",5.0
mike-works/web-security-fundamentals,"
<!-- 🚨🚨🚨 READ THIS FIRST 🚨🚨🚨 -->
<!--
In order to help solve workshop issues quickly, we need you to make a best effort to complete the information below. Any incomplete bug reports will be closed.
-->

- [ ] **System Information**
- [ ] Browser type and version
- [ ] OS type and version
- [ ] WINDOWS: be sure to indicate which terminal you're using -- (i.e., cmd.exe, powershell, git- bash, cygwin, Ubuntu via windows subsystem for linux, etc...)
- [ ] Node version
- [ ] Any error messages that may be in the console where you ran npm start
- [ ] Any error messages in the JS console

- [ ] **Describe the bug**
<!-- A clear and concise description of what the bug is. -->

- [ ] **To Reproduce**
Steps to reproduce the behavior:
1. Go to '...'
2. Click on '....'
3. Scroll down to '....'
4. See error

- [ ] **Expected behavior**
A clear and concise description of what you expected to happen.

- [ ] **Screenshots (optional)**
If applicable, add screenshots to help explain your problem.

- [ ] **Additional context (optional)**
Add any other context about the problem here.
",5.0
swisslife-oss/thor-client,"
**Is your feature request related to a problem? Please describe.**
A clear and concise description of what the problem is. Ex. I'm always frustrated when [...]

**Describe the solution you'd like**
A clear and concise description of what you want to happen.

**Describe alternatives you've considered**
A clear and concise description of any alternative solutions or features you've considered.

**Additional context**
Add any other context or screenshots about the feature request here.
",1.0
voltstro/pootis-bot,"
**Describe the bug**
A clear and concise description of what the bug is.

**To Reproduce**
Steps to reproduce the behavior:
1. Go to '...'
2. Click on '....'
3. Scroll down to '....'
4. See error

**Expected behavior**
A clear and concise description of what you expected to happen.

**Screenshots**
If applicable, add screenshots to help explain your problem.

**Infomation**
1. What version of <|Repo_Name|> are you using?
2. What OS are you using?

**Additional context**
Add any other context about the problem here.
",1.0
stashymane/extra-sounds,"
Minecraft: [version]
Mod: [version]

## Details
Detail what happens here, and why or how it should or should not happen.


**PLEASE attach your `latest.log` (and crash log if your game crashes), makes it much easier to troubleshoot, thank you!**
You can also run the game with the `-Dextrasounds.debug=true` Java launch parameter to see more info about what's going on.
",1.0
gxchain/gxchain-light,"
**Is your feature request related to a problem? Please describe.**
A clear and concise description of what the problem is. Ex. I'm always frustrated when [...]

**Describe the solution you'd like**
A clear and concise description of what you want to happen.

**Describe alternatives you've considered**
A clear and concise description of any alternative solutions or features you've considered.

**Additional context**
Add any other context or screenshots about the feature request here.

**Your GXChain Account**
You will be rewarded for you contributions
",1.0
nurupo/vlc-pause-click-plugin,"
## Checklist

<!--- Go over all the following points, and put an `x` in all the boxes that apply. -->

- [ ] I have followed the [Usage section](<|URL|>) thoroughly, checking every single screenshot.
- [ ] I have went over the [Troubleshooting section](<|URL|>) and it didn't solve my issue.

## Environment

- OS:               <!-- e.g. Windows 10, Ubuntu 20.04, macOS 10.15 -->
- VLC version:      <!-- e.g. 3.0.10, 2.2.5 -->
- VLC bitness:      <!-- 32 or 64 bit -->
- Plugin version:   <!-- always use the latest version -->
- Plugin bitness:   <!-- 32 or 64 bit -->

## Describe the issue

<!-- A clear and concise description of what the issue is. -->

",1.0
gcorgnet/sensor.emby_upcoming_media,"
**Is your feature request related to a problem? Please describe.**
A clear and concise description of what the problem is. Ex. I'm always frustrated when [...]

**Describe the solution you'd like**
A clear and concise description of what you want to happen.

**Describe alternatives you've considered**
A clear and concise description of any alternative solutions or features you've considered.

**Additional context**
Add any other context or screenshots about the feature request here.
",1.0
datrs/sleep-parser,"
# Bug Report
## Your Environment
| Software         | Version(s) |
| ---------------- | ---------- |
| <|Repo_Name|>      |
| Rustc            |
| Operating System |

## Expected Behavior
Tell us what should have happened.

## Current Behavior
Tell us what happens instead of the expected behavior. If you are seeing an
error, please include the full error message and stack trace.

## Code Sample
Please provide a code repository, gist, code snippet or sample files to
reproduce the issue.
",1.0
tanshuai/alphabiz,"
**Is your feature request related to a problem? Please describe.**
A clear and concise description of what the problem is. Ex. I'm always frustrated when [...]

**Describe the solution you'd like**
A clear and concise description of what you want to happen.

**Describe alternatives you've considered**
A clear and concise description of any alternative solutions or features you've considered.

**Additional context**
Add any other context or screenshots about the feature request here.
",1.0
thijsvanede/deeplog,"
**Describe the bug**
A clear and concise description of what the bug is.

**To Reproduce**
Steps to reproduce the behavior:
1. Go to '...'
2. Click on '....'
3. Scroll down to '....'
4. See error

**Expected behavior**
A clear and concise description of what you expected to happen.

**Screenshots**
If applicable, add screenshots to help explain your problem.

**Desktop (please complete the following information):**
- OS: [e.g. iOS]
- Browser [e.g. chrome, safari]
- Version [e.g. 22]

**Smartphone (please complete the following information):**
- Device: [e.g. iPhone6]
- OS: [e.g. iOS8.1]
- Browser [e.g. stock browser, safari]
- Version [e.g. 22]

**Additional context**
Add any other context about the problem here.
",1.0
purplebote/pboted,"
**Is your feature request related to a problem? Please describe.**
A clear and concise description of what the problem is. Ex. I'm always frustrated when [...]

**Describe the solution you'd like**
A clear and concise description of what you want to happen.

**Describe alternatives you've considered**
A clear and concise description of any alternative solutions or features you've considered.

**Additional context**
Add any other context or screenshots about the feature request here.
",1.0
shibing624/similarities,"
### Describe the bug
Please provide a clear and concise description of what the bug is. If applicable, add screenshots to help explain your problem, especially for visualization related problems.

### To Reproduce
Please provide a [Minimal, Complete, and Verifiable example](<|URL|>) here. We hope we can simply copy/paste/run it. It is also nice to share a hosted runnable script (e.g. Google Colab), especially for hardware-related problems.

### Describe your attempts
- [ ] I checked the documentation and found no answer
- [ ] I checked to make sure that this is not a duplicate issue

You should also provide code snippets you tried as a workaround, StackOverflow solution that you have walked through, or your best guess of the cause that you can't locate (e.g. cosmic radiation).

### Context
- **OS** [e.g. Windows 10, macOS 10.14]:
- **Hardware** [e.g. CPU only, GTX 1080 Ti]:


### Additional Information
Other things you want the developers to know.
",1.0
anabiman/pygran,"
**Describe the bug**
A short description of what the bug is.

**Code snippet**
For reproducing the bug.

**Expected behavior**
A short description of what you expected to happen.

**Screenshots**
If applicable, add screenshots to help explain your problem.

**Environment (please complete the following information):**
- OS: [e.g. Ubuntu 20.04 LTS]
- <|Repo_Name|> version: [e.g. 1.0.1]
- CPython version: [e.g. 3.8.1]

**Additional context**
Add any other context about the problem here.
",1.0
qbcore-framework/qb-lockpick,"
**Describe the bug**
A clear and concise description of what the bug is. A stranger to qbcore should be able to read your bug report and understand how to reproduce it themselves and understand how the feature should work normally.

**To Reproduce**
Steps to reproduce the behavior:
1. Go to '...'
2. Click on '....'
3. Use this item '....' (item's name from shared.lua if applicable)
4. See error

**Expected behavior**
A clear and concise description of what you expected to happen.

**Screenshots**
If applicable, add screenshots to help explain your problem.

**Questions (please complete the following information):**
- When you last updated: [e.g. last week]
- Are you using custom resource? which ones? [e.g. zdiscord, qb-target]
- Have you renamed `qb-` to something custom? [e.g. yes/no]

**Additional context**
Add any other context about the problem here.
",1.0
regorxxx/playlist-manager-smp,"
**Is your feature request related to a problem? Please describe.**
A clear and concise description of what the problem is. Ex. I'm always frustrated when [...]

**Describe the solution you'd like**
A clear and concise description of what you want to happen.

**Describe alternatives you've considered**
A clear and concise description of any alternative solutions or features you've considered.

**Additional context**
Add any other context or screenshots about the feature request here.
",1.0
wiserim/phaser-raycaster,"
**Describe the bug**
A clear and concise description of what the bug is.

**To Reproduce**
Steps to reproduce the behavior:
1. Go to '...'
2. Click on '....'
3. Scroll down to '....'
4. See error

**Expected behavior**
A clear and concise description of what you expected to happen.

**Screenshots**
If applicable, add screenshots to help explain your problem.

**Desktop (please complete the following information):**
- OS: [e.g. iOS]
- Browser [e.g. chrome, safari]
- Version [e.g. 22]

**Smartphone (please complete the following information):**
- Device: [e.g. iPhone6]
- OS: [e.g. iOS8.1]
- Browser [e.g. stock browser, safari]
- Version [e.g. 22]

**Additional context**
Add any other context about the problem here.
",1.0
strongloop/loopback-connector-cloudant,"
<!-- 🚨 STOP 🚨 STOP 🚨 STOP 🚨

HELP US HELP YOU, PLEASE
- Do a quick search to avoid duplicate issues
- Provide as much information as possible (reproduction sandbox, use case for features, etc.)
- Consider using a more suitable venue for questions such as Stack Overflow, Gitter, etc.

Please fill in the *entire* template below.

-->

## Steps to reproduce

<!-- Describe how to reproduce the issue -->

## Current Behavior

<!-- Describe the observed result -->

## Expected Behavior

<!-- Describe what did you expect instead, what is the desired outcome? -->

## Link to reproduction sandbox

<!--
See <|URL|>
Note: Failure to provide a sandbox application for reproduction purposes will result in the issue being closed.
-->

## Additional information

<!--
Copy+paste the output of these two commands:
node -e 'console.log(process.platform, process.arch, process.versions.node)'
npm ls --prod --depth 0 | grep loopback
-->

## Related Issues

<!-- Did you find other bugs that looked similar? -->

_See [Reporting Issues](<|URL|>) for more tips on writing good issues_
",5.0
ko1nksm/shdotenv,"
**Is your feature request related to a problem? Please describe.**
A clear and concise description of what the problem is. Ex. I'm always frustrated when [...]

**Describe the solution you'd like**
A clear and concise description of what you want to happen.

**Describe alternatives you've considered**
A clear and concise description of any alternative solutions or features you've considered.

**Additional context**
Add any other context or screenshots about the feature request here.
",1.0
googleapis/nodejs-cloudbuild,"
Thanks for stopping by to ask us a question! Please make sure to include:
- What you're trying to do
- What code you've already tried
- Any error messages you're getting

**PLEASE READ**: If you have a support contract with Google, please create an issue in the [support console](<|URL|>) instead of filing on GitHub. This will ensure a timely response.
",1.0
rodneyviana/netext,"
**Describe the bug**
A clear and concise description of what the bug is.

**To Reproduce**
Steps to reproduce the behavior:
1. Go to '...'
2. Click on '....'
3. Scroll down to '....'
4. See error

**Expected behavior**
A clear and concise description of what you expected to happen.

**Screenshots**
If applicable, add screenshots to help explain your problem.

**Desktop (please complete the following information):**
- OS: [e.g. iOS]
- Browser [e.g. chrome, safari]
- Version [e.g. 22]

**Smartphone (please complete the following information):**
- Device: [e.g. iPhone6]
- OS: [e.g. iOS8.1]
- Browser [e.g. stock browser, safari]
- Version [e.g. 22]

**Additional context**
Add any other context about the problem here.
",1.0
gradescope/autograder_samples,"
If you need help with this package, please contact us at <|Email|> Please don't use the issue tracker for support requests. Thanks!
",1.0
cmllib/cmllib.core,"
**Describe the bug**
A clear and concise description of what the bug is.

**Logs**
If applicable, add log file to help explain your problem. log file location: `<game_directory>/logs/latest.log`

**Environment (please complete the following information):**
- OS: [e.g. Windows 10]
- <|Repo_Name|> Version: [e.g. 3.3.4]
- .NET version: [e.g. .NET Framework 4.6.2, .NET 5.0]

**Additional context**
Add any other context about the problem here.
",1.0
cosmetica-cc/cosmetica,"
**Describe the bug**
A clear and concise description of what the bug is.

**To Reproduce**
Steps to reproduce the behavior:
1. Go to '...'
2. Click on '....'
3. Scroll down to '....'
4. See error

**Expected behavior**
A clear and concise description of what you expected to happen.

**Screenshots**
If applicable, add screenshots to help explain your problem.

**Setup (please complete the following information):**
- OS: [e.g. Windows 10, iOS]
- Minecraft Version [e.g. chrome, safari]
- Version [e.g. 22]

**Additional context**
Add any other context about the problem here.
",1.0
copyleaks/plagiarism-report,"
**Is your feature request related to a problem? Please describe.**
A clear and concise description of what the problem is. Ex. I'm always frustrated when [...]

**Describe the solution you'd like**
A clear and concise description of what you want to happen.

**Describe alternatives you've considered**
A clear and concise description of any alternative solutions or features you've considered.

**Additional context**
Add any other context or screenshots about the feature request here.
",1.0
wildgums/orchestra,"
# IF YOU DON'T ANSWER THIS TEMPLATE - THE BOT WILL AUTOMATICALLY CLOSE YOUR ISSUE!

## Summary
Please provide a brief summary of your proposal. Two to three sentences is best here.

## API Changes
Include a list of all API changes, additions, subtractions as would be required by your proposal. These APIs should be considered placeholders, so the naming is not as important as getting the concepts correct. If possible you should include some ""example"" code of usage of your new API.

## Intended Use Case
Provide a detailed example of where your proposal would be used and for what purpose.
",5.0
ardaku/fon,"
**Is your feature request related to a problem? Please describe.**
A clear and concise description of what the problem is. Ex. I'm always frustrated when [...]

**Describe the solution you'd like**
A clear and concise description of what you want to happen.

**Describe alternatives you've considered**
A clear and concise description of any alternative solutions or features you've considered.

**Additional context**
Add any other context or screenshots about the feature request here.
",1.0
google/play-services-plugins,"
**Describe the bug**
A clear and concise description of what the bug is. Also, if the code base looks familiar, feel free to update the existing tests (or add new ones) in a Fork of the Repo to explain the issue.

**To Reproduce**
Steps to reproduce the behavior:
1. Go to '...'
2. Click on '....'
3. Scroll down to '....'
4. See error

**Expected behavior**
A clear and concise description of what you expected to happen.

**Screenshots**
If applicable, add screenshots to help explain your problem.

**Desktop (please complete the following information):**
- Gradle version: [e.g. 4.1]
- Android Studio version [e.g. 3.1 (stable)]:
- Plugin name and version [e.g. OSS Licenses 16.0.0]:

**Additional context**
Add any other context about the problem here.
",1.0
tianhaoz95/approveman,"
**Is your feature request related to a problem? Please describe.**
A clear and concise description of what the problem is. Ex. I'm always frustrated when [...]

**Describe the solution you'd like**
A clear and concise description of what you want to happen.

**Describe alternatives you've considered**
A clear and concise description of any alternative solutions or features you've considered.

**Additional context**
Add any other context or screenshots about the feature request here.
",1.0
ibm/mac-ibm-enrollment-app,"
**Is your feature request related to a problem? Please describe.**
A clear and concise description of what the problem is. Ex. I'm always frustrated when [...]

**Describe the solution you'd like**
A clear and concise description of what you want to happen.

**Describe alternatives you've considered**
A clear and concise description of any alternative solutions or features you've considered.

**Additional context**
Add any other context or screenshots about the feature request here.
",1.0
kablamooss/kombustion,"
**Is your feature request related to a problem? Please describe.**
A clear and concise description of what the problem is. Ex. I'm always frustrated when [...]

**Describe the solution you'd like**
A clear and concise description of what you want to happen.

**Describe alternatives you've considered**
A clear and concise description of any alternative solutions or features you've considered.

**Additional context**
Add any other context or screenshots about the feature request here.
",1.0
teoxoy/factorio-blueprint-editor,"
<!---
Delete a specific section if you can't come up with anything to write in it.
--->

**Is your feature request related to a problem? Please describe.**
A clear and concise description of what the problem is. Ex. I'm always frustrated when [...]

**Describe the solution you'd like**
A clear and concise description of what you want to happen.

**Describe alternatives you've considered**
A clear and concise description of any alternative solutions or features you've considered.

**Additional context**
Add any other context or screenshots about the feature request here.
",1.0
ra1028/carbon,"
## Checklist
- [ ] This is not a Apple's bug.
- [ ] Reviewed the [README](<|URL|>) and [documents](<|URL|>).
- [ ] Searched [existing issues](<|URL|>) for ensure not duplicated.

## Expected Behavior
<!--- Tell us what should happen -->

## Current Behavior
<!--- Tell us what happens instead of the expected behavior -->

## Steps to Reproduce
<!--- Provide a link to a live example, or an unambiguous set of steps to -->
<!--- reproduce this bug. Include code to reproduce, if relevant -->
1.
2.
3.
4.

## Detailed Description (Include Screenshots)
<!--- Provide a detailed description of the bug -->

## Reproducible Demo Project
<!--- If you have, provide links of bug reproducible project that we can refer -->

## Environments
- <|Repo_Name|> version:

- Swift version:

- iOS version:

- Xcode version:

- Devices/Simulators:

- CocoaPods/Carthage version:
",4.0
ghaiklor/iterum,"
**Describe the bug**
A clear and concise description of what the bug is.

**To Reproduce**
Steps to reproduce the behavior.

**Expected behavior**
A clear and concise description of what you expected to happen.

**Screenshots**
If applicable, add screenshots to help explain your problem.

**Environment (please complete the following information):**

- Node.js version: [e.g. 12.0.0]
- npm version: [e.g. 6.9.0]

**Additional context**
Add any other context about the problem here.
",1.0
kevlar-kt/kevlar,"

",1.0
getstream/react-native-activity-feed,"
**Setup (always fill this in):**

- iOS or Android?
- Expo or regular React Native?
- React Native Version:
- `<|Repo_Name|>` or `expo-activity-feed` version: `npm list --pattern <package-name>`/`yarn list --pattern <package-name>`
- `getstream` version: `npm list --pattern getstream`/`yarn list --pattern getstream`

**Describe the bug**
A clear and concise description of what the bug is.

**To Reproduce**
Steps to reproduce the behavior:

1. Go to '...'
2. Click on '....'
3. Scroll down to '....'
4. See error

**Expected behavior**
A clear and concise description of what you expected to happen.

**Screenshots**
If applicable, add screenshots to help explain your problem.

**Additional context**
Add any other context about the problem here.
",5.0
nki-ai/ece_loss,"
**Is your feature request related to a problem? Please describe.**
A clear and concise description of what the problem is. Ex. I'm always frustrated when [...]

**Describe the solution you'd like**
A clear and concise description of what you want to happen.

**Describe alternatives you've considered**
A clear and concise description of any alternative solutions or features you've considered.

**Additional context**
Add any other context or screenshots about the feature request here.
",1.0
velcrophysics/velcrophysics,"
* [ ] I hereby verify that I am a sponsor.
Sponsorship is required before you can submit bug reports. See <|URL|>

**Describe the bug**
What is the bug about?

**How to reproduce?**
Describe steps to reproduce the bug. Please include code to reproduce if possible.

**Expected behavior**
Describe what you expected to happen.
",5.0
appvantageasia/starter-kit,"
**Describe the bug**
A clear and concise description of what the bug is.

**To Reproduce**
Steps to reproduce the behavior:
1. Go to '...'
2. Click on '....'
3. Scroll down to '....'
4. See error

**Expected behavior**
A clear and concise description of what you expected to happen.

**Screenshots**
If applicable, add screenshots to help explain your problem.

**Desktop (please complete the following information):**
- OS: [e.g. iOS]
- Browser [e.g. chrome, safari]
- Version [e.g. 22]

**Smartphone (please complete the following information):**
- Device: [e.g. iPhone6]
- OS: [e.g. iOS8.1]
- Browser [e.g. stock browser, safari]
- Version [e.g. 22]

**Additional context**
Add any other context about the problem here.
",1.0
cguzzman/plugin.onedrive,"
**Is your feature request related to a problem? Please describe.**
A clear and concise description of what the problem is. Ex. I'm always frustrated when [...]

**Describe the solution you'd like**
A clear and concise description of what you want to happen.

**Describe alternatives you've considered**
A clear and concise description of any alternative solutions or features you've considered.

**Additional context**
Add any other context or screenshots about the feature request here.
",1.0
lewisakura/rfu,"
**Is your feature request related to a problem? Please describe.**
A clear and concise description of what the problem is. Ex. I'm always frustrated when [...]

**Describe the solution you'd like**
A clear and concise description of what you want to happen.

**Describe alternatives you've considered**
A clear and concise description of any alternative solutions or features you've considered.

**Additional context**
Add any other context or screenshots about the feature request here.
",1.0
meldexun/entityculling,"
Disclaimer: If applicable please set the `openGLDebugOutput -> enabled` config option from RenderLib to true and try to reproduce the issue.

**Describe the bug**
A clear and concise description of what the bug is.

**Reproducibility**
Please try to reproduce the issue with as few other mods as possible. Then check one of the following checkboxes according to your results. To check a checkbox replace the space between the square brackets with an x (like this [x]) or create the issue and check the checkbox by clicking on it.
- [ ] I reproduced this issue with as few other mods as possible installed.
- [ ] I am unable to reproduce this issue consistently.

**To Reproduce**
Steps to reproduce the behavior.
Please keep in mind that I most likely don't know how other mods involved in this issue work. Thus terms like ""Go to dimension X"" should be explained in more detail because I probably don't know how to do that.
1. Go to '...'
2. Click on '....'
3. Scroll down to '....'
4. See error

**Screenshots/Videos**
If applicable, add screenshots or videos to help explain your problem. If you are reporting invisible entities or tile entities then please enable the `debugRenderBoxes` config option when making screenshots/videos!

**Versions**
Entity Culling:
Forge:
Minecraft:
Other mods (necessary to reproduce the bug):

**Hardware**
CPU:
RAM:
GPU:
VRAM:

**Log File**
Providing a log file is always necessary no matter if the game crashed or not. This also means that the crash report is not needed.
Please use a paste site to upload the log file (for example <|URL|> and provide the link to the file here.
",5.0
reel2bits/reel2bits,"
**Is your feature request related to a problem? Please describe.**
A clear and concise description of what the problem is. Ex. I'm always frustrated when [...]

**Describe the solution you'd like**
A clear and concise description of what you want to happen.

**Describe alternatives you've considered**
A clear and concise description of any alternative solutions or features you've considered.

**Additional context**
Add any other context or screenshots about the feature request here.
",1.0
mithunsatheesh/node-rules,"
**Is your feature request related to a problem? Please describe.**
A clear and concise description of what the problem is. Ex. I'm always frustrated when [...]

**Describe the solution you'd like**
A clear and concise description of what you want to happen.

**Describe alternatives you've considered**
A clear and concise description of any alternative solutions or features you've considered.

**Additional context**
Add any other context or screenshots about the feature request here.
",1.0
meharbhutta/react-native-fb-collage,"
## Describe the Feature
<!-- Describe the requested Feature -->

## Possible Implementations
<!-- Describe how to implement the feature -->

## Related Issues
<!-- Link related issues here -->
",1.0
amaimersion/yandex-disk-telegram-bot,"

<!--
Thank you very much for contributing by creating an issue!
As an open source project with busy owner, it can sometimes take a long time to response. Please be patient if needed :). Thanks!
-->


# Bug Report

<!-- Please provide a general summary of the issue in the title field. -->


## Expected Behavior

<!-- What you expected to happen. -->


## Actual Behavior

<!-- What actually happened. If you seeing an error, please include the full error message and description of your actions. -->


## Additional Information

<!-- Any other additional information. -->
",5.0
piotrmurach/tty-spinner,"
### Describe the problem

A brief description of the problem you're trying to solve.

### How would the new feature work?

A short explanation of the new feature.

```
<|Code|>
```

### Drawbacks

Can you see any potential drawbacks?
",1.0
apple/swift-collections-benchmark,"
<!--
Thanks for contributing to Swift Collections Benchmark!

Before you submit your issue, please replace each paragraph
below with the relevant details for your bug, and complete
the steps in the checklist by placing an 'x' in each box:

- [x] I've completed this task
- [ ] This task isn't completed
-->

Replace this paragraph with a short description of the incorrect behavior.
(If this is a regression, please note the last version of the package that exhibited the correct behavior in addition to your current version.)

### Information

- **Package version:** What tag or branch of swift-collections are you using?
- **Platform version:** Please tell us the version number of your operating system.
- **Swift version:** Paste the output of `swift --version` here.

### Checklist

- [ ] If possible, I've reproduced the issue using the `main` branch of this package.
- [ ] I've searched for [existing GitHub issues](<|URL|>).

### Steps to Reproduce
Replace this paragraph with an explanation of how to reproduce the incorrect behavior.
Include a simple code example, if possible.

### Expected behavior
Describe what you expect to happen.

### Actual behavior
Describe or copy/paste the behavior you observe.
",1.0
vishakha-lall/mapbot,"
**Describe the bug**
A clear and concise description of what the bug is.

**To Reproduce**
Steps to reproduce the behavior:
1. Go to '...'
2. Click on '....'
3. Scroll down to '....'
4. See error

**Expected behavior**
A clear and concise description of what you expected to happen.

**Additional context**
Add any other context about the problem here.
",1.0
finos/project-blueprint,"

## Date
YYYYMMDD - time

## Untracked attendees
- Fullname, Affiliation, (optional) GitHub username
- ...

## Meeting notices
- FINOS **Project leads** are responsible for observing the FINOS guidelines for [running project meetings](<|URL|>). Project maintainers can find additional resources in the [FINOS Maintainers Cheatsheet](<|URL|>).

- **All participants** in FINOS project meetings are subject to the [LF Antitrust Policy](<|URL|>), the [FINOS Community Code of Conduct](<|URL|>) and all other [FINOS policies](<|URL|>).

- FINOS meetings involve participation by industry competitors, and it is the intention of FINOS and the Linux Foundation to conduct all of its activities in accordance with applicable antitrust and competition laws. It is therefore extremely important that attendees adhere to meeting agendas, and be aware of, and not participate in, any activities that are prohibited under applicable US state, federal or foreign antitrust and competition laws. Please contact <|Email|> with any questions.

- FINOS project meetings may be recorded for use solely by the FINOS team for administration purposes. In very limited instances, and with explicit approval, recordings may be made more widely available.

## Agenda
- [ ] Convene & roll call (5mins)
- [ ] Display [FINOS Antitrust Policy summary slide](<|URL|>)
- [ ] Review Meeting Notices (see above)
- [ ] Approve past meeting minutes
- [ ] Agenda item 1
- [ ] Agenda item 2
- [ ] ...
- [ ] AOB, Q&A & Adjourn (5mins)

## Decisions Made
- [ ] Decision 1
- [ ] Decision 2
- [ ] ...

## Action Items
- [ ] Action 1
- [ ] Action 2
- [ ] ...

### WebEx info
- Meeting link:
- Meeting number:
- Password:
- Call-in:
",5.0
sumelms/frontend,"
### Description

A clear and concise description of what the bug is.

### Goals

Describe the research goals.

### Desired artfacts

List the artifacts that the research should generate (report, demo, etc).

### Possible next steps

Describe the next steps to being taken after the research.

### Additional context

Add any other context about the problem here.
",1.0
bytecodealliance/userfaultfd-rs,"
",1.0
d-rickyy-b/pastepwn,"
**Description**
A clear and concise description of what the bug is.

**Steps To Reproduce**
Steps to reproduce the behavior:
1. Go to '...'
2. Click on '....'
3. Scroll down to '....'
4. See error

**Expected behavior**
A clear and concise description of what you expected to happen.

**Screenshots**
If applicable, add screenshots to help explain your problem.

**System**
- OS:
- Python Version:
- <|Repo_Name|> Version

**Additional context**
Add any other context about the problem here.
",1.0
ros-realtime/reference-system,"
**Is your feature request related to a problem? Please describe.**
A clear and concise description of what the problem is. Ex. I'm always frustrated when [...]

**Describe the solution you'd like**
A clear and concise description of what you want to happen.

**Describe alternatives you've considered**
A clear and concise description of any alternative solutions or features you've considered.

**Additional context**
Add any other context or screenshots about the feature request here.
",1.0
xpadev-net/niconicomments,"
# 概要
- 何が：
- どうなっていて：
- どうなってほしい：
<!-- 以下任意 -->
- どの動画か：
- エラーは出ているか：

# 環境
- 使用しているOS：
- 使用しているブラウザ：
- 使用しているバージョン：
- ニコニコ動画互換モードは有効か：

# エラーログ・スクショ他
",1.0
traurige/eneko,"
**Describe the requested feature:**

**System information:**
- iOS version:
- Device:
- Jailbreak:
",1.0
webb-tools/protocol-substrate,"
**Describe the bug**
<!-- A clear and concise description of what the bug is. -->



**To Reproduce**
Steps to reproduce the behavior:
1. Go to '...'
2. Run '....'
3. See error



**Log output**
<!-- Please paste the log output derived from the error. -->
<details>
<summary>Log Output</summary>

```Paste log output here
paste log output...
```
</details>



**Expected behaviour**
<!-- A clear and concise description of what you expected to happen. -->



**Screenshots**
<!-- If applicable, add screenshots to help explain your problem. -->



**Environment (please complete the following information):**
- OS:
- Rust version(e.g. `rustc --version`)
- Branch/commit



**Other information and links**
<!-- Add any other context about the problem here. -->
",1.0
jonnyboyc/kos-language-server,"

",1.0
meilcli/npm-update-check-action,"
[Please easy english or easy japanese]
",1.0
kernelith/immediatereflection,"
**Is your feature request related to a problem? Please describe.**
A clear and concise description of what the problem is. Ex. I'm always frustrated when [...]

**Describe the solution you'd like**
A clear and concise description of what you want to happen.

**Describe alternatives you've considered**
A clear and concise description of any alternative solutions or features you've considered.

**Additional context**
Add any other context or screenshots about the feature request here.
",1.0
qquanwei/electron-webtoon,"
## Summary

<!-- What do you need help with? -->

<!---
❗️❗️ Also, please consider donating (<|URL|>) ❗️❗️

Donations will ensure the following:

🔨 Long term maintenance of the project
🛣 Progress on the roadmap
🐛 Quick responses to bug reports and help requests
-->
",1.0
nucleos/nucleosantispambundle,"
<!--
Before you open an issue, make sure this one does not already exist.
-->

<!--
If you are reporting a bug, please try to fill in the following.
Otherwise remove it.
-->

### Environment

#### Packages

```
<|Code|>
```

#### PHP version

```
<|Code|>
```

## Subject

<!--
Give here as many details as possible.
Next sections are for ERRORS only.
-->

## Steps to reproduce

## Expected results

## Actual results

<!--
If it's an error message or piece of code, use code block tags,
and make sure you provide the whole stack trace(s),
not just the first error message you can see.
-->
",1.0
linshunkang/myperf4j,"
**Is your feature request related to a problem? Please describe.**
A clear and concise description of what the problem is. Ex. I'm always frustrated when [...]

**Describe the solution you'd like**
A clear and concise description of what you want to happen.

**Describe alternatives you've considered**
A clear and concise description of any alternative solutions or features you've considered.

**Additional context**
Add any other context or screenshots about the feature request here.
",1.0
expo-community/standard-version-expo,"
### Description of the bug

How would you shortly summarise the issue?

### To Reproduce

What steps did you perform which led to this issue?

1. Go to '...'
2. Click on '....'
3. Scroll down to '....'

#### Expected behavior

What did you expect to have happened?

#### Actual behavior

What did it actually result in?

### Additional context

Can you further explain the issue? E.g., information about version/environment or screenshots.
",1.0
technote-space/marker-animation,"
## Describe the bug: バグの概要
<!-- A clear and concise description of what the bug is. -->
<!-- バグの内容を簡潔かつ明確に書いてください -->

## To Reproduce: 再現手順
Steps to reproduce the behavior:
1. Go to '...'
2. Click on '....'
3. Scroll down to '....'
4. See error

## Expected behavior: 期待する動作
<!-- A clear and concise description of what you expected to happen. -->
<!-- あなたが期待する動きを簡潔かつ明確に書いてください -->

## Screenshots: スクリーンショット
<!-- If applicable, add screenshots to help explain your problem. -->
<!-- バグの説明に役立つスクリーンショットを用意できる場合、ここに追加してください -->

## Operating environment: バグが発生した環境
- Version of software
- OS: [e.g. Windows10]
- Browser: [e.g. Chrome, Safari]
- etc.

## Additional context: 補足
<!-- Add any other context about the problem here. -->
<!-- このバグに関連する情報を追加してください -->
",5.0
syfxlin/origami,"
以下为功能建议模板，供参考，可根据个人情况删改。
Title：(简要描述你希望添加的功能)

## 列举你希望增加的功能
* .....

## 描述一下功能的细节
* ......

## 是否有替代方案，若有描述一下替代方案
* ......

## 附图
......

> 若您有该功能的解决方案，可以同时将方案贴上来。
",5.0
webberzone/knowledgebase,"
**Is your feature request related to a problem? Please describe.**
A clear and concise description of what the problem is. Ex. I'm always frustrated when [...]

**Describe the solution you'd like**
A clear and concise description of what you want to happen.

**Describe alternatives you've considered**
A clear and concise description of any alternative solutions or features you've considered.

**Additional context**
Add any other context or screenshots about the feature request here.
",1.0
tminions/binocularss,"
**Describe the bug**
A clear and concise description of what the bug is.

**To Reproduce**
Steps to reproduce the behavior:
1. Go to '...'
2. Click on '....'
3. Scroll down to '....'
4. See error

**Expected behavior**
A clear and concise description of what you expected to happen.

**Screenshots**
If applicable, add screenshots to help explain your problem.

**Additional context**
Add any other context about the problem here.
",1.0
specklesystems/specklepy,"
<!---

Provide a short summary in the Title above. Examples of good Issue titles:

* ""Bug: Error from server when reticulating splines""
* ""Bug: Revit crashes when installing connector""

-->

## Prerequisites

<!---

Please answer the following questions before submitting an issue.

-->

- [ ] I read the [contribution guidelines](<|URL|>)
- [ ] I checked the [documentation](<|URL|>) and found no answer.
- [ ] I checked [existing issues](<|URL|>) and found no similar issue. <!-- If you do find an existing issue, please show your support by liking it :+1: instead of creating a new issue -->
- [ ] I checked the [community forum](<|URL|>) for related discussions and found no answer.
- [ ] I'm reporting the issue to the correct repository (see also [speckle-server](<|URL|>), [speckle-sharp](<|URL|>), [<|Repo_Name|>](<|URL|>), [speckle-docs](<|URL|>), and [others](<|URL|>))

## What package are you referring to?

<!---
Is it related to the server (backend) only, or does this bug relate to the frontend, viewer, objectloader or any other package?
-->

## Describe the bug

<!---
A clear and concise description of what the bug is.
-->

## To Reproduce

<!---
Steps to reproduce the behavior:

1. Go to '...'
2. Click on '....'
3. Scroll down to '....'
4. See error
-->

## Expected behavior

<!---
A clear and concise description of what you expected to happen.
-->

## Screenshots

<!---
If applicable, add screenshots to help explain your problem.
-->

## System Info

If applicable, please fill in the below details - they help a lot!

### Desktop (please complete the following information):

- OS: [e.g. iOS]
- Browser [e.g. chrome, safari]
- Version [e.g. 22]

### Smartphone (please complete the following information):

- Device: [e.g. iPhone6]
- OS: [e.g. iOS8.1]
- Browser [e.g. stock browser, safari]
- Version [e.g. 22]

## Failure Logs

<!---
Please include any relevant log snippets or files here, or upload as a file.

If including inline, please use markdown code block syntax. <|URL|>
For example:

```
your log output here
```
-->

## Additional context

<!---
Add any other context about the problem here.
-->

## Proposed Solution (if any)

<!---
Let us know what how you would solve this.
-->

#### Optional: Affected Projects

<!---
Does this issue propagate to other dependencies or dependents? If so, list them here with links!
-->
",1.0
meditohq/medito-app,"
**Describe the bug**
A clear and concise description of what the bug is.

**To Reproduce**
Steps to reproduce the behavior:
1. Go to '...'
2. Click on '....'
3. Scroll down to '....'
4. See error

**Expected behavior**
A clear and concise description of what you expected to happen.

**Screenshots**
If applicable, add screenshots to help explain your problem.

**Smartphone (please complete the following information):**
- Device: [e.g. iPhone6]
- OS: [e.g. iOS8.1]
- Version [e.g. 22] (to see the version number long press the Good Morning/Afternoon text on the home page of the app)

**Additional context**
Add any other context about the problem here.
",1.0
simperfy/covid-19-api-philippines-doh,"
**Is your feature request related to a problem? Please describe.**
A clear and concise description of what the problem is. Ex. I'm always frustrated when [...]

**Describe the solution you'd like**
A clear and concise description of what you want to happen.

**Describe alternatives you've considered**
A clear and concise description of any alternative solutions or features you've considered.

**Additional context**
Add any other context or screenshots about the feature request here.
",1.0
grey-software/org,"
### Motivation 🏁

<!--
A  clear and concise motivation for this task. How will this help execute the vision of the <|Repo_Name|>?
-->

(Please write here.)

### Details 🛠️

<!--
A clear and concise description of what the task is.
-->

(Please write here.)

**Task Checklist ☑️**
<!--- Please share details for this task -->

(Please write here.)

- [ ] ...
- [ ] ...
- [ ] ...

### Additional details ℹ️

<!--
Is there anything else you can add about the proposal?
You might want to link to related issues here if you haven't already.
-->

(Please write here.)
",1.0
eclipse-che/che-plugin-registry,"
## Where to report issues?

This repository is not the primary repository of Eclipse Che.

🚨 Please don't submit new issues here. 🚨

All issues for Eclipse Che are managed at [<|URL|>](<|URL|>).
",5.0
bashleigh/shleemy,"
**Describe the bug**
A clear and concise description of what the bug is.

**To Reproduce**
Steps to reproduce the behavior:
1. Go to '...'
2. Click on '....'
3. Scroll down to '....'
4. See error

**Expected behavior**
A clear and concise description of what you expected to happen.

**Screenshots**
If applicable, add screenshots to help explain your problem.

**Desktop (please complete the following information):**
- OS: [e.g. iOS]
- Browser [e.g. chrome, safari]
- Version [e.g. 22]

**Smartphone (please complete the following information):**
- Device: [e.g. iPhone6]
- OS: [e.g. iOS8.1]
- Browser [e.g. stock browser, safari]
- Version [e.g. 22]

**Additional context**
Add any other context about the problem here.
",1.0
paulschweizer/flowpipe,"
**Describe the bug**
A clear and concise description of what the bug is.

**To Reproduce**
If possible, provide an easy to execute code snippet that demonstrates the bug, otherwise please describe how the bug can be reproduced.

**Expected behavior**
A clear and concise description of what you expected to happen.

**Suggestions for Solution**
If you have ideas/suggestions on how to fix the bug, please provide them here.
",1.0
layer5io/getnighthawk,"
**How can we help?**

<!-- A brief description of what question(s) you have and how we can help clarify. -->

---

**Contributor Resources**

- See the [Contributing to <|URL|> Website](<|URL|>)
- See the Project Site section of [<|Repo_Name|> project doc](<|URL|>)
",1.0
microsoft/macos-cookbook,"
## Describe the Bug
A clear and concise description of what the bug is.

## Error Message
Error message(s) if any.

## Chef Exception
Chef exception(s) if any.
",1.0
rubyraider/ruby_raider,"
**Describe the bug**
A clear and concise description of what the bug is.

**To Reproduce**
Steps to reproduce the behavior:
1. Go to '...'
2. Click on '....'
3. Scroll down to '....'
4. See error

**Expected behavior**
A clear and concise description of what you expected to happen.

**Screenshots**
If applicable, add screenshots to help explain your problem.

**Desktop (please complete the following information):**
- OS: [e.g. iOS]
- Browser [e.g. chrome, safari]
- Version [e.g. 22]

**Smartphone (please complete the following information):**
- Device: [e.g. iPhone6]
- OS: [e.g. iOS8.1]
- Browser [e.g. stock browser, safari]
- Version [e.g. 22]

**Additional context**
Add any other context about the problem here.
",1.0
sumup-oss/performance-observer,"
## Summarize the feature

A clear and concise description of the feature.

## Basic example

If the proposal involves a new or changed API, include a basic code example. Omit this section if it's not applicable.

## Motivation

Why are we doing this? What use cases does it support? What is the expected outcome?
",1.0
filoscoder/tenstack-starter,"
# Description

_A clear and concise description of what the bug is._

# Reproduction

_Steps to reproduce the behavior:_

_1. Go to '...'_
_2. Click on '....'_
_3. Scroll down to '....'_
_4. See error_

# Expected

_A clear and concise description of what you expected to happen._

# Screenshots

_If applicable, add screenshots to help explain your problem._
",1.0
ncar/ncl,"
**Describe the bug**
A clear and concise description of what the bug is. I<|Repo_Name|>ude any error messages.

**Provide the following:**
- a concise <|Repo_Name|> script demonstrating the issue (remove unnecessary code)
- necessary data files
- relevant graphical output

**Computing environment**
- OS: [Linux, Mac, or Windows]
- OS version: [e.g. Ubuntu 16.04, MacOS 10.13.6, Windows 10]
- <|Repo_Name|> Version: [e.g. 6.5.0]
- Installation method: [binary from NCAR website, conda, other package manager (apt, brew, macports, yum), built from source]

**Additional context**
Add any other context about the problem here.
",5.0
daemon-technologies/mining-bot,"
**Describe the bug**
A clear and concise description of what the bug is.

**Steps To Reproduce**
Please provide detailed instructions (e.g. command line invocation with parameters) to reproduce the behavior.

**Expected behavior**
A clear and concise description of what you expected to happen.

**Environment (please complete the following information):**
- OS: [e.g. Ubuntu / Debian]
- Rust version
- Version of the appropriate binary / software package

**Additional context**
Please include any relevant stack traces, error messages and logs.

If you are encountering an issue with a smart contract, please include the smart contract code
that demonstrates the issue.
",1.0
prismicio-community/nextjs-sample-blog,"
<!-- 💙 Thanks for your time to make this starter better with your feedback 💙

**IMPORTANT** Before reporting a bug please make sure that you have read through the documentation:
- <|URL|>

👍 A properly detailed bug report can save a LOT of time and help fixing issues as soon as possible.
-->

### Versions

- node: <!-- ex: v14.15.0 -->

### Reproduction

<!-- If possible link to a minimal test case, without a reproduction, it is so hard to address problems :( -->

<details open>
<summary>Additional Details</summary>
<br>
<!-- Attaching `package.json`, dependencies, logs or code snippets would help to find the issue -->
</details>

### Steps to reproduce

### What is expected?

### What is actually happening?
",5.0
sergiomartins8/ui-automation-bootstrap,"
**Description**
A clear and concise description of what the bug is.

**How to Reproduce**
Steps to reproduce the behavior.

**Expected behavior**
A clear and concise description of what you expected to happen.

**Screenshots**
If applicable, add screenshots to help explain your problem.

**Additional context**
Add any other context about the problem here.
",1.0
ipfs/js-ipfs-block-service,"<!--
Hello! To ensure this issue is correctly addressed as soon as possible by the IPFS team, please try to make sure:

- This issue is relevant to this repository's topic or codebase.

- A clear description is provided. It should includes as much relevant information as possible and clear scope for the issue to be actionable.

FOR GENERAL DISCUSSION, HELP OR QUESTIONS, please see the options at <|URL|> or head directly to <|URL|>.

(you can delete this section after reading)
-->
",1.0
swisslife-oss/magnet,"
**Describe the bug**
A clear and concise description of what the bug is.

**To Reproduce**
Steps to reproduce the behavior:
1. Go to '...'
2. Click on '....'
3. Scroll down to '....'
4. See error

**Expected behavior**
A clear and concise description of what you expected to happen.

**Desktop (please complete the following information):**
- OS: [e.g. iOS]
- Version [e.g. 22]

**Additional context**
Add any other context about the problem here.
",1.0
ja7ad/forker,"
**Is your feature request related to a problem? Please describe.**
A clear and concise description of what the problem is. Ex. I'm always frustrated when [...]

**Describe the solution you'd like**
A clear and concise description of what you want to happen.

**Describe alternatives you've considered**
A clear and concise description of any alternative solutions or features you've considered.

**Additional context**
Add any other context or screenshots about the feature request here.
",1.0
schweizerischebundesbahnen/scion-microfrontend-platform,"
## Describe the bug
A clear and concise description of what the bug is.

## To Reproduce
Steps to reproduce the behavior:

1. Go to '...'
2. Click on '....'
3. Scroll down to '....'
4. See error

## Expected behavior
A clear and concise description of what you expected to happen.

## Screenshots
If applicable, add screenshots to help explain your problem.

## Environment
Please complete the following information:

- SCION Microfrontend Platform version: [e.g. 1.0.0-beta.3]
- Browser: [e.g. Chrome 83, Firefox 77, Edge 83, Safari 10]
- OS: [e.g. Windows 10, iOS 13.5.1]
- Device: [e.g. Desktop, Smartphone]


## Additional context
Add any other context about the problem here.
",1.0
booster-labs/rocket-booster,"
**Describe the bug**
A clear and concise description of what the bug is.

**To Reproduce**
Steps to reproduce the bug.

**Screenshots**
If applicable, add screenshots to help explain your problem.

**Additional context**
Add any other context about the problem here.
",1.0
maidsafe-archive/sn_gossip,"
Thank you for contributing to the project!
We recommend you check out our [""Contributing to the SAFE Network""](<|URL|>) guide if you haven't already.

**Is your feature request related to a problem? Please describe.**
A clear and concise description of what the problem is. Ex. I'm always frustrated when [...]

**Describe the solution you'd like**
A clear and concise description of what you want to happen.

**Describe alternatives you've considered**
A clear and concise description of any alternative solutions or features you've considered.

**Additional context**
Add any other context or screenshots about the feature request here.
",1.0
pedro-javierf/ntrghidra,"
**Is your feature request related to a problem? Please describe.**
A clear and concise description of what the problem is. Ex. I'm always frustrated when [...]

**Describe the solution you'd like**
A clear and concise description of what you want to happen.

**Describe alternatives you've considered**
A clear and concise description of any alternative solutions or features you've considered.

**Additional context**
Add any other context or screenshots about the feature request here.
",1.0
apache/cordova-browser,"
# Bug Report

## Problem

### What is expected to happen?



### What does actually happen?



## Information
<!-- Include all relevant information that might help understand and reproduce the problem -->



### Command or Code
<!-- What command or code is needed to reproduce the problem? -->



### Environment, Platform, Device
<!-- In what environment, on what platform or on which device are you experiencing the issue? -->



### Version information
<!--
What are relevant versions you are using?
For example:
Cordova: Cordova CLI, Cordova Platforms, Cordova Plugins
Other Frameworks: Ionic Framework and CLI version
Operating System, Android Studio, Xcode etc.
-->



## Checklist
<!-- Please check the boxes by putting an x in the [ ] like so: [x] -->

- [ ] I searched for existing GitHub issues
- [ ] I updated all Cordova tooling to most recent version
- [ ] I included all the necessary information above
",5.0
stanford-navlab/gnss_lib_py,"
**Describe the proposed feature**
Explain in detail the intended feature, its purpose and how it would work.
Keep the scope as narrow as possible, which will make it easier to implement.

**Motivate the proposed feature**
Help us understand why the proposed feature would help you and/or make `<|Repo_Name|>` easier to use.
",1.0
gpdaniels/gtl,"
**Describe the bug**
A clear and concise description of what the bug is.

**To Reproduce**
Steps to reproduce the behavior:
1. Go to '...'
2. Click on '....'
3. Scroll down to '....'
4. See error

**Expected behavior**
A clear and concise description of what you expected to happen.

**Screenshots**
If applicable, add screenshots to help explain your problem.

**Desktop (please complete the following information):**
- OS: [e.g. iOS]
- Browser [e.g. chrome, safari]
- Version [e.g. 22]

**Smartphone (please complete the following information):**
- Device: [e.g. iPhone6]
- OS: [e.g. iOS8.1]
- Browser [e.g. stock browser, safari]
- Version [e.g. 22]

**Additional context**
Add any other context about the problem here.
",1.0
alentoghostflame/python-pulseaudio-loopback-tool,"
**Describe the bug**
A clear and concise description of what the bug is.

**To Reproduce**
Steps to reproduce the behavior:
1. Go to '...'
2. Click on '....'
3. Scroll down to '....'
4. See error

**Expected behavior**
A clear and concise description of what you expected to happen.

**Screenshots**
If applicable, add screenshots to help explain your problem.

**Desktop (please complete the following information):**
- OS: [e.g. iOS]
- Browser [e.g. chrome, safari]
- Version [e.g. 22]

**Smartphone (please complete the following information):**
- Device: [e.g. iPhone6]
- OS: [e.g. iOS8.1]
- Browser [e.g. stock browser, safari]
- Version [e.g. 22]

**Additional context**
Add any other context about the problem here.
",1.0
algolia/instantsearch-ios,"
<!--
Thanks for participating in this project! We will try to answer as soon as possible 🙏
-->

**Describe the bug 🐛**
A clear and concise description of what the bug is.

**To Reproduce 🔍**
Steps to reproduce the behavior:
1. Go to '...'
2. Click on '....'
3. Scroll down to '....'
4. See error

**Expected behavior 💭**
A clear and concise description of what you expected to happen.

**Screenshots 🖥**
If applicable, add screenshots to help explain your problem.

**Environment:**
- OS: [e.g. iOS / windows / mac / android]
- Version [e.g. 22]

**Additional context**
Add any other context about the problem here.
",1.0
fidelity/stoke,"
## Describe the bug
A clear and concise description of what the bug is.

## To Reproduce
Steps to reproduce the behavior:
1. Code/Pseudo-code is '...'
2. Ran config as '...'
3. Error produced is '...'

## Expected behavior
A clear and concise description of what you expected to happen.

## Screenshots/Code Snippets
If applicable, add screenshots or code snippets to help explain your problem.

## Environment:
- OS: [e.g. Ubuntu 16.04, Windows, etc.]
- Python version [e.g. 3.6.3, 3.7.5]:
- PyTorch Version [e.g. 1.7]:
- Deepspeed Version:
- Horovod Version:
- Fairscale Version:
- CUDA/cuDNN version:
- <|Repo_Name|> configuration:

## Additional context
Add any other context about the problem here.
",1.0
cloudalchemy/skeleton,"
**What happened?**

**Did you expect to see some different?**

**How to reproduce it (as minimally and precisely as possible)**:

**Environment**

* Role version:

`Insert release version/galaxy tag or Git SHA here`

* Ansible version information:

`ansible --version`
<!-- Replace the command with its output above -->

* Variables:

```
<|Code|>
```

* Ansible playbook execution Logs:

```
<|Code|>
```

**Anything else we need to know?**:
",5.0
ciderapp/apple-music-electron,"
<!--
⚠️⚠️⚠️

This repository is for Apple Music Elctron.

This app will be sunseted very soon and we are NOT maintaining this app
unless of a security issue. We encourage you to try Cider, our new music app built from scratch. Issues filled on that repository will be seen and will be acted upon.

As a reminder, this is **not** Cider. Please don't file issues for Cider here.

Cider can be found here -> <|URL|>

⚠️⚠️⚠️
-->




**Is your feature request related to a problem? Please describe.**
A clear and concise description of what the problem is. Ex. I'm always frustrated when [...]

**Describe the solution you'd like**
A clear and concise description of what you want to happen.

**Describe alternatives you've considered**
A clear and concise description of any alternative solutions or features you've considered.

**Additional context**
Add any other context or screenshots about the feature request here.
",1.0
pinto0309/openvino-yolov3,"
**[Required]** Your device (RaspberryPi3, LaptopPC, or other device name):

**[Required]** Your device's CPU architecture (armv7l, x86_64, or other architecture name):

**[Required]** Your OS (Raspbian, Ubuntu1604, or other os name):

**[Required]** Details of the work you did before the problem occurred:
<br>
<br>
<br>
**[Required]** Error message:
<br>
<br>
<br>
**[Required]** Overview of problems and questions:
<br>
<br>
<br>
",5.0
zachinachshon/anchor,"
**What happened**:

**What you expected to happen**:

**How to reproduce it (as minimally and precisely as possible)**:

**Anything else need to know?**:

**Environment**:
- <|Repo_Name|> version (use `<|Repo_Name|> version`):
- OS:
- Other:

**Logs**:
If applicable, add logs by using verbosity -v enabled.
",1.0
gmousse/dataframe-js,"
**Is your feature request related to a problem? Please describe.**
A clear and concise description of what the problem is. Ex. I'm always frustrated when [...]

**Describe the solution you'd like**
A clear and concise description of what you want to happen.

**Describe alternatives you've considered**
A clear and concise description of any alternative solutions or features you've considered.

**Additional context**
Add any other context or screenshots about the feature request here.
",1.0
letssolvetogether/omrchecker,"
**Describe the bug**
A clear and concise description of what the bug is.

**To Reproduce**
Steps to reproduce the behavior:
1. Go to '...'
2. Click on '....'
3. Scroll down to '....'
4. See error

**Expected behavior**
A clear and concise description of what you expected to happen.

**Screenshots**
If applicable, add screenshots to help explain your problem.

**Smartphone (please complete the following information):**
- Device: [e.g. iPhone6]
- OS: [e.g. iOS8.1]
- Version [e.g. 22]

**Additional context**
Add any other context about the problem here.
",1.0
zhorton34/vuejs-form,"
**Describe the bug**
A clear and concise description of what the bug is.

**To Reproduce**
Steps to reproduce the behavior:
1. Go to '...'
2. Click on '....'
3. Scroll down to '....'
4. See error

**Expected behavior**
A clear and concise description of what you expected to happen.

**Screenshots**
If applicable, add screenshots to help explain your problem.

**Desktop (please complete the following information):**
- OS: [e.g. iOS]
- Browser [e.g. chrome, safari]
- Version [e.g. 22]

**Smartphone (please complete the following information):**
- Device: [e.g. iPhone6]
- OS: [e.g. iOS8.1]
- Browser [e.g. stock browser, safari]
- Version [e.g. 22]

**Additional context**
Add any other context about the problem here.
",1.0
apiflask/apiflask,"
<!--
Replace this comment with a description of what the feature should do.
Include details such as links to relevant specs or previous discussions.
-->

<!--
Replace this comment with an example of the problem which this feature
would resolve. Is this problem solvable without changes to <|Repo_Name|>, such
as by subclassing or using an extension?
-->
",1.0
vickumar1981/pyeffects,"
",1.0
naigonakoii/joesdrive,"
**Describe the bug**
A clear and concise description of what the bug is.

**To Reproduce**
Steps to reproduce the behavior:
1. Go to '...'
2. Click on '....'
3. Scroll down to '....'
4. See error

**Expected behavior**
A clear and concise description of what you expected to happen.

**Additional context**
Add any other context about the problem here.
",1.0
cadene/vqa-maskrcnn-benchmark,"
## 🐛 Bug

<!-- A clear and concise description of what the bug is. -->

## To Reproduce

Steps to reproduce the behavior:

1.
1.
1.

<!-- If you have a code sample, error messages, stack traces, please provide it here as well -->

## Expected behavior

<!-- A clear and concise description of what you expected to happen. -->

## Environment

Please copy and paste the output from the
[environment collection script from PyTorch](<|URL|>)
(or fill out the checklist below manually).

You can get the script and run it with:
```
wget <|URL|>
# For security purposes, please check the contents of collect_env.py before running it.
python collect_env.py
```

- PyTorch Version (e.g., 1.0):
- OS (e.g., Linux):
- How you installed PyTorch (`conda`, `pip`, source):
- Build command you used (if compiling from source):
- Python version:
- CUDA/cuDNN version:
- GPU models and configuration:
- Any other relevant information:

## Additional context

<!-- Add any other context about the problem here. -->
",1.0
heloises/hoki,"
**Describe the bug**
A clear and concise description of what the bug is.

**To Reproduce**
Steps to reproduce the behavior:
1. Go to '...'
2. Click on '....'
3. Scroll down to '....'
4. See error

**Expected behavior**
A clear and concise description of what you expected to happen.

**Screenshots**
If applicable, add screenshots to help explain your problem.

**Desktop (please complete the following information):**
- OS: [e.g. iOS]
- Browser [e.g. chrome, safari]
- Version [e.g. 22]

**Additional context**
Add any other context about the problem here.
",1.0
anancarv/python-artifactory,"
**Describe the bug**
A clear and concise description of what the bug is.

**To Reproduce**
Steps to reproduce the behavior:
1. Try to '...'
2. See error

**Expected behavior**
A clear and concise description of what you expected to happen.

**Screenshots**
If applicable, add screenshots to help explain your problem.

**Environment:**
- OS: [e.g. Linux / Windows / macOS]
- pyartifactory version [e.g. 1.4.0], get it with:
```
<|Code|>
```
- Python version, get it with:
```
<|Code|>
```

**Additional context**
Add any other context about the problem here.
",1.0
yassineldeeb/prisma-tgql-types-gen,"
## Is your feature request related to a problem? Please describe.
A clear and concise description of what the problem is. Ex. I'm always frustrated when [...]

## Describe the solution you'd like
A clear and concise description of what you want to happen.

## Describe alternatives you've considered
A clear and concise description of any alternative solutions or features you've considered.

## Additional context
Add any other context or screenshots about the feature request here.
",1.0
modery/powerdocu,"
**Describe the bug**
A clear and concise description of what the bug is.

**To Reproduce**
Steps to reproduce the behavior:
1. Go to '...'
2. Click on '....'
3. Scroll down to '....'
4. See error

**Expected behavior**
A clear and concise description of what you expected to happen.

**Screenshots**
If applicable, add screenshots to help explain your problem.

**Flow Used**
If possible, please share the Flow that caused the error. This will help with any troubleshooting, debugging, and improving the solution
",1.0
config4k/config4k,"
**Is your feature request related to a problem? Please describe.**
A clear and concise description of what the problem is. Ex. I'm always frustrated when [...]

**Describe the solution you'd like**
A clear and concise description of what you want to happen.
",1.0
webpack-contrib/image-minimizer-webpack-plugin,"
<!-- Please don't delete this template otherwise your issue will be closed immediately -->
<!-- Before creating an issue please make sure you are using the latest version of webpack. -->

### Modification Proposal

<!-- Please ask questions on discussions, StackOverflow or the webpack Gitter. -->
<!-- <|URL|> -->
<!-- <|URL|> -->
<!-- <|URL|> -->
<!-- Issues which contain questions or support requests will be closed. -->

### Expected Behavior / Situation

### Actual Behavior / Situation

### Please paste the results of `npx webpack-cli info` here, and mention other relevant information
",1.0
line/gradle-multi-project-support,"
**Describe the bug**
A clear and concise description of what the bug is.

**To Reproduce**
Steps to reproduce the behavior:
1. Go to '...'
2. Click on '....'
3. Scroll down to '....'
4. See error

**Expected behavior**
A clear and concise description of what you expected to happen.

**Screenshots**
If applicable, add screenshots to help explain your problem.

**Desktop (please complete the following information):**
- OS: [e.g. iOS]
- Browser [e.g. chrome, safari]
- Version [e.g. 22]

**Smartphone (please complete the following information):**
- Device: [e.g. iPhone6]
- OS: [e.g. iOS8.1]
- Browser [e.g. stock browser, safari]
- Version [e.g. 22]

**Additional context**
Add any other context about the problem here.
",1.0
spotinst/spotinst-sdk-go,"
<!-- Please use this template while reporting a bug and provide as much info as possible. Not doing so may result in your bug not being addressed in a timely manner. Thanks!

If the matter is security related, please disclose it privately via <|URL|>
-->

**What happened**:

**What you expected to happen**:

**How to reproduce it (as minimally and precisely as possible):**

**Anything else we need to know:**

**Environment:**

- Go (use `go version` or `go env`):
- SDK (use `cat spotinst/version.go`):
- OS (e.g: `cat /etc/os-release`):
- Kernel (e.g. `uname -a`):
- Others:
",5.0
armanozak/snq,"
**Describe the bug**
A clear and concise description of what the bug is.

**To Reproduce**
Steps to reproduce the behavior:
1. Go to '...'
2. Click on '....'
3. Scroll down to '....'
4. See error

**Expected behavior**
A clear and concise description of what you expected to happen.

**Screenshots**
If applicable, add screenshots to help explain your problem.

**Desktop (please complete the following information):**
- OS: [e.g. iOS]
- Browser [e.g. chrome, safari]
- Version [e.g. 22]

**Smartphone (please complete the following information):**
- Device: [e.g. iPhone6]
- OS: [e.g. iOS8.1]
- Browser [e.g. stock browser, safari]
- Version [e.g. 22]

**Additional context**
Add any other context about the problem here.
",1.0
tedyst/hikload,"
**Describe the bug**
A clear and concise description of what the bug is. If it is an error, please give the output when using the argument `--debug`, or the Debug mode if using `<|Repo_Name|>-qt`.

**To Reproduce**
The arguments used when running the program/the values put into the GUI if using <|Repo_Name|>-qt.

**Additional context**
Add any other context about the problem here. Please specify the manufacturer, model number and firmware version for the DVR.
",1.0
shellscape/postcss-values-parser,"
<!--
⚡️ katchow! We 💛 issues.

Please - do not - remove this template.
Please - do not - skip or remove parts of this template.
Or your issue may be closed.

👉🏽 Need help or support? Open a SUPPORT issue instead.
-->


### Expected Behavior / Situation


### Actual Behavior / Situation


### Modification Proposal
",5.0
adamjakab/beetspluginxtractor,"
### Use case

I'm trying to use the beets-xtractor plugin to...


### Solution
<!--
Do you have a proposal for how it should work?

Try to be as specific as possible in describing your idea.
Don't worry if it is not tech-talk. Just dream.
-->

",1.0
jackfred2/chesttracker,"
**Describe the solution you'd like**
What would you like to see in the mod?

**Describe alternatives you've considered**
A clear and concise description of any alternative solutions or features you've considered.

**Additional context**
Add any other context or screenshots about the feature request here.
",1.0
hirosystems/stacks-subnets,"
**Is your feature request related to a problem? Please describe.**
A clear and concise description of what the problem is. Ex. I'm always frustrated when [...]

**Describe the solution you'd like**
A clear and concise description of what you want to happen.

**Describe alternatives you've considered**
A clear and concise description of any alternative solutions or features you've considered.

**Additional context**
Add any other context or screenshots about the feature request here.
",1.0
adonisjs/attachment-lite,"
<!-- CLICK ""Preview"" FOR INSTRUCTIONS IN A MORE READABLE FORMAT -->

## Prerequisites

We do our best to reply to all the issues on time. If you will follow the given guidelines, the turn around time will be faster.

- Lots of raised issues are directly not bugs but instead are design decisions taken by us.
- Make use of our [GH discussions](<|URL|>), or [discord server](<|URL|>), if you are not sure that you are reporting a bug.
- Ensure the issue isn't already reported.
- Ensure you are reporting the bug in the correct repo.

*Delete the above section and the instructions in the sections below before submitting*

## Package version
<!-- YOUR ANSWER -->

## Node.js and npm version
<!-- YOUR ANSWER -->

## Sample Code (to reproduce the issue)
<!-- YOUR ANSWER -->

## BONUS (a sample repo to reproduce the issue)
<!-- YOUR ANSWER -->
",5.0
herbsjs/todolist-on-herbs,"
**Describe the bug**
A clear and concise description of what the bug is.

**To Reproduce**
Steps to reproduce the behavior:

1. Go to '...'
2. Click on '....'
3. Scroll down to '....'
4. See error

**Expected behavior**
A clear and concise description of what you expected to happen.

**Screenshots**
If applicable, add screenshots to help explain your problem.

**Additional context**
Add any other context about the problem here.
",1.0
redhat-developer/gitops-operator,"
**Describe the bug**
A clear and concise description of what the bug is.

**To Reproduce**
Steps to reproduce the behavior:
1. Go to '...'
2. Click on '....'
3. Scroll down to '....'
4. See error

**Expected behavior**
A clear and concise description of what you expected to happen.

**Screenshots**
If applicable, add screenshots to help explain your problem.

**Additional context**
Add any other context about the problem here.
",1.0
lywzx/node-js-filesystem,"
**Describe the bug**
A clear and concise description of what the bug is.

**To Reproduce**
Steps to reproduce the behavior:
1. Go to '...'
2. Click on '....'
3. Scroll down to '....'
4. See error

**Expected behavior**
A clear and concise description of what you expected to happen.

**Screenshots**
If applicable, add screenshots to help explain your problem.

**Desktop (please complete the following information):**
- OS: [e.g. iOS]
- Browser [e.g. chrome, safari]
- Version [e.g. 22]

**Smartphone (please complete the following information):**
- Device: [e.g. iPhone6]
- OS: [e.g. iOS8.1]
- Browser [e.g. stock browser, safari]
- Version [e.g. 22]

**Additional context**
Add any other context about the problem here.
",1.0
jellyfishsdk/whale,"
<!-- Please only use this template for submitting enhancement/feature requests -->

#### What would you like to be added:

#### Why is this needed:
",1.0
lyn-kim/dogtrails,"
## ✅ Task List

> ##### Check list items that need to be done in order to complete the refactor.

- [ ] ... <!-- add as many items as you need -->
- [ ] ...
- [ ] Remove all console logs.
- [ ] Remove all commented out code.
- [ ] Remove all CSS properties that have no effect.
- [ ] Check all code for proper formatting and indentation.
- [ ] Confirm that there are no errors in the console while using the application.
- [ ] Confirm that all previous functionality still works without errors.
- [ ] Confirm that the user interface looks natural on both mobile and desktop screens.
",5.0
antvis/l7plot,"
<!-- Describe your bugs below ^_^ -->

### 🐛 Bug description [Please make everyone to understand it]

> Please provide a link by forking these links [<|Repo_Name|>](<|URL|>) or GitHub repo, a minimal reproduction.

- _Required_ **Link to minimal reproduction**:

### 📷 Step to reproduce

### 🏞 Expected result

### 🚑 Any additional [like screenshots]

- **<|Repo_Name|> Version**:
- **Platform**:
",3.0
npm/map-workspaces,"
<!---
# Before Opening Please...
- [ ] Search for an existing/duplicate issues which might be relevant to your idea
- [ ] Provide a general summary of the feature in the Title above
-->

## Description
<!-- reference RFC or issues if applicable -->
",1.0
knightminer/ceramics,"
**Describe the bug**
A clear and concise description of what the bug is, including expected behavior.

**Screenshots or crash report (if relevant)**
If applicable, add screenshots to help explain your problem.

**Versions (please complete the following information):**
- Minecraft: 1.12.2
- <|Repo_Name|>:

**Other mods required**

List any other mods required to reproduce this issue. Test by running the game with minimal mods.
",1.0
collove/pasteme,"
**Describe the bug**
A clear and concise description of what the bug is.

**To Reproduce**
Steps to reproduce the behavior:

1.
2.
3.
4.

**Expected behavior**
A clear and concise description of what you expected to happen.

**Actual behavior**
A clear and concise description of how the code performed w.r.t expectations.

**Screenshots**
If applicable, add screenshots to help explain your problem.

**Additional details**
",1.0
0perationprivacy/voip,"
**Check the [roadmap](<|URL|>) section first, it may already be there**

**Is your feature request related to a problem? Please describe.**
A clear and concise description of what the problem is. Ex. I'm always frustrated when [...]

**Describe the solution you'd like**
A clear and concise description of what you want to happen.

**Describe alternatives you've considered**
A clear and concise description of any alternative solutions or features you've considered.

**Additional context**
Add any other context or screenshots about the feature request here.
",1.0
sadsfae/ansible-nagios,"
**Is your feature request related to a problem? Please describe.**
A clear and concise description of what the problem is. Ex. I'm always frustrated when [...]

**Describe the Possible Solution**
A clear and concise description of what you want to happen.

**Describe alternatives you've considered**
A clear and concise description of any alternative solutions or features you've considered.

**Additional Info**
Add any other info or context about the feature request here.
",1.0
tleonardi/pycoqc,"
**Describe the bug**
A clear and concise description of what the bug is.

**To Reproduce**
Steps to reproduce the behavior:
1. Go to '...'
2. Click on '....'
3. Scroll down to '....'
4. See error

If possible provide a small example dataset

**Expected behavior**

A clear and concise description of what you expected to happen.

**Screenshots**

If applicable, add screenshots to help explain your problem.

**Desktop (please complete the following information):**

* OS: (e.g. iOS)
* Browser (e.g. chrome, safari)
* Version (e.g. 22)

**Additional context**

Add any other context about the problem here.
",1.0
awesto/cookiecutter-django-shop,"
## What happened?




## What should've happened instead?




## Steps to reproduce

[//]: # (Any or all of the following:)
[//]: # (* Host system configuration: OS, Docker & friends' versions etc.)
[//]: # (* Project generation options)
[//]: # (* Logs)


",1.0
formancehq/ledger,"
**Is your feature request related to a problem? Please describe.**
A clear and concise description of what the problem is. Ex. I'm always frustrated when [...]

**Summary**

**Solution proposal**
A clear and concise description of what you want to happen.

**Describe alternatives you've considered**
A clear and concise description of any alternative solutions or features you've considered.

**Additional context**
Add any other context or screenshots about the feature request here.
",1.0
superblockshq/ethereum-studio,"
<!--

Have you read Ethereum Studio's Code of Conduct? By filing an Issue, you are expected to comply with it, including treating everyone with respect: <|URL|>

Do you want to ask a question? Are you looking for support? The Superblocks community is the best place for getting support: <|URL|>

-->

## Summary

One paragraph explanation of the feature.

## Motivation

Why are we doing this? What use cases does it support? What is the expected outcome?

## Describe alternatives you've considered

A clear and concise description of the alternative solutions you've considered.

## Additional context
",1.0
petafuel/styx,"
**Is your feature request related to a problem? Please describe.**
A clear and concise description of what the problem is. Ex. I'm always frustrated when [...]

**Describe the solution you'd like**
A clear and concise description of what you want to happen.

**Describe alternatives you've considered**
A clear and concise description of any alternative solutions or features you've considered.

**Additional context**
Add any other context or screenshots about the feature request here.
",1.0
latte-carousel/latte-carousel,"
**Describe the bug**
A clear and concise description of what the bug is.

**To Reproduce**
Steps to reproduce the behavior:

1.  Go to '...'
2.  Click on '....'
3.  Scroll down to '....'
4.  See error

**Expected behavior**
A clear and concise description of what you expected to happen.

**Screenshots**
If applicable, add screenshots to help explain your problem.

**Desktop (please complete the following information):**

-   OS: [e.g. iOS]
-   Browser [e.g. chrome, safari]
-   Version [e.g. 22]

**Smartphone (please complete the following information):**

-   Device: [e.g. iPhone6]
-   OS: [e.g. iOS8.1]
-   Browser [e.g. stock browser, safari]
-   Version [e.g. 22]

**Additional context**
Add any other context about the problem here.
",1.0
koenzomers/ringsnapshotdownload,"
**Describe the bug**
A clear and concise description of what the bug is.

**To Reproduce**
Steps to reproduce the behavior:
1. Go to '...'
2. Click on '....'
3. Scroll down to '....'
4. See error

**Expected behavior**
A clear and concise description of what you expected to happen.

**Screenshots**
If applicable, add screenshots to help explain your problem.

**Versions (please complete the following information):**
- OS: [e.g. Windows 10/Raspbian/etc]
- <|Repo_Name|>:
",1.0
eddiejaoude/stargate,"
**Description**

<!-- A brief description of the question or issue, also include what you tried and what didn't work: -->

**Screenshots**

<!-- Please add a screenshot if applicable -->

**Additional Context**  <!-- Optional -->

<!-- Add any other context about the problem here. -->

Join Eddie's discord community [here](<|URL|>)
",1.0
eu-digital-green-certificates/dgca-validation-service,"
<!--
Thanks for reporting a bug!
Before opening a new issue, please make sure that we do not have any duplicates already open.
You can ensure this by searching the issue list for this repository.
If there is a duplicate, please close your issue and add a comment to the existing issue instead.
-->

## Describe the bug

<!-- Describe your issue, but please be descriptive! Thanks again -->

## Expected behaviour

<!-- A clear and concise description of what you expected to happen. -->

## Steps to reproduce the issue

<!-- include screenshots, logs, code or other info to help explain your problem -->

<!--
1. Go to '...'
2. Click on '....'
3. Scroll down to '....'
4. See error
-->

## Technical details

- Host Machine OS (Windows/Linux/Mac):

## Possible Fix

<!-- Not obligatory, but suggest a fix or reason for the bug -->

## Additional context

<!-- Add any other context about the problem here. -->
",1.0
wolfenrain/bolt,"
**Description**

Clearly describe what code needs to be changed and what the performance impact is going to be. Bonus point's if you can tie this directly to user experience.

**Requirements**

- [ ] There is no drop in test coverage.
",5.0
adonisjs/repl,"
<!-- CLICK ""Preview"" FOR INSTRUCTIONS IN A MORE READABLE FORMAT -->

## Prerequisites

We do our best to <|Repo_Name|>y to all the issues on time. If you will follow the given guidelines, the turn around time will be faster.

## Consider an RFC

Please create an [RFC](<|URL|>) instead, if

- Feature introduces a breaking change
- Demands lots of time and changes in the current code base.

*Delete the above section and the instructions in the sections below before submitting*

## Why this feature is required (specific use-cases will be appreciated)?
<!-- YOUR ANSWER -->

## Have you tried any other work arounds?
<!-- YOUR ANSWER -->

## Are you willing to work on it with little guidance?
<!-- YOUR ANSWER -->
",5.0
chie4hao/qmk_firmware_nrf52840,"<!--- Provide a general summary of the changes you want in the title above. -->

<!--- Anything on lines wrapped in comments like these will not show up in the final text. -->

<!-- Please check <|URL|> for additional resources first. If that doesn't answer your question, choose the bug report template instead, as that may be more appropriate. -->
",1.0
mahdisml/dartgodot,"
**Is your feature request related to a problem? Please describe.**
A clear and concise description of what the problem is. Ex. I'm always frustrated when [...]

**Describe the solution you'd like**
A clear and concise description of what you want to happen.

**Describe alternatives you've considered**
A clear and concise description of any alternative solutions or features you've considered.

**Additional context**
Add any other context or screenshots about the feature request here.
",1.0
bahn-x/swift-composable-navigator,"
# Bug description
[//]: # (Give a clear and concise description of what the bug is.)

# Steps to reproduce
[//]: # (Zip up a project that reproduces the behavior and attach it by dragging it here.)

```swift
<|Code|>
```

# Expected behavior
[//]: # (Give a clear and concise description of what you expected to happen.)

# Screenshots
[//]: # (If applicable, add screenshots to help explain your problem.)

# Environment
- Xcode [e.g. 11.4.1]
- Swift [e.g. 5.2.2]
- OS (if applicable): [e.g. iOS 13]

# Additional context
[//]: # (Add any more context about the problem here.)
",1.0
alinush/ck,"
**Describe the bug**
A clear and concise description of what the bug is.

**To Reproduce**
Steps to reproduce the behavior:
1. Go to '...'
2. Cli<|Repo_Name|> on '....'
3. Scroll down to '....'
4. See error

**Expected behavior**
A clear and concise description of what you expected to happen.

**Screenshots**
If applicable, add screenshots to help explain your problem.

**Desktop (please complete the following information):**
- OS: [e.g. iOS]
- Browser [e.g. chrome, safari]
- Version [e.g. 22]

**Smartphone (please complete the following information):**
- Device: [e.g. iPhone6]
- OS: [e.g. iOS8.1]
- Browser [e.g. sto<|Repo_Name|> browser, safari]
- Version [e.g. 22]

**Additional context**
Add any other context about the problem here.
",1.0
julynx/wthr,"
**If your issue is related with an error or unexpected behavior please fill in a [BUG] report instead.**

**Describe the functionality you would like to see in the app**
Give a detailed explanation of the desired functionality and an actual use case.
Please provide external references if possible.

**Please detail any side effects or problems that you believe may arise from implementing the requested functionality**
This will give developers and users a more accurate idea of the positive and negative consequences of the proposed modification.

**Finally, include a link If you have already implemented the desired functionality in a fork.**

**Additional remarks**
<|Repo_Name|> is a minimal command line application, it is built to do one thing and one thing only.
My focus will always be on improving the source code, minimizing bugs and increasing performance over adding new features.
",5.0
mrfdev/cmi,"
**Script filename**


**Describe the feature you would like to see**
A clear and concise description of what you want to happen.


**Additional context**
Add any other context or screenshots about the feature request here.
",1.0
apache/cordova-plugin-wkwebview-engine,"
<!------------^ Click ""Preview"" for a nicer view! -->

Apache Cordova uses GitHub Issues as a feature request and bug tracker _only_.
For usage and support questions, please check out the resources below. Thanks!

---

You can get answers to your usage and support questions about **Apache Cordova** on:

* Slack Community Chat: <|URL|> (you can sign-up at <|URL|>
* StackOverflow: <|URL|> using the tag `cordova`

---

If you are using a tool that uses Cordova internally, like e.g. Ionic, check their support channels:

* **Ionic Framework**
* [Ionic Community Forum](<|URL|>)
* [Ionic Worldwide Slack](<|URL|>)
* **PhoneGap**
* [PhoneGap Developer Community](<|URL|>)
",1.0
aws-solutions/performance-dashboard-on-aws,"
**Is your feature request related to a problem? Please describe.**

<!--- A clear and concise description of what the problem is. Ex. I'm always frustrated when [...] -->

**Describe the feature you'd like**

<!--- A clear and concise description of what you want to happen -->

**Additional context**

<!--- Add any other context or screenshots about the feature request here -->
",1.0
yassineldeeb/create-prisma-generator,"
## Bug description

A clear and concise description of what the bug is.

## To Reproduce

### Screenshot for prompt questions answers:

If applicable, add screenshot for your terminal showing the answers for prompt questions.

### Steps to reproduce the behavior:

1. Go to '...'
2. Click on '....'
3. Scroll down to '....'
4. See error

## Expected behavior

A clear and concise description of what you expected to happen.

## Screenshots

If applicable, add screenshots to help better explain your problem.

## Environment & setup

- OS: <!--[e.g. Mac OS, Windows, Debian, CentOS, ...]-->
- Node.js version: <!--[Run `node -v` to see your Node.js version]-->
",1.0
appgate/terraform-provider-appgatesdp,"
---
name: 🐛 Bug Report
about: If something isn't working as expected 🤔.

---

<!---
Please note the following potential times when an issue might be in Terraform core:

* [Configuration Language](<|URL|>) or resource ordering issues
* [State](<|URL|>) and [State Backend](<|URL|>) issues
* [Provisioner](<|URL|>) issues
* [Registry](<|URL|>) issues
* Spans resources across multiple providers

If you are running into one of these scenarios, we recommend opening an issue in the [Terraform core repository](<|URL|>) instead.
--->



### Terraform CLI, Terraform appgatesdp Provider Version, and Appgate Appliance version(s)

terraform cli: vX.X.X
<|Repo_Name|>:  vX.X.X
appgate appliance version: X.X.X

<!--- Please run `terraform -v` to show the Terraform core version and provider version(s). If you are not running the latest version of Terraform or the provider, please upgrade because your issue may have already been fixed. [Terraform documentation on provider versioning](<|URL|>). --->
<!--- Please include your appliance version --->

### Affected Resource(s)

<!--- Please list the affected resources and data sources. --->

* appgatesdp_XXXXX

### Terraform Configuration Files

<!--- Information about code formatting: <|URL|> --->

Please include all Terraform configurations required to reproduce the bug. Bug reports without a functional reproduction may be closed without investigation.

```hcl
<|Code|>
```

### Debug Output

<!---
Please provide a link to a GitHub Gist containing the complete debug output. Please do NOT paste the debug output in the issue; just paste a link to the Gist.

To obtain the debug output, see the [Terraform documentation on debugging](<|URL|>).
--->

### Panic Output

<!--- If Terraform produced a panic, please provide a link to a GitHub Gist containing the output of the `crash.log`. --->

### Expected Behavior

<!--- What should have happened? --->

### Actual Behavior

<!--- What actually happened? --->

### Steps to Reproduce

<!--- Please list the steps required to reproduce the issue. --->

1. `terraform apply`

### Important Factoids

<!--- Are there anything atypical about your accounts that we should know? For example: Running in EC2 Classic? --->

### References

<!---
Information about referencing Github Issues: <|URL|>

Are there any other GitHub issues (open or closed) or pull requests that should be linked here? Vendor documentation? For example:
--->

* #0000
",5.0
appleintelwifi/adapter,"
**Describe the bug**
A clear and concise description of what the bug is.

**How to reproduce**
Explain on how to reproduce this bugs, or the steps you took for this bug to occur.

**Expected behavior**
A clear and concise description of what you expected to happen.

**Screenshots**
If applicable, add screenshots to help explain your problem.

**Wireless card name**
For example, `Intel Dual-Band Wireless-AC 8265/8275 (8086:24fd)`

**Additional context**
Add any other context about the problem here.
",1.0
yurist38/linkedin-video-downloader,"
Please share with me what would you like to suggest as an improvement or a feature?
",1.0
qiskit-community/qiskit-js,"
<!-- ⚠️ If you do not respect this template, your issue will be closed -->
<!-- ⚠️ Make sure to browse the opened and closed issues to confirm this idea does not exist. -->

### What is the expected behavior?


",1.0
omixvisualization/qtjambi5,"
**Is your feature request related to a problem? Please describe.**
A clear and concise description of what the problem is. Ex. I'm always frustrated when [...]

**Describe the solution you'd like**
A clear and concise description of what you want to happen.

**Describe alternatives you've considered**
A clear and concise description of any alternative solutions or features you've considered.

**Additional context**
Add any other context or screenshots about the feature request here.
",1.0
benhason1/nestjs-http-promise,"
**Describe the bug**
A clear and concise description of what the bug is.

**To Reproduce**
Steps to reproduce the behavior:
1. Go to '...'
2. Click on '....'
3. Scroll down to '....'
4. See error

**Expected behavior**
A clear and concise description of what you expected to happen.

**Screenshots**
If applicable, add screenshots to help explain your problem.

**Desktop (please complete the following information):**
- OS: [e.g. iOS]
- Browser [e.g. chrome, safari]
- Version [e.g. 22]

**Smartphone (please complete the following information):**
- Device: [e.g. iPhone6]
- OS: [e.g. iOS8.1]
- Browser [e.g. stock browser, safari]
- Version [e.g. 22]

**Additional context**
Add any other context about the problem here.
",1.0
jaeyeophan/gatsby-post-gen,"
## Description
",1.0
lm-channel-team-project/team-auto-matcher,"
## 버그내용

## 스크린 샷


",1.0
powervr-graphics/native_sdk,"
## Description

<!-- Provide a description of the bug you're experiencing. Be as detailed as possible the more information the better. -->

## Repro steps

<!-- Share the steps to reproduce the bug. A screenshot is worth a thousand words, provide one if you can. Also provide a backtrace or logcat if applicable. -->

## Environment

* SDK version: <!-- e.g R18.2, v5.2, R18.2-v5.2 -->
* Operating System/Device: <!-- e.g. Windows, Linux, Android -->

## Additional Info
<!-- Add anything else that you think may be relevant in here -->
",5.0
petuum/autodist,"
**Please describe the bug**

**Please describe the expected behavior**

**System information and environment**
- OS Platform and Distribution (e.g., Linux Ubuntu 16.04):
- TensorFlow version:
- Python version:
- GCC/Compiler version (if compiling from source):
- CUDA version:
- NCCL version:
- cuDNN version:
- GPU model and memory:
- <|Repo_Name|> version:

**To Reproduce**
Steps to reproduce the behavior:
1.
2.
3.
4. See error

**Screenshots**
If applicable, add screenshots to help explain your problem.

**Code snippet to reproduce the problem**

**Additional information**
Add any other context about the problem here or include any logs that would be helpful to diagnose the problem.
",1.0
girl-code-it/opportunity-calendar-backend,"
### **Feature request**:

A clear and concise description of the feature.

### **Is your feature request related to a problem? Please describe. (optional)**:

A clear and concise description of what the problem is.

### **Describe the solution you'd like**:

A clear and concise description of what you want to happen.

### **Describe alternatives you've considered**:

A clear and concise description of any alternative solutions or features you've considered.

### **Describe how this feature will be useful to our readers**:

A clear and concise description of how this feature will be useful for our other readers.

### **Additional context:**

Add any other context or screenshots about the feature request here.

<hr/>

**Note:**

- If you want to work on an issue, you should check if it has already been assigned to anyone.
",1.0
krtirtho/wives,"
**Is your feature request related to a problem? Please describe.**
A clear and concise description of what the problem is. Ex. I'm always frustrated when [...]

**Describe the solution you'd like**
A clear and concise description of what you want to happen.

**Describe alternatives you've considered**
A clear and concise description of any alternative solutions or features you've considered.

**Additional context**
Add any other context or screenshots about the feature request here.
",1.0
arbory/arbory,"

",1.0
shsgames/shsgames.github.io,"
**URL**: Paste the url that the problem is on here.
**Version**: Paste the version number from the bottom of the page. e.g. *a.b.c-xyz*.

**Observed Behavior**: Explain what's wrong.

**Expected Behavior**: Explain what should happen.

**How to Reproduce**: If the problem occurs after a complicated list of actions, explain each step here, otherwise delete this section.

**Include screenshots if possible**
",5.0
meteor-community-packages/packosphere,"
**Is your feature request related to a problem? Please describe.**
A clear and concise description of what the problem is. Ex. I'm always frustrated when [...]

**Describe the solution you'd like**
A clear and concise description of what you want to happen.

**Describe alternatives you've considered**
A clear and concise description of any alternative solutions or features you've considered.

**Additional context**
Add any other context or screenshots about the feature request here.
",1.0
angular-rust/ux-animate,"
### What is the feature ?
*Detailed feature descrption*

### (Optional) Why this feature is useful and how people would use the feature ?
*Explain why this feature is important*

### (Optional) Additional Information
*More details are appreciated:)*
",1.0
sdv-dev/deepecho,"
### Environment Details

Please indicate the following details about the environment in which you found the bug:

* <|Repo_Name|> version:
* Python version:
* Operating System:

### Error Description

<!--Replace this text with a description of what you were trying to get done.
Tell us what happened, what went wrong, and what you expected to happen.-->

### Steps to reproduce

<!--Replace this text with a description of the steps that anyone can follow to
reproduce the error. If the error happens only on a specific dataset, please
consider attaching some example data to the issue so that others can use it
to reproduce the error.-->

```
<|Code|>
```
",1.0
elsampsa/valkka-examples,"
## General Question

Things like this:

- ""When feature X will be available in libValkka?""
- ""Can you explain why Z?""
- ""I am having trouble X with Y.. any idea why that might be?""

The idea in this kind of ticket is to have discussion.  However, due to the nature of the ticket, it's going to be rather vague.

If your problem/issue is more exact, please file a bug report.
",2.0
game-ci/unity-request-activation-file,"
**Bug description**

<!--A clear and concise description of what the bug is.-->

**How to reproduce**

<!--Steps to reproduce the behavior:-->

- **Expected behavior**

<!--A clear and concise description of what you expected to happen.-->

**Additional details**

<!--Please add context, links, reasons, screenshots, etc.-->
",1.0
wessel/wumpfetch,"
<!--
Remove ""[👾](https://<SITE HERE>/?referrer=<|Repo_Name|>)"" if you don't have a website
Remove ""[🔩](<|URL|><NAME HERE>)"" and
""[⚖](<|URL|><NAME HERE>)"" if your project isn't a NPM package
-->

| Project Name | Short description | Links
|----------|----------|:-------------:
| <NAME HERE> | <DESCRIPTION HERE> | [🔩](<|URL|><NAME HERE>) [⚖](<|URL|><NAME HERE>) [📂](<|URL|>) [👾](https://<SITE HERE>/?referrer=<|Repo_Name|>)
",1.0
struct/isoalloc,"
**Is your feature request related to a problem? Please describe.**
A clear and concise description of what the problem is. Ex. I'm always frustrated when [...]

**Describe the solution you'd like**
A clear and concise description of what you want to happen.

**Describe alternatives you've considered**
A clear and concise description of any alternative solutions or features you've considered.

**Additional context**
Add any other context or screenshots about the feature request here.
",1.0
qiime2/q2-feature-classifier,"
**Addition Description**
A clear and concise description of what the addition is.

**Current Behavior**
Please provide a brief description of the current behavior, if applicable.

**Proposed Behavior**
Please provide a brief description of the proposed behavior.

**Questions**
1. An enumerated list of questions related to the proposal.
2. If not applicable, please delete this section.

**Comments**
1. An enumerated list of comments related to the proposal that don't fit anywhere else.
2. If not applicable, please delete this section.

**References**
1. An enumerated list of links to relevant references, including forum posts, stack overflow, etc.
2. If not applicable, please delete this section.
",1.0
corona-warn-app/cwa-verification-server,"
<!--
Thanks for requesting a feature!
Before opening a new issue, please make sure that we do not have any duplicates already open.
You can ensure this by searching the issue list for this repository.
If there is a duplicate, please close your issue and add a comment to the existing issue instead.
-->

## Feature description

<!--
Provide a detailed description of the feature or improvement you are proposing.
What specific solution would you like? What is the expected behaviour?
Add any other context, screenshots, or code snippets about the feature request here as well.
-->

## Problem and motivation

<!--
Why is this change important to you? What is the problem this feature would solve?
How would you use it? How can it benefit other users?
-->

## Is this something you're interested in working on

<!-- Yes or No -->
",5.0
ayehavgunne/tonberry,"
**Is your feature request related to a problem? Please describe.**
A clear and concise description of what the problem is. Ex. I'm always frustrated when [...]

**Describe the solution you'd like**
A clear and concise description of what you want to happen.

**Describe alternatives you've considered**
A clear and concise description of any alternative solutions or features you've considered.

**Additional context**
Add any other context or screenshots about the feature request here.
",1.0
amilajack/alfred,"
--------------^ Click ""Preview"" for a nicer view!
> Amila's Patreon: <|URL|>

Help support <|Repo_Name|>!

If this project is saving you (or your team) time, please consider supporting it on Patreon 👍 thank you!

**Donations will ensure the following:**

- 🔨 Long term maintenance of the project
- 🛣 Progress on the [roadmap](<|URL|>)
- 🐛 Quick responses to bug reports and help requests
",5.0
natiginfo/qrscannercamerax,"
A clear and concise description of what the problem is. Ex. I'm always frustrated when [...]
",1.0
recmo/yul,"
**Is your feature request related to a problem? Please describe.**
A clear and concise description of what the problem is. Ex. I'm always frustrated when [...]

**Describe the solution you'd like**
A clear and concise description of what you want to happen.

**Describe alternatives you've considered**
A clear and concise description of any alternative solutions or features you've considered.

**Additional context**
Add any other context or screenshots about the feature request here.

<!-- This template is based on <|URL|> -->
",1.0
halirutan/intellij-key-promoter-x,"
**Describe the bug**
A clear and concise description of what the bug is.

**To Reproduce**
Steps to reproduce the behaviour:
1. Go to '...'
2. Open '....'
3. Type the following '....'

**Expected behaviour**
A clear and concise description of what you expected to happen.

**Screenshots**
If applicable, add screenshots to help explain your problem.

**Please also provide:**
- OS: [e.g. Mac OS X, Linux, Windows]
- IntelliJ Product [e.g. PyCharm 2019.1.3]
",1.0
asyncbanana/microdiff,"
**❗ Is your feature request related to a problem? Please describe.**
A clear and concise description of what the problem is. Ex. I'm always frustrated when [...]

**✅ Describe the solution you'd like**
A clear and concise description of what you want to happen.

**↗️ Describe alternatives you've considered**
A clear and concise description of any alternative solutions or features you've considered.

**➕ Additional context**
Add any other context or pieces of code about the feature request here.
",1.0
rocketseat/adonis-bull,"
<!-- Verify first that your issue is not already reported -->

<!-- Please only use this template for submitting enhancement requests -->

<!-- If possible complete *all* sections as described. Don't remove any section. -->

**What would you like to be added**:

<!-- A clear and concise description of what would you like to be added. -->

**Why is this needed**:

<!-- A clear and concise description of why is it needed. -->

**Is your enhancement request related to a problem? Please describe.**

<!-- A clear and concise description of what the problem is. Ex. I'm always frustrated when [...] -->

**Additional context**

<!-- Add any other context or screenshots about the enhancement request here. -->
",1.0
miurahr/omegat-textra-plugin,"
**Describe the bug**
A clear and concise description of what the bug is.

**To Reproduce**
Steps to reproduce the behavior:
1. Go to '...'
2. Click on '....'
3. Scroll down to '....'
4. See error

**Expected behavior**
A clear and concise description of what you expected to happen.

**Screenshots**
If applicable, add screenshots to help explain your problem.

**Desktop (please complete the following information):**
- OS: [e.g. iOS]
- Java: [e.g. OpenJDK 11]
- Version [e.g. 1.0, 0.8]

**Additional context**
Add any other context about the problem here.
",1.0
mit-spark/kimera-vio-evaluation,"
**Is your feature request related to a problem? Please describe.**
A clear and concise description of what the problem is. Ex. I'm always frustrated when [...]

**Describe the solution you'd like**
A clear and concise description of what you want to happen.

**Describe alternatives you've considered**
A clear and concise description of any alternative solutions or features you've considered.

**Additional context**
Add any other context or screenshots about the feature request here.
",1.0
jooy2/vutron,"
**Describe the bug**
A clear and concise description of what the bug is.

**To Reproduce**
Steps to reproduce the behavior:

**Expected behavior**
A clear and concise description of what you expected to happen.

**Screenshots**
If applicable, add screenshots to help explain your problem.

**Desktop (please complete the following information):**
- OS: [e.g. iOS]
- Browser [e.g. chrome, safari]
- Version [e.g. 22]

**Additional context**
Add any other context about the problem here.
",1.0
lukechannings/moviematch,"
**⚠️ Before filing a bug please be sure to have read the
[FAQ](<|URL|>) and search through
[existing issues](<|URL|>)
that might be the same as your problem. If you have a feature suggestion, please
write about it in
[Discussions](<|URL|>). Thanks!
⚠️**

Please fill out:

- **<|Repo_Name|> version:** VERSION
- **System:** e.g. macOS, Linux, Windows, Docker, Kubernetes, etc
- **Plex Version:** VERSION

**Describe the bug** A clear and concise description of what the bug is.

**To Reproduce** Steps to reproduce the behavior:

1. Go to '...'
2. Click on '....'
3. Scroll down to '....'
4. See error

**Expected behavior** A clear and concise description of what you expected to
happen.

**Screenshots** If applicable, add screenshots to help explain your problem.

**Desktop (please complete the following information):**

- OS: [e.g. iOS]
- Browser [e.g. chrome, safari]
- Version [e.g. 22]

**Smartphone (please complete the following information):**

- Device: [e.g. iPhone6]
- OS: [e.g. iOS8.1]
- Browser [e.g. stock browser, safari]
- Version [e.g. 22]

**Additional context** Add any other context about the problem here.
",5.0
safe-global/gnosis-py,"
**Describe the bug**
A clear and concise description of what the bug is.

**To Reproduce**
Steps to reproduce the behavior:
1. from gnosis import '...'
2. '....'

**Expected behavior**
A clear and concise description of what you expected to happen.

**Additional context**
Add any other context about the problem here.
",1.0
zwbetz-gh/uswds-hugo-theme,"
**Describe the bug**
A clear and concise description of what the bug is.

**To Reproduce**
Steps to reproduce the behavior:
1. Go to '...'
2. Click on '....'
3. Scroll down to '....'
4. See error

**Expected behavior**
A clear and concise description of what you expected to happen.

**Screenshots**
If applicable, add screenshots to help explain your problem.

**Desktop (please complete the following information):**
- OS: [e.g. iOS]
- Browser [e.g. chrome, safari]
- Version [e.g. 22]

**Smartphone (please complete the following information):**
- Device: [e.g. iPhone6]
- OS: [e.g. iOS8.1]
- Browser [e.g. stock browser, safari]
- Version [e.g. 22]

**Additional context**
Add any other context about the problem here.
",1.0
gdgsnf/pxxtf,"
**Is your feature request related to a problem? Please describe.**
A clear and concise description of what the problem is. Ex. I'm always frustrated when [...]

**Describe the solution you'd like**
A clear and concise description of what you want to happen.

**Describe alternatives you've considered**
A clear and concise description of any alternative solutions or features you've considered.

**Additional context**
Add any other context or screenshots about the feature request here.
",1.0
paulonteri/remote-code-execution-environment,"
**Is your feature request related to a problem? Please describe.**
A clear and concise description of what the problem is. Ex. I'm always frustrated when [...]

**Describe the solution you'd like**
A clear and concise description of what you want to happen.

**Describe alternatives you've considered**
A clear and concise description of any alternative solutions or features you've considered.

**Additional context**
Add any other context or screenshots about the feature request here.
",1.0
danyi1212/django-windowsauth,"
**Describe the bug**
A clear and concise description of what the bug is.

**To Reproduce**
Steps to reproduce the behavior:
1. Go to '...'
2. Click on '....'
3. Scroll down to '....'
4. See error

**Expected behavior**
A clear and concise description of what you expected to happen.

**Screenshots**
If applicable, add screenshots to help explain your problem.

**Versions (please complete the following information):**
- OS: [e.g. Windows Server 2019, 10.0.19042]
- IIS Version [e.g. 10]
- Django Version [e.g. 3.1]
- Python Version [e.g. 3.8]

**Additional context**
Add any other context about the problem here.
",1.0
jkyberneees/restana,"
**Have you contributed with at least a little donation to support the development of this project?**
- Paypal: <|URL|>
- [TRON](<|URL|>) Wallet: `TJ5Bbf9v4kpptnRsePXYDvnYcYrS5Tyxus`

**Is your feature request related to a problem? Please describe.**
A clear and concise description of what the problem is. Ex. I'm always frustrated when [...]

**Describe the solution you'd like**
A clear and concise description of what you want to happen.

**Describe alternatives you've considered**
A clear and concise description of any alternative solutions or features you've considered.

**Additional context**
Add any other context or screenshots about the feature request here.
",5.0
custom-cards/stack-in-card,"
**Is your feature request related to a problem? Please describe.**
A clear and concise description of what the problem is. Ex. I'm always frustrated when [...]

**Describe the solution you'd like**
A clear and concise description of what you want to happen.

**Describe alternatives you've considered**
A clear and concise description of any alternative solutions or features you've considered.

**Additional context**
Add any other context or screenshots about the feature request here.
",1.0
psydack/uimgui,"
**Describe the bug**
A clear and concise description of what the bug is.

**To Reproduce**
Steps to reproduce the behavior:
1. Go to '...'
2. Click on '....'
3. Scroll down to '....'
4. See error

**Version/Branch of <|Repo_Name|>:**
Version: XXX

**Unity Version**
20XX.XX.XX

**Render pipeline (HDRP / URP / Built-in)**


**Expected behavior**
A clear and concise description of what you expected to happen.

**Screenshots**
If applicable, add screenshots to help explain your problem.

**Additional context**
Add any other context about the problem here.

**Standalone, minimal, complete and verifiable example:**
```
<|Code|>
```
",1.0
devmoi/rogueio,"
**Is your feature request related to a problem? Please describe.**
A clear and concise description of what the problem is. Ex. I'm always frustrated when [...]

**Describe the solution you'd like**
A clear and concise description of what you want to happen.

**Describe alternatives you've considered**
A clear and concise description of any alternative solutions or features you've considered.

**Additional context**
Add any other context or screenshots about the feature request here.
",1.0
uerceg/play-install-referrer-react-native,"

",1.0
vers-one/epubreader,"
<!-- Write your question here. Provide a code sample if applicable. If your question is related to a specific EPUB file, please add a link to that file. -->
",1.0
whitemech/flloat,"
### Subject of the issue
Describe your issue here.

### Your environment
- OS: [e.g. iOS]
- Python version: [e.g. 3.7.2]
- Package Version [e.g. 0.1.2]
- Anything else you consider helpful.

### Steps to reproduce
Tell us how to reproduce this issue.

### Expected behaviour
Tell us what should happen

### Actual behaviour
Tell us what happens instead
",1.0
fireblocks/fireblocks-defi-sdk,"
**Is your feature request related to a problem? Please describe.**
A clear and concise description of what the problem is. Ex. I'm always frustrated when [...]

**Describe the solution you'd like**
A clear and concise description of what you want to happen.

**Additional context**
Add any other context or screenshots about the feature request here.
",1.0
saviomartin/codehouse,"
**Is your feature request related to a problem? Please describe.**
A clear and concise description of what the problem is. Ex. I'm always frustrated when [...]

**Describe the solution you'd like**
A clear and concise description of what you want to happen.

**Describe alternatives you've considered**
A clear and concise description of any alternative solutions or features you've considered.

**Additional context**
Add any other context or screenshots about the feature request here.
",1.0
lakras/matlab-to-julia,"
**MATLAB input**
The incorrectly translated MATLAB code. Please include any special steps to reproduce the failed translation, beyond copy/pasting the MATLAB input and clicking ""translate.""

**Expected Julia output**
The _correct_ Julia translation (not what the translator outputs).

**Comments, suggestions, and other helpful details**
Anything else that might be helpful. Thank you!
",5.0
charlies1103/spicetify-extensions,"
## Describe bug

## Steps to replicate

## Necessary screenshots

## Spicetify and Spotify Version


## Config file:
",1.0
traurige/liddell,"
**Describe the requested feature:**

**System information:**
- iOS version:
- Device:
- Jailbreak:
",1.0
moshebe/gebug,"
**Is your feature request related to a problem? Please describe.**
A clear and concise description of what the problem is. Ex. I'm always frustrated when [...]

**Describe the solution you'd like**
A clear and concise description of what you want to happen.

**Describe alternatives you've considered**
A clear and concise description of any alternative solutions or features you've considered.

**Additional context**
Add any other context or screenshots about the feature request here.
",1.0
accordproject/cicero-ui,"

",1.0
alexdasoul/nestjs-proto-gen-ts,"
<!-- We primarily use GitHub as an issue tracker; for usage and support questions, please check out these resources below. Thanks! 😁. -->

* Discord Community Chat: <|URL|>
* StackOverflow: <|URL|> using the tag `nestjs`
* Twitter: If it's just a quick question you can ping our Twitter: <|URL|>
",1.0
nucleos/nucleosuserbundle,"
## Feature Request

<!-- Provide a summary of the feature. -->
",1.0
exercism/v3,"
[Use this issue template to suggest new concept exercises. Please note that we are not accepting currently suggestions for practice exercises. Please fill in the issue template, and remove any sections wrapped in square brackets (such as this section!).]

In this issue, a new concept exercise for the <LANG> track is suggested. The exercise's name is `<SLUG>`.

## Rationale

[Describe why you think this new exercise would make a good addition to the <LANG> track.]

## Concepts

[A clear description of which concepts this exercise aims to teach.

For example:

The goal of this exercise is to teach the student how concept X is implemented in <LANG>. We will teach X through <LANG>'s Y type.]
",5.0
deeprank/iscore,"
**Describe the bug**
A clear and concise description of what the bug is.

**Environment:**
- OS system:
- Version:
- Branch commit ID:
- Inputs:

**To Reproduce**
Steps/commands to reproduce the behaviour:
1.
2.
3.

**Expected Results**
A clear and concise description of what you expected to happen.

**Actual Results or Error Info**
If applicable, add screenshots to help explain your problem.

**Additional Context**
Add any other context about the problem here.
",1.0
opticfusion1/aurora,"
**Is your feature request related to a problem? Please describe.**
A clear and concise description of what the problem is. Ex. I'm always frustrated when [...]

**Describe the solution you'd like**
A clear and concise description of what you want to happen.

**Describe alternatives you've considered**
A clear and concise description of any alternative solutions or features you've considered.

**Additional context**
Add any other context or screenshots about the feature request here.
",1.0
wexond/wexond-ui,"
**Is your feature request related to a problem? Please describe.**
<!-- A clear and concise description of what the problem is. Ex. I'm always frustrated when [...] -->

**Describe the solution you'd like**
<!-- A clear and concise description of what you want to happen. -->

**Describe alternatives you've considered**
<!-- A clear and concise description of any alternative solutions or features you've considered. -->

**Additional context**
<!-- Add any other context or screenshots about the feature request here. -->
",1.0
monkey-mouse/mo2,"
**描述你遇到的bug**
详细描述发生了什么bug

**复现bug**
复现bug的步骤
1. 打开'...'
2. 点击 '....'
3. 滑动到 '....'
4. 发生错误

**期待结果**
详细描述应该发生什么

**截图**
可以提供出现bug时的截图

**PC端 (请完善下列信息):**
- OS: [e.g. WIN10,iOS]
- Browser [e.g. chrome, safari]
- Version [e.g. 22]

**手机端 (请完善下列信息):**
- Device: [e.g. iPhone6]
- OS: [e.g. iOS8.1]
- Browser [e.g. stock browser, safari]
- Version [e.g. 22]

**附言**
关于bug的其他说明
",5.0
yusing/qalloc,"
**Describe the bug**
A clear and concise description of what the bug is.

**To Reproduce**
Steps to reproduce the behavior:
1. Go to '...'
2. Click on '....'
3. Scroll down to '....'
4. See error

**Expected behavior**
A clear and concise description of what you expected to happen.

**Screenshots**
If applicable, add screenshots to help explain your problem.

**Desktop (please complete the following information):**
- OS: [e.g. Windows]
- Compiler: [e.g. MSVC v142]
- Version [e.g. 1.0]

**Additional context**
Add any other context about the problem here.
",1.0
notaperson535/oneclick-macos-simple-kvm,"
**Is your feature request related to a problem? Please describe.**
A clear and concise description of what the problem is. Ex. I'm always frustrated when [...]

**Describe the solution you'd like**
A clear and concise description of what you want to happen.

**Describe alternatives you've considered**
A clear and concise description of any alternative solutions or features you've considered.

**Additional context**
Add any other context or screenshots about the feature request here.
",1.0
cybozu-go/cke,"
**Describe the bug**
A clear and concise description of what the bug is.

**Environments**
- Version:
- OS:

**To Reproduce**
Steps to reproduce the behavior:
1. Go to '...'
2. Click on '....'
3. Scroll down to '....'
4. See error

**Expected behavior**
A clear and concise description of what you expected to happen.

**Additional context**
Add any other context about the problem here.
",1.0
rohansohonee/equalizer,"
**Is your feature request related to a problem? Please describe.**
A clear and concise description of what the problem is. Ex. I'm always frustrated when [...]

**Describe the solution you'd like**
A clear and concise description of what you want to happen.

**Describe alternatives you've considered**
A clear and concise description of any alternative solutions or features you've considered.

**Additional context**
Add any other context or screenshots about the feature request here.
",1.0
friday/ulauncher-clipboard,"
**Describe the solution you'd like**
A clear and concise description of what you want to add.
",1.0
yahoo/k8s-athenz-webhook,"
**Describe the bug**
A clear and concise description of what the bug is.

**Steps to Reproduce**
A list of steps with the inputs to reproduce the issue.

**Expected behavior**
A clear and concise description of what you expected to happen.

**Provide the environment context and component versions**
- Kubernetes version
- Linux OS/Kernel version
- Istio/Envoy version

**Additional context**
Add any other context about the problem here.
",1.0
ran-isenberg/aws-lambda-handler-cookbook,"
**Describe the bug**
A clear and concise description of what the bug is.

**To Reproduce**
Steps to reproduce the behavior:
1. Go to '...'
2. Click on '....'
3. Scroll down to '....'
4. See error

**Expected behavior**
A clear and concise description of what you expected to happen.

**Screenshots**
If applicable, add screenshots to help explain your problem.

**Desktop (please complete the following information):**
- OS: [e.g. iOS]
- Browser [e.g. chrome, safari]
- Version [e.g. 22]

**Smartphone (please complete the following information):**
- Device: [e.g. iPhone6]
- OS: [e.g. iOS8.1]
- Browser [e.g. stock browser, safari]
- Version [e.g. 22]

**Additional context**
Add any other context about the problem here.
",1.0
bymartrixx/player-events,"
**Is your feature request related to a problem? Please describe.**
A clear and concise description of what the problem is. Ex. I'm always frustrated when [...]

**Describe the solution you'd like**
A clear and concise description of what you want to happen.

**Describe alternatives you've considered**
A clear and concise description of any alternative solutions or features you've considered.

**Additional context**
Add any other context or screenshots about the feature request here.
",1.0
davidjamesherzog/videojs-shaka,"
<!-- NOTE: If you ignore this template, we will send it again and ask you to fill it out anyway. -->

**Have you checked for duplicate open issues [here](<|URL|>)?**


**What version of Shaka Player and <|Repo_Name|> are you using?**


**Can you reproduce the issue with our latest release version?**


**Can you reproduce the issue with the latest code from `master`?**


**Are you using the demo app or your own custom app?**


**If custom app, can you reproduce the issue using our demo app?**


**What browser and OS are you using?**


**What are the manifest and license server URIs?**
<!-- NOTE:
You can send the URIs to <<|Email|>> instead,
but please use GitHub and the template for the rest.
A copy of the manifest text or an attached manifest will **not** be
enough to reproduce your issue, and we **will** ask you to send a
URI instead.  You can copy the URI of the demo app to send us the
exact asset, licence server, and settings you have selected there.
-->


**What did you do?**
<!-- Steps to reproduce the bug -->


**What did you expect to happen?**


**What actually happened?**
<!-- A clear and concise description of what the bug is -->
<!-- If applicable, you may add screenshots to help explain your problem. -->
",5.0
omar14/oementions,"
**Is your feature request related to a problem? Please describe.**
A clear and concise description of what the problem is. Ex. I'm always frustrated when [...]

**Describe the solution you'd like**
A clear and concise description of what you want to happen.

**Describe alternatives you've considered**
A clear and concise description of any alternative solutions or features you've considered.

**Additional context**
Add any other context or screenshots about the feature request here.
",1.0
katydecorah/read-action,"
**Is your feature request related to a problem? Please describe.**
A clear and concise description of what the problem is. Ex. I'm always frustrated when [...]

**Describe the solution you'd like**
A clear and concise description of what you want to happen.

**Describe alternatives you've considered**
A clear and concise description of any alternative solutions or features you've considered.

**Additional context**
Add any other context or screenshots about the feature request here.
",1.0
theislab/batchglm,"
**Describe the bug**

<!-- A clear and concise description of what the bug is. -->

**To Reproduce**

Steps to reproduce the behavior:

1. ...
2. ...
3. ...

**Expected behavior**

<!-- A clear and concise description of what you expected to happen. -->

**System [please complete the following information]:**

-   OS: e.g. [Ubuntu 18.04]
-   Language Version: [e.g. Python 3.8]
-   Virtual environment: [e.g. Conda]

**Additional context**

<!-- Add any other context about the problem here. -->
",1.0
buildersbrewery/sublime-lsl,"
## Short and descriptive title

Any other information you want to share that is relevant to the issue being reported.
This might include the lines of code that you have identified as causing the bug,
and potential solutions (and your opinions on their merits).

### Expected behavior

Description ...

```lsl
<|Code|>
```

### Actual behavior

Description ...

```lsl
<|Code|>
```

### Steps to reproduce

* This is the first step.
1. one
2. two
3. three
* This is the second step.
* Further steps, etc.

```lsl
<|Code|>
```

### Environment

```text
<|Code|>
```
",4.0
coinbase/rosetta-ethereum,"
**Describe the bug**
A clear and concise description of what the bug is.

**To Reproduce**
Steps to reproduce the behavior:

**Expected behavior**
A clear and concise description of what you expected to happen.

**Additional context**
",1.0
neomjs/create-app,"
**Is your feature request related to a problem? Please describe.**
A clear and concise description of what the problem is. Ex. I'm always frustrated when [...]

**Describe the solution you'd like**
A clear and concise description of what you want to happen.

**Describe alternatives you've considered**
A clear and concise description of any alternative solutions or features you've considered.

**Additional context**
Add any other context or screenshots about the feature request here.
",1.0
xcrypt0r/crucian,"
### **Please describe the problem you are having in as much detail as possible**


### **Screenshots**

If applicable, add screenshots to help explain your problem

### **Further details**

- discord.js version:
- Node.js version:
- Operating system:

### **Additional context**
Add any other context about the problem here
",1.0
ereuse/devicehub-teal,"
**Is your feature request related to a problem? Please describe.**
A clear and concise description of what the problem is. Ex. I'm always frustrated when [...]

**Describe the solution you'd like**
A clear and concise description of what you want to happen.

**Describe alternatives you've considered**
A clear and concise description of any alternative solutions or features you've considered.

**Additional context**
Add any other context or screenshots about the feature request here.
",1.0
nicolaslagaillardie/mpst_rust_github,"
## Expected Behavior


## Actual Behavior


## Steps to Reproduce the Problem

1.
1.
1.

## Specifications

- Version:
- Platform:
- Subsystem:
",1.0
php-java/php-java,"
# 実装を要望するにあたっての概要を教えてください

# コードの一例

# 期待する結果

",1.0
sunmughan/pubg_mobile_memory_hacking,"
**Describe the bug**
A clear and concise description of what the bug is.

**To Reproduce**
Steps to reproduce the behavior:
1. Go to '...'
2. Click on '....'
3. Scroll down to '....'
4. See error

**Expected behavior**
A clear and concise description of what you expected to happen.

**Screenshots**
If applicable, add screenshots to help explain your problem.

**Desktop (please complete the following information):**
- OS: [e.g. iOS]
- Browser [e.g. chrome, safari]
- Version [e.g. 22]

**Smartphone (please complete the following information):**
- Device: [e.g. iPhone6]
- OS: [e.g. iOS8.1]
- Browser [e.g. stock browser, safari]
- Version [e.g. 22]

**Additional context**
Add any other context about the problem here.
",1.0
mxygem/linedesigns,"
**Describe the bug**
A clear and concise description of what the bug is.

**To Reproduce**
Steps to reproduce the behavior:
1. Go to '...'
2. Click on '....'
3. Scroll down to '....'
4. See error

**Expected behavior**
A clear and concise description of what you expected to happen.

**Screenshots**
If applicable, add screenshots to help explain your problem.

**Desktop (please complete the following information):**
- OS: [e.g. iOS]
- Browser [e.g. chrome, safari]
- Version [e.g. 22]

**Smartphone (please complete the following information):**
- Device: [e.g. iPhone6]
- OS: [e.g. iOS8.1]
- Browser [e.g. stock browser, safari]
- Version [e.g. 22]

**Additional context**
Add any other context about the problem here.
",1.0
eserozvataf/temporal-parse,"
**Describe the bug**
A clear and concise description of what the bug is.

**To Reproduce**
Steps to reproduce the behavior:
1. Go to '...'
2. Click on '....'
3. Scroll down to '....'
4. See error

**Expected behavior**
A clear and concise description of what you expected to happen.

**Screenshots**
If applicable, add screenshots to help explain your problem.

**Desktop (please complete the following information):**
- OS: [e.g. iOS]
- Browser [e.g. chrome, safari]
- Version [e.g. 22]

**Smartphone (please complete the following information):**
- Device: [e.g. iPhone6]
- OS: [e.g. iOS8.1]
- Browser [e.g. stock browser, safari]
- Version [e.g. 22]

**Additional context**
Add any other context about the problem here.
",1.0
nikitavoloboev/license-up,"
### Feature ✨
<!-- Search existing issues to avoid duplicates. Provide detailed request. -->



<!-- Why do we need this? Please explain the motivation, how it will be used, etc. -->
<!-- Optionally think about how this could be added. Can you add it and submit a PR? -->
",1.0
wordpress/openverse-browser-extension,"
<!-- Consider how soon we need the discussion resolved vs. giving everyone an opportunity to participate.  -->
## Due date: yyyy-mm-dd

<!-- Suggest two members of @WordPress/openverse to review the discussion.  -->
## Assigned reviewers

- [ ] TBD
- [ ] TBD

<!-- Start the conversation. Please @ anyone relevant and try to ask questions to help facilate discussion. -->
## Description
",1.0
ibbatta/frontend-modern-boilerplate,"
**Describe the bug**
A clear and concise description of what the bug is.

**To Reproduce**
Steps to reproduce the behavior:

1. Go to '...'
2. Click on '....'
3. Scroll down to '....'
4. See error

**Expected behavior**
A clear and concise description of what you expected to happen.

**Screenshots**
If applicable, add screenshots to help explain your problem.

**Desktop (please complete the following information):**

- OS: [e.g. iOS]
- Browser [e.g. chrome, safari]
- Version [e.g. 22]

**Smartphone (please complete the following information):**

- Device: [e.g. iPhone6]
- OS: [e.g. iOS8.1]
- Browser [e.g. stock browser, safari]
- Version [e.g. 22]

**Additional context**
Add any other context about the problem here.
",1.0
azsftwr/kookaburra,"
## Bug Report

**Current Behavior**
A clear and concise description of the behavior.

**Input Code**
- REPL or Repo link if applicable:

**Expected behavior/code**
A clear and concise description of what you expected to happen (or code).


**Environment**
- <|Repo_Name|> version(s): [e.g. v6.0.0, v7.0.0-beta.34]
- OS: [e.g. OSX 10.13.4, Windows 10]
- How you are using <|Repo_Name|>: [e.g. `cli`, `register`, `loader`]

**Possible Solution**
<!--- Only if you have suggestions on a fix for the bug -->

**Additional context/Screenshots**
Add any other context about the problem here. If applicable, add screenshots to help explain.
",1.0
hjoshi123/m1devsetup,"
**Is your feature request related to a problem? Please describe.**
A clear and concise description of what the problem is. Ex. We could reduce the script like this [...]

**Describe the solution you'd like**
A clear and concise description of what you want to happen.

**Describe the name of the tool that you need**
A tool name like go or something that you use in your routine

**Link of the tool**
Link to homebrew or any other repo which can be used

**Additional context**
Add any other context or screenshots about the feature request here.
",1.0
jeromelachaud/freelancer-theme,"
**Describe the bug**
A clear and concise description of what the bug is.

**To Reproduce**
Steps to reproduce the behavior:
1. Go to '...'
2. Click on '....'
3. Scroll down to '....'
4. See error

**Expected behavior**
A clear and concise description of what you expected to happen.

**Screenshots**
If applicable, add screenshots to help explain your problem.

**Desktop (please complete the following information):**
- OS: [e.g. iOS]
- Browser [e.g. chrome, safari] and version [e.g. 22]
-  Ruby version [e.g. 2.6.3]

**Additional context**
Add any other context about the problem here.
",1.0
daybrush/scenejs-render,"

## Environments
* OS name:
* Scene.js Component Version:
* Component Name (Render, Recorder):
* Component version:
* Testable Address(optional):

## Description
<!-- Let me know your situation -->
",1.0
nikitavoloboev/license-up,"
### Question 🤔
<!-- Search existing issues to avoid duplicates. Provide detailed question. -->

",1.0
sithlord48/ff7tk,"
**Describe the bug**
A clear and concise description of what the bug is.

**To Reproduce**
Steps to reproduce the behavior:
1. Go to '...'
2. Click on '....'
3. Scroll down to '....'
4. See error

**Expected behavior**
A clear and concise description of what you expected to happen.

**Screenshots**
If applicable, add screenshots to help explain your problem.

**Desktop (please complete the following information):**
- OS: [e.g. iOS]
- Compiler [e.g gc]
- Version [e.g. 0.20.80, git hash]
- Qt Version used.

**Additional context**
Add any other context about the problem here.
",1.0
skanehira/denops-gh.vim,"
## 🐛 Summary
<!--
Thanks your report.
Please write summary of bug.
-->

## 💔 Enviroment
- Vim/Neovim Version:
- OS:

## 👀 Steps
<!--
Please write how reproduce the bug.
-->
1. Do action
2. Do another action
3. Wrong Behavior !!

## 🆗 Expected


## 🚑 Actual


",4.0
supergovbr/mod-wssei,"
**Sua solicitação de melhoria está relacionada a um problema? Por favor descreva.**
Uma descrição clara e concisa de qual é o problema. Ex. Sempre fico frustrado quando [...]

-----

**Descreva a solução que você gostaria**
Uma descrição clara e concisa do que você deseja que aconteça.

-----

**Descreva alternativas que você considerou**
Uma descrição clara e concisa de quaisquer soluções ou recursos alternativos que você considerou.

-----

**Contexto adicional**
Adicione qualquer outro contexto ou capturas de tela sobre a solicitação de recurso aqui.
",1.0
ahpxchina/mirai.net,"
**Is your feature request related to a problem? Please describe.**
A clear and concise description of what the problem is. Ex. I'm always frustrated when [...]

**Describe the solution you'd like**
A clear and concise description of what you want to happen.

**Describe alternatives you've considered**
A clear and concise description of any alternative solutions or features you've considered.

**Additional context**
Add any other context or screenshots about the feature request here.
",1.0
manucaralmo/glowcookies,"
**Describe the bug**
A clear and concise description of what the bug is.

**To Reproduce**
Steps to reproduce the behavior:
1. Go to '...'
2. Click on '....'
3. Scroll down to '....'
4. See error

**Expected behavior**
A clear and concise description of what you expected to happen.

**Screenshots**
If applicable, add screenshots to help explain your problem.

**Desktop (please complete the following information):**
- OS: [e.g. iOS]
- Browser [e.g. chrome, safari]
- Version [e.g. 22]

**Smartphone (please complete the following information):**
- Device: [e.g. iPhone6]
- OS: [e.g. iOS8.1]
- Browser [e.g. stock browser, safari]
- Version [e.g. 22]

**Additional context**
Add any other context about the problem here.
",1.0
aleksandryackovlev/openapi-mock-express-middleware,"
### Description on the bug
<!-- Remove this section if not reporting a bug or modification request. -->.

### Context
- Operating System:
- Node Version:
- NPM Version:
- <|Repo_Name|> Version:

### Expected Behavior

<!-- Remove this section if not reporting a bug or modification request. -->

### Actual Behavior

<!-- Remove this section if not reporting a bug or modification request. -->

### Code

```js
<|Code|>
```

```js
<|Code|>
```

### How Do We Reproduce?

<!--
Remove this section if not reporting a bug.
-->

**Additional context**
Add any other context about the problem here.
",1.0
salabs/epimetheus,"
**Is your feature request related to a problem? Please describe.**
A clear and concise description of what the problem is. Ex. I'm always frustrated when [...]

**Describe the solution you'd like**
A clear and concise description of what you want to happen.

**Describe alternatives you've considered**
A clear and concise description of any alternative solutions or features you've considered.

**Additional context**
Add any other context or screenshots about the feature request here.
",1.0
bistard/nota,"
**Is your feature request related to a problem? Please describe.**
A clear and concise description of what the problem is. Ex. I'm always frustrated when [...]

**Describe the solution you'd like**
A clear and concise description of what you want to happen.

**Describe alternatives you've considered**
A clear and concise description of any alternative solutions or features you've considered.

**Additional context**
Add any other context or screenshots about the feature request here.
",1.0
betodealmeida/shillelagh,"
**Describe the bug**
A clear and concise description of what the bug is.

**To Reproduce**
Steps to reproduce the behavior:
1. Go to '...'
2. Click on '....'
3. Scroll down to '....'
4. See error

**Expected behavior**
A clear and concise description of what you expected to happen.

**Screenshots**
If applicable, add screenshots to help explain your problem.

**Desktop (please complete the following information):**
- OS: [e.g. iOS]
- Browser [e.g. chrome, safari]
- Version [e.g. 22]

**Smartphone (please complete the following information):**
- Device: [e.g. iPhone6]
- OS: [e.g. iOS8.1]
- Browser [e.g. stock browser, safari]
- Version [e.g. 22]

**Additional context**
Add any other context about the problem here.
",1.0
harmony-org/harmony,"
**What question do you have?**
<!-- Please tell us your question as short and easy to understand. -->
",1.0
keveon/spring-data-jpa-demo,"
**Describe the bug**
A clear and concise description of what the bug is.

**To Reproduce**
Steps to reproduce the behavior:
1. Go to '...'
2. Click on '....'
3. Scroll down to '....'
4. See error

**Expected behavior**
A clear and concise description of what you expected to happen.

**Screenshots**
If applicable, add screenshots to help explain your problem.

**Desktop (please complete the following information):**
- OS: [e.g. iOS]
- Browser [e.g. chrome, safari]
- Version [e.g. 22]

**Smartphone (please complete the following information):**
- Device: [e.g. iPhone6]
- OS: [e.g. iOS8.1]
- Browser [e.g. stock browser, safari]
- Version [e.g. 22]

**Additional context**
Add any other context about the problem here.
",1.0
cbmi-uthsc/deepsepsis,"
**Describe the bug**
A clear and concise description of what the bug is.

**To Reproduce**
Steps to reproduce the behavior:
1. Go to '...'
2. Click on '....'
3. Scroll down to '....'
4. See error

**Expected behavior**
A clear and concise description of what you expected to happen.

**Screenshots**
If applicable, add screenshots to help explain your problem.

**Desktop (please complete the following information):**
- OS: [e.g. iOS]
- Browser [e.g. chrome, safari]
- Version [e.g. 22]

**Smartphone (please complete the following information):**
- Device: [e.g. iPhone6]
- OS: [e.g. iOS8.1]
- Browser [e.g. stock browser, safari]
- Version [e.g. 22]

**Additional context**
Add any other context about the problem here.
",1.0
lihbr/nuxt-hue,"
## Version

Node: <!-- ex: 14.0.0 -->
Nuxt: <!-- ex: 3.0.0 -->
Module: <!-- ex: 1.0.0 -->

## Nuxt configuration

<!-- If relevant, please include the configuration you are using for this module. -->

## Reproduction

<!-- Without a minimal reproduction we wont be able to look into your issue properly. -->

**Link (optional):**

- [ ] GitHub repository

### Steps to reproduce

### What is expected?

### What is actually happening?

## Additional information

<!-- Anything you'd like to add. -->

## Checklist

- [ ] I have tested with the latest Nuxt version and the issue still occurs
- [ ] I have tested with the latest module version and the issue still occurs
- [ ] I have searched the issue tracker and this issue hasn't been reported yet
",1.0
custom-components/sensor.yandex_maps,"
**Version of the custom_component**
<!-- If you are not using the newest version, download and try that before opening a issue-->

**Describe the bug**
A clear and concise description of what the bug is.

**log**
<!-- issues without debug logging will be closed-->
```
<|Code|>
```
",1.0
radishface/sponza-hdrp,"
**Is your feature request related to a problem? Please describe.**
A clear and concise description of what the problem is. Ex. I'm always frustrated when [...]

**Describe the solution you'd like**
A clear and concise description of what you want to happen.

**Describe alternatives you've considered**
A clear and concise description of any alternative solutions or features you've considered.

**Additional context**
Add any other context or screenshots about the feature request here.
",1.0
iotic-labs/iotics-identity-py,"
**Steps to reproduce**
_[Please provide definite, as clear as possible steps, preferably with test data. Include tool and library names used (if any) and their versions.]_


**Expected result**
…


**Actual result**
…


**How often does it happen?**


**Timestamps:**
_[Exact date and time or range of when it happened - including timezone.]_


**Affected hosts/spaces:**
…


**What is impact of the issue:**
_[Additional information to help to understand severity of the bug.]_


**Additional context:**
_[Please attach Screenshots, scripts, related logs (files, not inline code) from monitoring, stacktraces, terminal output, etc.]_


Please link any related issues.
",1.0
infostart-hub/snegopat,"
**Описание проблем при запуске нового релиза платформы 1С**

- **версия релиза платформы 8.3.Х.Х**

<!-- - если возможно, приложите логи ошибок -->
<!-- - если возможно, приложите скриншоты ошибок -->

<!-- **Дополнительный контекст**

- и т.д. -->
",2.0
andromander/gaia-dimension,"
**Describe the feature you would like to see**
A clear and concise description of what you would like to see in the mod.
PLEASE DO NOT SUBMIT A FEATURE REQUEST FOR THE FOLLOWING:
- Implement the unused equipment. Yes, they will be added eventually.
- Guide book. I'm trying to figure out a solution that doesn't require a dependency.
- New boss <insert structure, mob, or loot>. Don't worry, I do have plans.
- Duplicate ideas. No, it won't boost its chance of being added. Instead, add a thumbs up to ideas that you like.
- Bug/Crash fixes. Use the Bug or Crash report templates, not this.
- Questions. There is a Discord for a reason.

**Why do you think this feature should be in the mod?**
Thoroughly explain why you would like to see it in the mod. For example, will it improve quality of life, integrate well into the existing dimension, or something to expand on an existing idea? Pitch it like you mean it.

**Additional context**
Add any notes, such as whether it was discussed on the Gaia Dimension Discord, some screenshots for proof-of-concept, or even any code examples if you're after that edge.
",5.0
flink-extended/ai-flow,"
<!--

*Thank you very much for contributing to flink-ai-extended. To help the community review your issue or contribution in the best possible way，please take a few minutes to fulfill following items.*

-->

### Describe the bug
<!-- A clear and concise description of what the bug is -->

### Your environment
#### Operating system
<!-- The name and version of your operating system -->

#### Database
<!-- The database and version you use -->

#### Python version
<!-- The python version you use -->

### To Reproduce
Steps to reproduce the behavior (if you can):
1. Submit a '...'
2. Click on '....'
3. See error

### Expected behavior
<!-- A clear and concise description of what you expected to happen -->

### Actual behavior
<!-- A clear and concise description of what you see instead -->

### Screenshots
<!-- If applicable, add screenshots to help explain your problem -->

### Additional context
<!-- Please include any error logs -->
",5.0
hashicorp/terraform-provider-hcp,"
### Description

<!--- Please leave a helpful description of the feature request and the problem it solves here. --->

### New or Affected Resource(s)

<!--- Please list the new or affected resources and data sources. --->

* hcp_XXXXX

### Potential Terraform Configuration

```hcl
# Copy-paste your Terraform configurations here - for large Terraform configs,
# please use a service like Dropbox and share a link to the ZIP file. For
# security, you can also encrypt the files using our GPG public key: <|URL|>
```

### References

<!---
Are there any other GitHub issues (open or closed) or pull requests that should be linked here?
--->

* #0000

<!--- Please keep this note for the community --->

### Community Note

* Please vote on this issue by adding a 👍 [reaction](<|URL|>) to the original issue to help the community and maintainers prioritize this request
* If you are interested in working on this issue or have submitted a pull request, please leave a comment

<!--- Thank you for keeping this note for the community --->
",1.0
uetools/uetools,"
**Describe what is the purpose of the feature.**
A clear and concise description. Ex. The game 'XYZ' uses the 'Engine Version ABC' feature [...]

**Describe alternatives you've considered**
A clear and concise description of any alternative solutions or features you've considered.

**Additional context**
Add any other context or screenshots about the feature request here.
",1.0
aws-solutions/distributed-load-testing-on-aws,"
**Is your feature request related to a problem? Please describe.**
<!-- A clear and concise description of what the problem is. Ex. I'm always frustrated when [...] -->

**Describe the feature you'd like**
<!--  A clear and concise description of what you want to happen.-->

**Additional context**
<!-- Add any other context or screenshots about the feature request here.-->
",1.0
aunicorndev/tabsmonster,"
**Is your feature request related to a problem? Please describe.**
A clear and concise description of what the problem is. Ex. I'm always frustrated when [...]

**Describe the solution you'd like**
A clear and concise description of what you want to happen.

**Describe alternatives you've considered**
A clear and concise description of any alternative solutions or features you've considered.

**Additional context**
Add any other context or screenshots about the feature request here.
",1.0
corvince/mesa-geo,"
**What's the problem this feature will solve?**
<!-- A clear and concise description of what the problem is. -->

**Describe the solution you'd like**
<!-- A clear and concise description of what you want to happen. -->

**Additional context**
<!-- Add any other context, links, etc. about the feature here. -->
",1.0
boilerplatex/laravel-boilerplate,"
**Is your feature request related to a problem? Please describe.**
A clear and concise description of what the problem is. Ex. I'm always frustrated when [...]

**Describe the solution you'd like**
A clear and concise description of what you want to happen.

**Describe alternatives you've considered**
A clear and concise description of any alternative solutions or features you've considered.

**Additional context**
Add any other context or screenshots about the feature request here.
",1.0
rocmsys/ret,"
**System information**
- OS Platform and Distribution (e.g., Linux Ubuntu 16.04):
- GPU model and memory:
- CPU model and memory:

**Describe the bug**
A clear and concise description of what the bug is.

**To Reproduce:**
Provide the exact commands that you executed before running into the problem


**Expected behavior**
A clear and concise description of what you expected to happen.


**Additional context / logs**
Add any other context about the problem here.
",5.0
dzcode-io/kuliya,"
**Describe the bug**
A clear and concise description of what the bug is.

**To Reproduce**
Steps to reproduce the behavior:

1. Go to '...'
2. Click on '....'
3. Scroll down to '....'
4. See error
5. ...etc

**Expected behavior**
A clear and concise description of what you expected to happen.

**Screenshots**
If applicable, add screenshots to help explain your problem.

**Environment:**

- OS: [e.g. Windows 10]
- Browser : [e.g. IE 11]
- Runtime [e.g. JRE 8]

**Additional context**
Add any other context about the problem here.
",1.0
technote-space/create-project-card-action,"
## Describe the bug: バグの概要
<!-- A clear and concise description of what the bug is. -->
<!-- バグの内容を簡潔かつ明確に書いてください -->

## To Reproduce: 再現手順
Steps to reproduce the behavior:
1. Go to '...'
2. Click on '....'
3. Scroll down to '....'
4. See error

## Expected behavior: 期待する動作
<!-- A clear and concise description of what you expected to happen. -->
<!-- あなたが期待する動きを簡潔かつ明確に書いてください -->

## Screenshots: スクリーンショット
<!-- If applicable, add screenshots to help explain your problem. -->
<!-- バグの説明に役立つスクリーンショットを用意できる場合、ここに追加してください -->

## Operating environment: バグが発生した環境
- Version of software
- OS: [e.g. Windows10]
- Browser: [e.g. Chrome, Safari]
- etc.

## Additional context: 補足
<!-- Add any other context about the problem here. -->
<!-- このバグに関連する情報を追加してください -->
",5.0
olehan/kek,"
**Is your feature request related to a problem? Please describe.**
A clear and concise description of what the problem is. Ex. I'm always frustrated when [...]

**Describe the solution you'd like**
A clear and concise description of what you want to happen.

**Describe alternatives you've considered**
A clear and concise description of any alternative solutions or features you've considered.

**Additional context**
Add any other context or screenshots about the feature request here.
",1.0
latticesurgery-com/lattice-surgery-compiler,"
Issue Description
-----------------

Please give us a detailed description of the new feature, and what problem it is trying to address.

If this is a proposal to change an existing feature, please also outline the current
implementation and its drawbacks.

Proposed Solution
-----------------

Let us know what you'd like to see happen, and be sure to mention
any alternatives that you've considered.

Additional References
---------------------

If applicable, provide some references that will help us better understand the request.
",1.0
d-biehl/robotcode,"
**Is your enhancement request related to a problem? Please describe.**
A clear and concise description of what the problem is. Ex. I'm always frustrated when [...]

**Describe the solution you'd like**
A clear and concise description of what you want to happen.

**Describe alternatives you've considered**
A clear and concise description of any alternative solutions or features you've considered.

**Additional context**
Add any other context or screenshots about the feature request here.
",1.0
nephila/django-app-enabler,"
<!--
Please fill in each section to help maintainers to be helpful and quick to respond.
-->

## Description

<!--
Describe the feature in general terms.
-->

## Use cases

<!--
What use cases these feature will address?
-->

## Proposed solution

<!--
A clear and concise description of what you want to happen.
-->

## Alternatives

<!--
A clear and concise description of any alternative solutions or features you've considered.
-->

## Additional information

<!--
Add any other information.
-->
",5.0
bincyber/pitfall,"
##### ISSUE TYPE
<!--- Pick one below and delete the rest -->
- User Feedback

##### SUMMARY
<!--- Provide your feedback below. -->
<!--- Include as much information as possible to help us understand. -->

##### <|Repo_Name|> VERSION
<!--- Write the affected version of <|Repo_Name|> below. -->

##### ADDITIONAL INFORMATION
<!--- Include any additional information for project maintainers here. -->
",1.0
runfalk/synology-wireguard,"
**Description**
Brief description of what you are trying to do, and what actually happens.

**Steps to reproduce**
```
$ ssh user@nas
$ sudo wg-quick up wg0
[#] ip link add wg0 type wireguard
[#] wg setconf wg0 /dev/fd/63
[#] ip -4 address add <|URL|> dev wg0
[#] ip link set mtu 1270 up dev wg0
[#] wg set wg0 fwmark 51820
[#] ip -4 route add <|URL|> dev wg0 table 51820
[#] ip -4 rule add not fwmark 51820 table 51820
[#] ip -4 rule add table main suppress_prefixlength 0
[#] sysctl -q net.ipv4.conf.all.src_valid_mark=1
[#] nft -f /dev/fd/63
$ sudo wg show
interface: wg0
public key: <redacted>
private key: (hidden)
listening port: 25565
fwmark: 0xca6c
```

**Expected behavior**
A clear and concise description of what you expected to happen.

**Synology NAS model**
E.g. DS218j

**wg0.conf**
```
<|Code|>
```

If there are multiple peers, include their configuration too.
",2.0
dropbox/dropbox-sdk-dotnet,"
**Describe the bug**
A clear and concise description of the bug.

**To Reproduce**
The steps to reproduce the behavior

**Expected Behavior**
A clear description of what you expected to happen.

**Actual Behavior**
A clear description of what actually happened

**Screenshots**
If applicable, add screenshots to help explain your problem.

**Versions**
* What version of the SDK are you using?
* What version of the language are you using?
* What platform are you using? (if applicable)

**Additional context**
Add any other context about the problem here.
",1.0
eonu/arx,"
# Issue title

- **Type**: Unexpected or incorrect functionality
- **Operating system**: ...
- **Ruby version manager (and version)**: e.g. `rbenv` (`1.1.1`)
- **Ruby version**: ...
- **<|Repo_Name|> version**: ...

## Expected functionality

Description of the expected functionality.

## Actual functionality

Description of the actual functionality.
",5.0
benbalter/jekyll-auth,"
### Describe the bug

A clear and concise description of what the bug is.

### Steps to reproduce the behavior

1. Go to '...'
2. Click on '....'
3. Scroll down to '....'
4. See error

### Expected behavior

A clear and concise description of what you expected to happen.

### Screenshots

If applicable, add screenshots to help explain your problem.

### Additional context

Add any other context about the problem here.
",1.0
masecla22/reddit4j,"
**Describe the bug**
A clear and concise description of what the bug is.

**To Reproduce**
Steps to reproduce the behavior:
1. Go to '...'
2. Click on '....'
3. Scroll down to '....'
4. See error

**Expected behavior**
A clear and concise description of what you expected to happen.

**Screenshots**
If applicable, add screenshots to help explain your problem.

**Desktop (please complete the following information):**
- OS: [e.g. iOS]
- Browser [e.g. chrome, safari]
- Version [e.g. 22]

**Smartphone (please complete the following information):**
- Device: [e.g. iPhone6]
- OS: [e.g. iOS8.1]
- Browser [e.g. stock browser, safari]
- Version [e.g. 22]

**Additional context**
Add any other context about the problem here.
",1.0
komarovalexander/react-filter-control,"
**Is your feature request related to a problem? Please describe.**
A clear and concise description of what the problem is. Ex. I'm always frustrated when [...]

**Describe the solution you'd like**
A clear and concise description of what you want to happen.

**Describe alternatives you've considered**
A clear and concise description of any alternative solutions or features you've considered.

**Additional context**
Add any other context or screenshots about the feature request here.
",1.0
jaxparrow07/androidx86-installer-linux,"
**Describe the bug**
A clear and concise description of what the bug is.

**To Reproduce**
Steps to reproduce the behavior:
1. Go to '...'
2. Click on '....'
3. Scroll down to '....'
4. See error

**Expected behavior**
A clear and concise description of what you expected to happen.

**Screenshots**
If applicable, add screenshots to help explain your problem.

**Linux Distro:**
- OS: [e.g. Ubuntu]
- Version [e.g. 20.04 LTS]

**Installation ISO:**
- Android Image ( Androidx86 ) : [e.g. BlissOS, PrimeOS]
- Version [e.g. Mainline]
- Link [If possible link the iso or the official site]

**Additional context**
Add any other context about the problem here.
",1.0
buildalible/betterhi3launcher,"
**Attach the file here**
",1.0
nyankiyoshi/pytest-django-queries,"
**Is your feature request related to a problem? Please describe.**
A clear and concise description of what the problem is. Ex. I'm always frustrated when [...]

**Describe the solution you'd like**
A clear and concise description of what you want to happen.

**Describe alternatives you've considered**
A clear and concise description of any alternative solutions or features you've considered.

**Additional context**
Add any other context or screenshots about the feature request here.
",1.0
bellshade/wpu_bot,"
**Is your feature request related to a problem? Please describe.**
A clear and concise description of what the problem is. Ex. I'm always frustrated when [...]

**Describe the solution you'd like**
A clear and concise description of what you want to happen.

**Describe alternatives you've considered**
A clear and concise description of any alternative solutions or features you've considered.

**Additional context**
Add any other context or screenshots about the feature request here.
",1.0
mlsa-amu/mlsa-amu,"
#### Explain in detail
",1.0
lagmoellertim/unsilence,"
**Is your feature request related to a problem? Please describe.**
A clear and concise description of what the problem is. Ex. I'm always frustrated when [...]

**Describe the solution you'd like**
A clear and concise description of what you want to happen.

**Describe alternatives you've considered**
A clear and concise description of any alternative solutions or features you've considered.

**Additional context**
Add any other context or screenshots about the feature request here.
",1.0
pentaglobal/penta,"
For general questions please use the gitter channel or the <|Repo_Name|> slack at <|URL|>.

#### System information

Geth version: `<|Repo_Name|> version`
OS & Version: Windows/Linux/OSX
Commit hash : (if `develop`)

#### Expected behaviour


#### Actual behaviour


#### Steps to reproduce the behaviour


#### Backtrace

````
<|Code|>
````
",5.0
bymi15/react-edit-text,"
**Is your feature request related to a problem? Please describe.**
A clear and concise description of what the problem is. Ex. I'm always frustrated when [...]

**Describe the solution you'd like**
A clear and concise description of what you want to happen.

**Describe alternatives you've considered**
A clear and concise description of any alternative solutions or features you've considered.

**Additional context**
Add any other context or screenshots about the feature request here.
",1.0
plasmnetwork/lockdrop-ui,"
**Describe the bug**
A clear and concise description of what the bug is.

**To Reproduce**
Steps to reproduce the behavior:
1. Go to '...'
2. Click on '....'
3. Scroll down to '....'
4. See error

**Expected behavior**
A clear and concise description of what you expected to happen.

**Screenshots**
If applicable, add screenshots to help explain your problem.

**Desktop (please complete the following information):**
- OS: [e.g. iOS]
- Browser [e.g. chrome, safari]
- Version [e.g. 22]

**Smartphone (please complete the following information):**
- Device: [e.g. iPhone6]
- OS: [e.g. iOS8.1]
- Browser [e.g. stock browser, safari]
- Version [e.g. 22]

**Additional context**
Add any other context about the problem here.
",1.0
terraform-provider-graylog/terraform-provider-graylog,"
## Note

* About the problem of Graylog, please ask at the Graylog community <|URL|>

## Environment

* Graylog version:
* OS (client side):
* ex. Windows 10, Mac OS Mojave 10.14.6, Ubuntu 16.04
* The result of `terraform version`

ex.

```
<|Code|>
```

## Overview

## Expected behavior

## Actual behavior

## How to reproduce

* command and result (error message)
* configuration file such as *.tf
",2.0
ibm/ibm-spectrum-scale-bridge-for-grafana,"
**Describe the bug**
A clear and concise description of what the bug is.

**To Reproduce**
Steps to reproduce the behavior:
1. Go to '...'
2. Click on '....'
3. Scroll down to '....'
4. See error

**Expected behavior**
A clear and concise description of what you expected to happen.

**Screenshots**
If applicable, add screenshots to help explain your problem.

**Desktop (please complete the following information):**
- IBM Spectrum Scale system type:
- [ ] IBM Spectrum Scale classic cluster.
- [ ] IBM Spectrum Scale Container Native Storage Access (CNSA).
- [ ] IBM Elastic Storage Server (ESS).
- IBM Spectrum Scale cluster version:
- IBM Spectrum Scale bridge for Grafana version:
- Grafana version:
- OS Grafana is installed on:

**Additional context**
Add any other context about the problem here.
",1.0
tztztztztz/eql.detectron2,"
If you do not know the root cause of the problem / bug, and wish someone to help you, please
post according to this template:

## Instructions To Reproduce the Issue:

1. what changes you made (`git diff`) or what code you wrote
```
<|Code|>
```
2. what exact command you run:
3. what you observed (including the full logs):
```
<|Code|>
```
4. please also simplify the steps as much as possible so they do not require additional resources to
run, such as a private dataset.

## Expected behavior:

If there are no obvious error in ""what you observed"" provided above,
please tell us the expected behavior.

If you expect the model to converge / work better, note that we do not give suggestions
on how to train a new model.
Only in one of the two conditions we will help with it:
(1) You're unable to reproduce the results in detectron2 model zoo.
(2) It indicates a detectron2 bug.

## Environment:

Run `python -m detectron2.utils.collect_env` in the environment where you observerd the issue, and paste the output.
If detectron2 hasn't been successfully installed, use `python detectron2/utils/collect_env.py` (after getting this file from github).

If your issue looks like an installation issue / environment issue,
please first try to solve it yourself with the instructions in
<|URL|>
",5.0
azure-rtos/usbx,"
**Is your feature request related to a problem? Please describe.**
A clear and concise description of what the problem is. Ex. I'm always frustrated when [...]

**Describe the solution you'd like**
A clear and concise description of what you want to happen.

**Describe alternatives you've considered**
A clear and concise description of any alternative solutions or features you've considered.

**Additional context**
Add any other context or screenshots about the feature request here.
",1.0
apache-superset/superset-ui-plugins-template,"
**Describe the bug**
A clear and concise description of what the bug is.

**To Reproduce**
Steps to reproduce the behavior:
1. Go to '...'
2. Click on '....'
3. Scroll down to '....'
4. See error

**Expected behavior**
A clear and concise description of what you expected to happen.

**Screenshots**
If applicable, add screenshots to help explain your problem.

**Environment (please complete the following information):**
- superset-ui version: [e.g. v0.5.0]
- Node version: `node -v`
- npm version: `npm -v`

**Additional context**
Add any other context about the problem here.
",1.0
heptiolabs/wardroom,"
/kind bug

**What steps did you take and what happened:**
[A clear and concise description of what the bug is.]


**What did you expect to happen:**


**Anything else you would like to add:**
[Miscellaneous information that will assist in solving the issue.]


**Environment:**

- <|Repo_Name|> version: `branch`
- OS (e.g. from `/etc/os-release`):
",1.0
devreplay/devreplay,"
**Describe the bug**
A clear and concise description of what the bug is.

**To Reproduce**
Steps to reproduce the behavior:

1. Go to '...'
2. Click on '....'
3. Scroll down to '....'
4. See error

**Expected behavior**
A clear and concise description of what you expected to happen.

**Screenshots**
If applicable, add screenshots to help explain your problem.

**Desktop (please complete the following information):**

- OS: [e.g. iOS]
- Browser [e.g. chrome, safari]
- Version [e.g. 22]

**Additional context**
Add any other context about the problem here.
",1.0
google/go-flow-levee,"
## False positive report

Use this issue template to describe a false positive report produced by the analyzer. A false positive report is a report produced by the analyzer on code that you consider to be safe. For example, if the analyzer were to produce a report on the following piece of code, then that would be a false positive:

```go
<|Code|>
```
(We are assuming that `Sink` has been configured as a sink and that `Safe` has *not* been configured as a source.)

**Describe the issue**
Please include a clear and concise description of what happened and why you think it is a false positive.

**To Reproduce**
Please make it as easy as possible for us to reproduce what you observed. If possible, provide the exact configuration and code on which the analyzer failed to produce a report. If the code cannot be shared, please provide a simplified example and confirm that it also yields the false positive report.

**Additional context**
Add any other context about the problem here.
",5.0
mrhenry/core-web,"
<!--- Provide a general summary of the issue in the Title above -->

## Missing polyfill
<!--- Tell us which polyfill is missing -->

## Feature specification
<!--- Provide us a link to the spec of the feature -->

## Existing polyfill implementation
<!--- Not obligatory, link to an existing polyfill implementation -->
",5.0
docpht/docpht,"
## Expected Behavior


## Actual Behavior


## Steps to Reproduce the Problem

1.
2.
3.

## Specifications

- <|Repo_Name|> version:
- PHP version:
- Platform:
- OS:
- Browser:
",1.0
vito/bass,"
**Describe the bug**
A clear and concise description of what the bug is.

**To Reproduce**
Commands or code snippets that reproduce the issue.

**Expected behavior**
A clear and concise description of what you expected to happen.

**Additional context**
Add any other context about the problem here.
",1.0
itz-fork/unzipper-bot,"
**Describe the bug**
A clear and concise description of what the bug is.

**To Reproduce**
Steps to reproduce the behavior:

**Expected behavior**
A clear and concise description of what you expected to happen.

**Screenshots**
If applicable, add screenshots to help explain your problem.

**Additional context**
Add any other context about the problem here.
",1.0
codeuino/website-www.codeuino.org,"
**Is your feature request related to a problem? Please describe.**
A clear and concise description of what the problem is. Ex. I'm always frustrated when [...]

**Describe the solution you'd like**
A clear and concise description of what you want to happen.

**Describe alternatives you've considered**
A clear and concise description of any alternative solutions or features you've considered.

**Additional context**
Add any other context or screenshots about the feature request here.
",1.0
javierbrea/eslint-plugin-boundaries,"
**Describe the bug**
A clear and concise description of what the bug is.

**To Reproduce**
Steps to reproduce the behavior

**Expected behavior**
A clear and concise description of what you expected to happen.

**Logs**
If applicable, add logs to help explain your problem.

** Operating system, Node.js an npm versions, and eslint version (please complete the following information):**
- OS: [e.g. Ubuntu 18.04]
- Node.js: [e.g. 8.11.1]
- npm: [e.g. 5.6.0]
- ESLint: [e.g. v7.2.0]

**Additional context**
Add any other context about the problem here.
",1.0
mikulskibartosz/check-engine,"
**Describe the bug**
A clear and concise description of what the bug is.

**To Reproduce**
Steps to reproduce the behavior:

**Expected behavior**
A clear and concise description of what you expected to happen.

**Actual behavior**
A clear and concise description of what you see instead of the expected behavior.

**Screenshots or console log**
If applicable, add screenshots to help explain your problem.

**Environment (please complete the following information):**
- OS:
- Python version
- Spark version
-  Python packages installed in the runtime environment
- <|Repo_Name|> version

**Additional context**
Add any other context about the problem here.
",1.0
swiftmumbai/chatkit,"
**Describe the bug**
A clear and concise description of what the bug is.

**To Reproduce**
Steps to reproduce the behavior:
1. Go to '...'
2. Click on '....'
3. Scroll down to '....'
4. See error

**Expected behavior**
A clear and concise description of what you expected to happen.

**Screenshots**
If applicable, add screenshots to help explain your problem.

**Desktop (please complete the following information):**
- OS: [e.g. iOS]
- Browser [e.g. chrome, safari]
- Version [e.g. 22]

**Smartphone (please complete the following information):**
- Device: [e.g. iPhone6]
- OS: [e.g. iOS8.1]
- Browser [e.g. stock browser, safari]
- Version [e.g. 22]

**Additional context**
Add any other context about the problem here.
",1.0
alicevision/cctag,"
**Describe the bug**
A clear and concise description of what the bug is.

**To Reproduce**
Steps to reproduce the behavior:
1. Go to '...'
2. Click on '....'
3. Scroll down to '....'
4. See error

**Expected behavior**
A clear and concise description of what you expected to happen.

**Screenshots**
If applicable, add screenshots to help explain your problem.

**Log**
If applicable, copy paste the relevant log output (please embed the text in a markdown code tag ""\`\`\`"" )

**Desktop (please complete the following and other pertinent information):**
- OS: [e.g. win 10, osx, ]
- Cuda version (if relevant)
- Other dependencies version (if relevant)
- <|Repo_Name|> version: please specify if you are using a release version or your own build
- Binary version (if applicable) [e.g. 1.0.0]
- Commit reference (if applicable) [e.g. 08ddbe2]

**Additional context**
Add any other context about the problem here.
",1.0
apisuserbot/king-userbot,"
**Is your feature request related to a problem? Please describe.**
A clear and concise description of what the problem is. Ex. I'm always frustrated when [...]

**Describe the solution you'd like**
A clear and concise description of what you want to happen.

**Describe alternatives you've considered**
A clear and concise description of any alternative solutions or features you've considered.

**Additional context**
Add any other context or screenshots about the feature request here.
",1.0
ksengine/wsocket,"
**Describe the bug**
A clear and concise description of what the bug is.

**To Reproduce**
Steps to reproduce the behavior:
1. Go to '...'
2. Click on '....'
3. Scroll down to '....'
4. See error

**Expected behavior**
A clear and concise description of what you expected to happen.

**Screenshots**
If applicable, add screenshots to help explain your problem.

**Additional context**
Add any other context about the problem here.

---

**Practicalities**
- YES/NO I am willing to work on this issue myself.
",1.0
thenlie/streamability,"
## Is your feature request related to a problem or need? Please describe.
A clear and concise description of what the problem is. (Ex. I'm always frustrated when ...)

## Describe the solution you'd like
A clear and concise description of what you want to happen and how it could be implemented.

## Describe alternatives you've considered
A clear and concise description of any alternative solutions or features you've considered, why they won't work.

## Additional context
Add any other context or screenshots about the feature request here.
",1.0
jaredlunde/snowpack-plugin-svgr,"
**Describe the bug**
A clear and concise description of what the bug is.

**To Reproduce**
Steps to reproduce the behavior:

1. Go to '...'
2. Click on '....'
3. Scroll down to '....'
4. See error

**Expected behavior**
A clear and concise description of what you expected to happen.

**Screenshots**
If applicable, add screenshots to help explain your problem.

**Desktop (please complete the following information):**

- OS: [e.g. iOS]
- Browser [e.g. chrome, safari]
- Version [e.g. 22]

**Smartphone (please complete the following information):**

- Device: [e.g. iPhone6]
- OS: [e.g. iOS8.1]
- Browser [e.g. stock browser, safari]
- Version [e.g. 22]

**Additional context**
Add any other context about the problem here.
",1.0
felixbrucker/foxy-miner,"
**Is your feature request related to a problem? Please describe.**
A clear and concise description of what the problem is. Ex. I'm always frustrated when [...]

**Describe the solution you'd like**
A clear and concise description of what you want to happen.

**Describe alternatives you've considered**
A clear and concise description of any alternative solutions or features you've considered.

**Additional context**
Add any other context or screenshots about the feature request here.
",1.0
dennisreimann/uiengine,"
**Describe the bug**
A clear and concise description of what the bug is.

**To Reproduce**
Steps to reproduce the behavior:
1. Go to '...'
2. Click on '....'
3. Scroll down to '....'
4. See error

**Expected behavior**
A clear and concise description of what you expected to happen.

**Screenshots**
If applicable, add screenshots to help explain your problem.

**Additional context**
Add any other context about the problem here.
",1.0
nonebot/aiocqhttp,"
**问题描述**
请描述你遇到的问题。

**复现方法**
请描述如果操作才能复现你遇到的问题。

**期望的行为**
请描述你本来期待出现的行为。

**日志信息**
请附上 <|Repo_Name|> 和 OneBot（CQHTTP）实现的运行日志（可截图或直接贴文本）。

**相关代码**
```python
<|Code|>
```

**运行环境**
- 操作系统：
- OneBot（CQHTTP）实现及版本：
- <|Repo_Name|> 版本：
- Python 版本：
",1.0
googleapis/java-document-ai,"
:bus: This library has moved to
[google-cloud-java/<|Repo_Name|>](
<|URL|>).
This repository will be archived in the future.

Thanks for stopping by to let us know something could be better!

**PLEASE READ**: If you have a support contract with Google, please create an issue in the [support console](<|URL|>) instead of filing on GitHub. This will ensure a timely response.

**Is your feature request related to a problem? Please describe.**
What the problem is. Example: I'm always frustrated when [...]

**Describe the solution you'd like**
What you want to happen.

**Describe alternatives you've considered**
Any alternative solutions or features you've considered.

**Additional context**
Any other context or screenshots about the feature request.
",4.0
leolabs/you-need-a-parser,"
**Describe the bug**
A clear and concise description of what the bug is.

**To Reproduce**
Steps to reproduce the behavior:
1. Go to '...'
2. Click on '....'
3. Scroll down to '....'
4. See error

**Expected behavior**
A clear and concise description of what you expected to happen.

**Screenshots**
If applicable, add screenshots to help explain your problem.

**Desktop (please complete the following information):**
- OS: [e.g. iOS]
- Browser [e.g. chrome, safari]
- Version [e.g. 22]

**Smartphone (please complete the following information):**
- Device: [e.g. iPhone6]
- OS: [e.g. iOS8.1]
- Browser [e.g. stock browser, safari]
- Version [e.g. 22]

**Additional context**
Add any other context about the problem here.
",1.0
scott-778/coinmarketcap-new-listings-sniper-bot,"
**Is your feature request related to a problem? Please describe.**
A clear and concise description of what the problem is. Ex. I'm always frustrated when [...]

**Describe the solution you'd like**
A clear and concise description of what you want to happen.

**Describe alternatives you've considered**
A clear and concise description of any alternative solutions or features you've considered.

**Additional context**
Add any other context about the feature request here.
",1.0
rshea0/tuneup-prime,"
<!--
Are you having trouble figuring out how to use tuneup PRIME? Please make a post on the help forum instead.

<|URL|>
-->

### Issue description

<!--
Please include any error messages you receive.
-->

### Steps to reproduce

### Screenshots

<!--
If applicable, please add screenshots to help explain your problem.
-->

### Environment

<!--
To get your tuneup PRIME version, click the version number located at
the lower left corner of the home screen.
Your full version information will be copied to your clipboard.
-->

- `tuneup PRIME` version: **your version**
- Engine PRIME version: **your version**
- Operating System: **your OS**
",5.0
jbildstein/spidereye,"
**Describe the feature you'd like**
A clear and concise description of the feature you'd like to have.

**Reason for this feature request**
A clear and concise description of the reason(s) for this feature request.
",1.0
weechat/scripts,"
## Script

- Name of script:

## Question
",1.0
uetchy/compare-github,"
## Bug Report

**Current Behavior**

A clear and concise description of the behavior.

**Input Code**

- REPL or Repo link if applicable:

**Expected behavior/code**

A clear and concise description of what you expected to happen.

**Environment**

- Node/npm version: [e.g. Node 8/npm 5]
- OS: [e.g. OSX 10.13.4, Windows 10]

**Possible Solution**

<!--- Only if you have suggestions on a fix for the bug -->

**Additional context/Screenshots**

Add any other context about the problem here. If applicable, add screenshots to help explain.
",1.0
pymc-devs/pymc-examples,"
**Notebook title**:
**Notebook url**:

## Issue description
Explain the bug, error or mistake, where it is in the notebook, if it happens
only once or multiple times...

*Note that this issue tracker is about the contents in the notebooks, if
the notebook is instead triggering a bug or error in pymc, please
report to <|URL|> instead*

## Expected output
If applicable, describe what should happen instead.

## Proposed solution
If applicable, explain possible solutions and workarounds.
",1.0
danalex97/speer,"
1.  Check if the idea is on the roadmap.
2.  You should describe the following:
- describe the idea
- provide links to resources if relevant
- indicate who benefits from this idea [contributors/users/efficiecy]
",5.0
meilleursagents/terraform-provider-ansiblevault,"
**Describe the bug**
A clear and concise description of what the bug is.

**To Reproduce**
Steps to reproduce the behavior:
1. Configuration examples
1. Error or stack trace

**Expected behavior**
A clear and concise description of what you expected to happen.

**Environment (please complete the following information):**
- OS: [e.g. linux]
- Version [e.g. 1.0.1]
- Terraform Version [e.g. 0.12.1]

**Additional context**
Add any other context about the problem here.
",1.0
deadlinecode/baileys-bottle,"
**Describe the bug**
A clear and concise description of what the bug is.

**To Reproduce**
Steps to reproduce the behavior:
1. Go to '...'
2. Click on '....'
3. Scroll down to '....'
4. See error

**Expected behavior**
A clear and concise description of what you expected to happen.

**Screenshots**
If applicable, add screenshots to help explain your problem.

**Version (please complete the following information):**
- NodeJS: [e.g. 16.11.0]
- Baileys [e.g. 4.3.0]
- Others...

**Additional context**
Add any other context about the problem here.
",1.0
ksplatdev/axlejs,"
**Describe the Release**

A clear and concise description of what the release is.



",1.0
bhupesh-v/dotman,"
if you liked **<|Repo_Name|>** - please let us know. We'd love to hear from you!

You can help me in any way possible

- [ ] Give the repository a star ⭐️
- [ ] Help out with issues
- [ ] Share <|Repo_Name|> with others
- [ ] Make tutorials, This Powers <|Repo_Name|> 💪🏽
- [ ] Support me on [Patreon](<|URL|>)

Thank you! 💐
",5.0
codepapi/n-krypta,"
**Is your feature request related to a problem? Please describe.**
A clear and concise description of what the problem is. Ex. I'm always frustrated when [...]

**Describe the solution you'd like**
A clear and concise description of what you want to happen.

**Describe alternatives you've considered**
A clear and concise description of any alternative solutions or features you've considered.

**Additional context**
Add any other context or screenshots about the feature request here.
",1.0
joshcawthorne/lunadesk,"
**Describe the bug**
A clear and concise description of what the bug is.

**To Reproduce**
Steps to reproduce the behavior:
1. Go to '...'
2. Click on '....'
3. Scroll down to '....'
4. See error

**Expected behavior**
A clear and concise description of what you expected to happen.

**Screenshots**
If applicable, add screenshots to help explain your problem.

**Desktop (please complete the following information):**
- OS: [e.g. iOS]
- Browser [e.g. chrome, safari]
- Version [e.g. 22]

**Smartphone (please complete the following information):**
- Device: [e.g. iPhone6]
- OS: [e.g. iOS8.1]
- Browser [e.g. stock browser, safari]
- Version [e.g. 22]

**Additional context**
Add any other context about the problem here.
",1.0
stella-cv/stella_vslam,"
<!--
For general questions, please ask on <|URL|>
-->

## What issue is the feature request related to?
<!-- A clear and concise description of what the problem is. Ex. I'm always frustrated when [...] -->

## Describe the solution you'd like
<!-- A clear and concise description of what you want to happen. -->

### How to achieve this
<!-- If you already have an idea of how this new feature could be implemented, describe it here. -->

- [ ] TASK1
- [ ] TASK2
- [ ] TASK3

## Describe alternatives you've considered
<!-- A clear and concise description of any alternative solutions or features you've considered. -->

## Additional context
<!-- Add any other context or screenshots about the feature request here. e.g. references -->
",1.0
sergio0694/brainf_cksharp,"
### Description (optional)

This section should contain an expanded description
of the bug, if the title is not sufficient.

### Reproduction Steps

This section should contain an ordered list of steps that can be used to
reproduce the bug. Ideally, you would include as much information about your
environment as possible to help use in determining the best fix for the issue.

### Expected Behavior

This section should contain a description of the behavior that is expected.

### Actual Behavior

This section should contain a description of the actual behavior being observed.

### System info

This section should contain useful info such as:
- **Brainf\*ck#** version (or branch/commit, if building from source)
- Operating system version
- Visual Studio version, or .NET SDK/runtime version

### Additional context (optional)

Any additional info that might be useful to resolve the issue.
",1.0
seeed-studio/seeed_arduino_ultrasonicranger,"
**Is your feature request related to a problem? Please describe.**
A clear and concise description of what the problem is. Ex. I'm always frustrated when [...]

**Describe the solution you'd like**
A clear and concise description of what you want to happen.

**Describe alternatives you've considered**
A clear and concise description of any alternative solutions or features you've considered.

**Additional context**
Add any other context or screenshots about the feature request here.
",1.0
axiaoxin-com/pink-lady,"
**Is your feature request related to a problem? Please describe.**
A clear and concise description of what the problem is. Ex. I'm always frustrated when [...]

**Describe the solution you'd like**
A clear and concise description of what you want to happen.

**Describe alternatives you've considered**
A clear and concise description of any alternative solutions or features you've considered.

**Additional context**
Add any other context or screenshots about the feature request here.
",1.0
lazy-lang/lazy,"
**Describe the bug**
A clear and concise description of what the bug is.

**To Reproduce**
Steps to reproduce the behavior:
1. Go to '...'
2. Click on '....'
3. Scroll down to '....'
4. See error

**Expected behavior**
A clear and concise description of what you expected to happen.

**Screenshots**
If applicable, add screenshots to help explain your problem.

**Desktop (please complete the following information):**
- OS: [e.g. iOS]

**Additional context**
Add any other context about the problem here.
",1.0
snayff/notquiteparadise,"
## Suggested Feature
Describe the solution you'd like to see with a clear description of what you want and how you want it to happen.

## Requirements
Specify the feature's requirements with a list of statements that can only be true or false and that detail the functionality required for the feature.

## Additional Context
Add any other context or screenshots about the idea you're suggesting.
",1.0
idaholab/deep-lynx,"
## Reason

<!--Why do you need this feature or what is the enhancement?-->

## Design

<!--A concise description (design) of what you want to happen.--->

## Impact

<!--Will the enhancement change existing public APIs, internal APIs, or add something new?-->
",1.0
bitmaelum/bitmaelum-suite,"
**Describe the bug**
A clear and concise description of what the bug is.

**To Reproduce**
Steps to reproduce the behavior:
1. Go to '...'
2. Click on '....'
3. Scroll down to '....'
4. See error

**Expected behavior**
A clear and concise description of what you expected to happen.

**Screenshots**
If applicable, add screenshots to help explain your problem.

**Desktop (please complete the following information):**
- OS: [e.g. iOS]
- Browser [e.g. chrome, safari]
- Version [e.g. 22]

**Smartphone (please complete the following information):**
- Device: [e.g. iPhone6]
- OS: [e.g. iOS8.1]
- Browser [e.g. stock browser, safari]
- Version [e.g. 22]

**Additional context**
Add any other context about the problem here.
",1.0
nao1215/mkgoprj,"
## What

Describe what this issue should address.

## How

Describe how to address the issue.

## Checklist

- [ ] Finish implementation of the issue
- [ ] Test all functions
- [ ] Have enough logs to trace activities
- [ ] Notify developers of necessary actions
",1.0
edoardottt/cariddi,"
**Is your feature request related to a problem? Please describe.**
A clear and concise description of what the problem is. Ex. I'm always frustrated when [...]

**Describe the solution you'd like**
A clear and concise description of what you want to happen.

**Describe alternatives you've considered**
A clear and concise description of any alternative solutions or features you've considered.

**Additional context**
Add any other context or screenshots about the feature request here.
",1.0
0xffset/rost,"
**Describe the bug**
A clear and concise description of what the bug is.

**To Reproduce**
Steps to reproduce the behavior:
1. Go to '...'
2. Click on '....'
3. Scroll down to '....'
4. See error

**Expected behavior**
A clear and concise description of what you expected to happen.

**Screenshots**
If applicable, add screenshots to help explain your problem.

**Additional context**
Add any other context about the problem here.
",1.0
ml-tooling/best-of-python-dev,"
**Configuration Change:**

<!-- Describe your suggested configuration change. -->
",1.0
eesast/thuai5,"
**Is your feature request related to a problem? Please describe.**
A clear and concise description of what the problem is. Ex. I'm always frustrated when [...]

**Describe the solution you'd like**
A clear and concise description of what you want to happen.

**Describe alternatives you've considered**
A clear and concise description of any alternative solutions or features you've considered.

**Additional context**
Add any other context or screenshots about the feature request here.
",1.0
lean-delivery/ansible-role-oracle-db,"
<!---
Verify first that your issue/request is not already reported on GitHub.
THIS FORM WILL BE READ BY A MACHINE, COMPLETE ALL SECTIONS AS DESCRIBED.
Also test if the latest release, and devel branch are affected too.
ALWAYS add information AFTER (OUTSIDE) these html comments.
Otherwise it may end up being automatically closed by our bot. -->

##### SUMMARY
<!--- Explain the problem briefly -->

##### ISSUE TYPE
- Documentation Report

##### COMPONENT NAME
<!--- Insert, BELOW THIS COMMENT, the name of the module, plugin, task or feature.
Do not include extra details here, e.g. ""vyos_command"" not ""the network module vyos_command"" or the full path-->

##### ANSIBLE VERSION
<!--- Paste, BELOW THIS COMMENT, verbatim output from ""ansible --version"" between quotes below -->
```

```

##### CONFIGURATION
<!--- If using Ansible 2.4 or above, paste, BELOW THIS COMMENT, the results of ""ansible-config dump --only-changed""
Otherwise, mention any settings you have changed/added/removed in ansible.cfg
(or using the ANSIBLE_* environment variables).-->

##### OS / ENVIRONMENT
<!--- Mention, BELOW THIS COMMENT, the OS you are running Ansible from, and the OS you are
managing, or say ""N/A"" for anything that is not platform-specific.
Also mention the specific version of what you are trying to control,
e.g. if this is a network bug the version of firmware on the network device.-->

##### STEPS TO REPRODUCE
<!--- For bugs, show exactly how to reproduce the problem, using a minimal test-case.
For new features, show how the feature would be used. -->

<!--- Paste example playbooks or commands between quotes below -->
```yaml

```

<!--- You can also paste <|URL|> links for larger files -->

##### EXPECTED RESULTS
<!--- What did you expect to happen when running the steps above? -->

##### ACTUAL RESULTS
<!--- What actually happened? If possible run with extra verbosity (-vvvv) -->

<!--- Paste verbatim command output between quotes below -->
```

```
",1.0
vadosware/pg_idkit,"
# Bug

Explain the issue you have encountered while using `<|Repo_Name|>`. Under what conditions did the issue present itself?

# Context

| Context            | Value         |
|--------------------|---------------|
| Postgres version   | (ex. `14.5`)  |
| `<|Repo_Name|>` version | (ex. `0.1.0`) |

Please explain as much context as possible around the bug in addition to the information above.

How was this bug triggered? Is the issue intermittent?

## Logs/Output

Please paste relevant logs/output here (if present)

# Resolution Ideas

Do you have an theories or ideas on how to resolve the issue? If so, share them here.

# Additional Links

Add any additional links/background information here.
",1.0
mosecorg/mosec,"
**Describe the bug**
A clear and concise description of what the bug is.

**To Reproduce**
Steps to reproduce the behavior:
1. minimal reproducible example code
2. command to run
3. error log or screenshot

**Desktop (please complete the following information):**
- OS: [e.g. Ubuntu 20.04]
- Library Version: [e.g. 0.1.0]
- Rust Version: [e.g. 1.55.0]
- Python Version: [e.g. 3.8.5]

**Additional context**
Add any other context about the problem here.
",1.0
argosofithica/scalu,"
**Describe the bug**
A clear and concise description of what the bug is.

**Program that produces bug**
Paste or link the smallest program that will produce the bug

**Expected behavior**
A clear and concise description of what you expected to happen.

**Environment (please complete the following information):**
- OS: [e.g. Windows, Linux]
- Game [e.g. TF2, CSGO, etc.]
- Version of Compiler [e.g. v1.0.0]

**Additional context**
Add any other context about the problem here.
",1.0
azure/azure-kusto-java,"
**Describe the bug**
A clear and concise description of what the bug is.

**To Reproduce**
Steps to reproduce the behavior:

**Expected behavior**
A clear and concise description of what you expected to happen.

**Screenshots**
If applicable, add screenshots to help explain your problem.

**Desktop (please complete the following information):**
- OS: [e.g. iOS]
- Version [e.g. 22]

**Additional context**
Add any other context about the problem here.
",1.0
soupbuild/soup,"
**Describe the bug**
A clear and concise description of what the bug is.

**To Reproduce**
Steps to reproduce the behavior:
1. Run command '...'
2. Copy file '...'
3. Delete folder '...'
4. See error

**Expected behavior**
A clear and concise description of what you expected to happen.

**Screenshots**
If applicable, add screenshots to help explain your problem.

**Desktop (please complete the following information):**
- OS: [e.g. Windows]
- Client Version [e.g. 1.2.3]

**Additional context**
Add any other context about the problem here.
",1.0
xgadget-lab/nexttrace,"
---
name: <|Repo_Name|> 程序问题
about: ""提交一个 <|Repo_Name|> 的程序问题报告。""
copyright: [v2fly](<|URL|>)
---

<!--
除非特殊情况，请完整填写所有问题。不按模板发的 issue 将直接被关闭。
如果你遇到的问题不是 <|Repo_Name|> 的 bug，比如你不清楚如何配置，请在 <|URL|> 进行讨论。
-->

## 你正在使用哪个版本的 <|Repo_Name|>？

<!-- 比如linux_amd64 macOS_arm64 -->


## 你看到的异常现象是什么？

<!-- 请描述具体现象 -->


## 你期待看到的正常表现是怎样的？



## 请附上你的命令

<!-- 提交 issue 前，请隐去您的隐私信息 -->


## 请附上出错时软件输出的错误信息
",
lukesmurray/use-slate-with-extensions,"
**Describe the bug**
<!-- A clear and concise description of what the bug is. -->

**To Reproduce**
<!-- Steps to reproduce the behavior:
1. Go to '...'
2. Click on '....'
3. Scroll down to '....'
4. See error -->

**Expected behavior**
<!-- A clear and concise description of what you expected to happen. -->

**Screenshots**
<!-- If applicable, add screenshots to help explain your problem. -->

**Environment:**
<!-- Version [e.g. 0.0.1] -->

**Additional context**
<!-- Add any other context about the problem here. -->
",1.0
expo/expo-github-action,"
### Description of the feature
How would you briefly summarise the feature?

### Motivation
Why does this feature should be implemented?

### Additional context
Can you further explain the feature? E.g., screenshots or real-world examples.
",1.0
bilelmsekni/componizer,"
## Feature description

<!-- What are you proposing? -->
",1.0
metamarcdw/nowallet,"
**Describe the bug**
A clear and concise description of what the bug is.

**To Reproduce**
Steps to reproduce the behavior:
1. Go to '...'
2. Click on '....'
3. Scroll down to '....'
4. See error

**Expected behavior**
A clear and concise description of what you expected to happen.

**Screenshots**
If applicable, add screenshots to help explain your problem.

**Desktop (please complete the following information):**
- OS: [e.g. iOS]
- Browser [e.g. chrome, safari]
- Version [e.g. 22]

**Smartphone (please complete the following information):**
- Device: [e.g. iPhone6]
- OS: [e.g. iOS8.1]
- Browser [e.g. stock browser, safari]
- Version [e.g. 22]

**Additional context**
Add any other context about the problem here.
",1.0
newrelic/quickstarts-synthetics-library,"
[NOTE]: # ( ^^ Provide a general summary of the issue in the title above. ^^ )

## Description

[NOTE]: # ( Describe the problem you're encountering. )
[TIP]:  # ( Do NOT give us access or passwords to your New Relic account or API keys! )

## Steps to Reproduce

[NOTE]: # ( Please be as specific as possible. )

## Expected Behavior

[NOTE]: # ( Tell us what you expected to happen. )

## Relevant Logs / Console output

[NOTE]: # ( Please provide specifics of the local error logs, Browser Dev Tools console, etc. if appropriate and possible. )

## Your Environment

[TIP]:  # ( Include as many relevant details about your environment as possible. )

* ex: Browser name and version:
* ex: Operating System and version:

## Additional context

[TIP]:  # ( Add any other context about the problem here. )
",1.0
navneetsharmaui/discover-twitter-spaces,"
<!-- Fill in the relevant information below to help triage your issue. -->

#### Describe the bug

A clear and concise description of what the bug is.

#### To Reproduce

Steps to reproduce the behavior:

1. Go to '...'
2. Click on '....'
3. Scroll down to '....'
4. See error

#### Expected behavior

A clear and concise description of what you expected to happen.

#### Screenshots

If applicable, add screenshots to help explain your problem.

#### Desktop

Please complete the following information

- OS: [e.g. iOS]
- Browser [e.g. chrome, safari]
- Version [e.g. 22]

#### Smartphone

Please complete the following information

- Device: [e.g. iPhone6]
- OS: [e.g. iOS8.1]
- Browser [e.g. stock browser, safari]
- Version [e.g. 22]

#### Additional context

Add any other context about the problem here.
",1.0
lukeocodes/hacktoberfest-checker,"
# (LANGUAGE) translation following <|URL|>

## Describe the solution you'd like

Following the translation section of `<|URL|>`, provide the following translation files.

- [ ] `<|URL|>` -> `.github/lang/README.(your iso code).md`
- [ ] `<|URL|>` -> `.github/lang/CONTRIBUTING.(your iso code).md`
- [ ] `lang/en.js` -> `lang/(your iso code).js`
- [ ] `content/en/<|URL|>` -> `content/(your iso code)/<|URL|>`
- [ ] `content/en/<|URL|>` -> `content/(your iso code)/<|URL|>`

You can edit `i18n.config.js` to add the new locale, to test it on the site.
",
foremanwang/vue-shopping,"

",1.0
dtucomputestatisticsanddataanalysis/mbpls,"
**Is your feature request related to a problem? Please describe.**
A clear and concise description of what the problem is. Ex. I'm always frustrated when [...]

**Describe the solution you'd like**
A clear and concise description of what you want to happen.

**Describe alternatives you've considered**
A clear and concise description of any alternative solutions or features you've considered.

**Additional context**
Add any other context or screenshots about the feature request here.
",1.0
sithlord48/blackchocobo,"
**NOTICE**
Your bug maybe part of [ff7tk](<|URL|>) if so it will be moved to the ff7tk issue tracked and linked.

**Describe the bug**
A clear and concise description of what the bug is.

**To Reproduce**
Steps to reproduce the behavior:
1. Go to '...'
2. Click on '....'
3. Scroll down to '....'
4. See error

**Expected behavior**
A clear and concise description of what you expected to happen.

**Screenshots**
If applicable, add screenshots to help explain your problem.

**System Info (please complete the following information):**
- OS: [e.g. iOS]
- Version [e.g. continuious]

**Additional context**
Add any other context about the problem here.
",5.0
gdsc-hsu/gateway,"
### EPIC :
overal epic description

### Description :
Task in detail description



```yml
<|Code|>
```


---

**Specification**
- [ ] Bullet end point


**Note**

- Fill free to contact for model change, un-clear requirements/explanation
",4.0
xgadget-lab/nexttrace,"
**Is your feature request related to a problem? Please describe.**
A clear and concise description of what the problem is. Ex. I'm always frustrated when [...]

**Describe the solution you'd like**
A clear and concise description of what you want to happen.

**Describe alternatives you've considered**
A clear and concise description of any alternative solutions or features you've considered.

**Additional context**
Add any other context or screenshots about the feature request here.
",1.0
xpressyourself/xpresspipe,"
**Describe the bug**
A clear and concise description of what the bug is. Markdown-formatted code and error messages are always helpful!

**To Reproduce**
Steps to reproduce the behavior:
1. Go to '...'
2. Click on '....'
3. Scroll down to '....'
4. See error

**Expected behavior**
A clear and concise description of what you expected to happen.

**Screenshots**
If applicable, add screenshots to help explain your problem.

**Desktop (please complete the following information):**
- OS: [e.g. macOS, Linux]
- On an HPC?
- Version [e.g. 22]

**Additional context**
Add any other context about the problem here.



**Keep this to auto-ping a maintainer**
@j-berg
",1.0
inky-developer/debris,"
**Describe the bug**
A clear and concise description of what the bug is.

**Code**
```
<|Code|>
```

**Additional context**
Add any other context about the problem here.
",1.0
ikim-essen/uncovar,"
## Checklist

<!-- Mark with an `x` all the checkboxes that apply (like `[x]`) -->

- [ ] I've searched the project's [`issues`](<|URL|>).

## Question

<!-- What is your question -->

How can I [...]?

Is it possible to [...]?

## Additional context

<!-- Add any other context or screenshots about the feature request here. -->
",4.0
adityatd/pengubot,"
**Is your feature request related to a problem? Please describe.**
A clear and concise description of what the problem is. Ex. I'm always frustrated when [...]

**Describe the solution you'd like**
A clear and concise description of what you want to happen.

**Describe alternatives you've considered**
A clear and concise description of any alternative solutions or features you've considered.

**Additional context**
Add any other context or screenshots about the feature request here.
",1.0
qiime2/q2-fragment-insertion,"
The repos within the QIIME 2 GitHub Organization are listed below, with a brief description about the repo.

Sorted alphabetically by repo name.

- The CI automation engine that builds and distributes QIIME 2
<|URL|>

- A Concourse resource for working with conda
<|URL|>

- Web app for vanity URLs for QIIME 2 data assets
<|URL|>

- The Developer Documentation
<|URL|>

- A discourse plugin for handling queued/unqueued topics
<|URL|>

- The User Documentation
<|URL|>

- Rendered QIIME 2 environment files for conda
<|URL|>

- Google Sheets Add-On for validating tabular data
<|URL|>

- A docker image for linux-based busywork workers
<|URL|>

- Official project logos
<|URL|>

- The q2-alignment plugin
<|URL|>

- The q2-composition plugin
<|URL|>

- The q2-cutadapt plugin
<|URL|>

- The q2-dada2 plugin
<|URL|>

- The q2-deblur plugin
<|URL|>

- The q2-demux plugin
<|URL|>

- The q2-diversity plugin
<|URL|>

- The q2-diversity-lib plugin
<|URL|>

- The q2-emperor plugin
<|URL|>

- The q2-feature-classifier plugin
<|URL|>

- The q2-feature-table plugin
<|URL|>

- The <|Repo_Name|> plugin
<|URL|>

- The q2-gneiss plugin
<|URL|>

- The q2-longitudinal plugin
<|URL|>

- The q2-metadata plugin
<|URL|>

- The q2-phylogeny plugin
<|URL|>

- The q2-quality-control plugin
<|URL|>

- The q2-quality-filter plugin
<|URL|>

- The q2-sample-classifier plugin
<|URL|>

- The q2-shogun plugin
<|URL|>

- The q2-taxa plugin
<|URL|>

- The q2-types plugin
<|URL|>

- The q2-vsearch plugin
<|URL|>

- The CLI interface
<|URL|>

- The prototype CWL interface
<|URL|>

- The prototype Galaxy interface
<|URL|>

- An internal tool for ensuring header text and copyrights are present
<|URL|>

- The prototype GUI interface
<|URL|>

- A base template for use in official QIIME 2 plugins
<|URL|>

- The read-only web interface at <|URL|>
<|URL|>

- The QIIME 2 homepage at <|URL|>
<|URL|>

- The QIIME 2 framework
<|URL|>

- Centralized templates for repo assets
<|URL|>

- Scripts for building QIIME 2 VMs
<|URL|>

- Scripts for building QIIME 2 workshop clusters
<|URL|>

- The web app that runs workshops.<|URL|>
https://github.com/qiime2/workshops.<|URL|>/issues
",1.0
grey-software/material-math,"
<!--- Thank you for filing this bug report! Your contributions make open source software development happen! -->

### Expected Behavior 🧭
<!--- A description of what should happen. -->

(Please write your answer here.)


### Current Behavior 🔍
<!--- A description happens instead of the expected behavior. -->

(Please write your answer here.)

### Steps to Reproduce 🔢
<!--- An unambiguous set of steps to reproduce this bug, or a link to a video recording of the bug ocurring. -->

(Please write your answer here.)

1.
2.
3.
4.


**Acceptence Criteria for Fix ✅**

<!--- A checklist of points that break down the expected behavior of a solution that fixes the bug. -->

(Please write your answer here.)


- [ ]
- [ ]
- [ ]

### Possible Solution 🛠️
<!---  Do you have an idea for how to fix the bug? -->

(Please write your answer here.)


**Implementation Details 🧰**
<!--- Not obligatory, but you may suggest an idea for implementing additions or changes that would fix this bug. -->

(Please write your answer here.)


-
-
-

### Additional details ℹ️

<!--
Is there anything else you can add about this bugs?
You might want to link to related issues here, if you haven't already.
-->

(Please write your answer here.)
",1.0
jaswinder9051998/zoofs,"
**Is your feature request related to a problem? Please describe.**
A clear and concise description of what the problem is. Ex. I'm always frustrated when [...]

**Describe the solution you'd like**
A clear and concise description of what you want to happen.

**Describe alternatives you've considered**
A clear and concise description of any alternative solutions or features you've considered.

**Additional context**
Add any other context or screenshots about the feature request here.
",1.0
eric-mendes/unexpected-isaves,"
**Is your feature request related to a problem? Please describe.**
A clear and concise description of what the problem is. Ex. I'm always frustrated when [...]

**Describe the solution you'd like**
A clear and concise description of what you want to happen.

**Describe alternatives you've considered**
A clear and concise description of any alternative solutions or features you've considered.

**Additional context**
Add any other context or screenshots about the feature request here.
",1.0
howardyi/microservicedemo,"
**Is your feature request related to a problem? Please describe.**
A clear and concise description of what the problem is. Ex. I'm always frustrated when [...]

**Describe the solution you'd like**
A clear and concise description of what you want to happen.

**Describe alternatives you've considered**
A clear and concise description of any alternative solutions or features you've considered.

**Additional context**
Add any other context or screenshots about the feature request here.
",1.0
rjpearson94/twilio-sdk-go,"
## Is your feature request related to a problem

A clear and concise description of what the problem is.

## Describe the solution you'd like

A clear and concise description of what you want to happen. Optionally you can include example code too

```go
<|Code|>
```

## Additional context

Add any other context or screenshots about the feature request here.
",1.0
softcreatr/warp-up,"
**Is your feature request related to a problem? Please describe.**
A clear and concise description of what the problem is.

**Describe the solution you'd like**
A clear and concise description of what you want to happen.
",1.0
marrobhd/tv-card,"
**Is your feature request related to a problem? Please describe.**
A clear and concise description of what the problem is. Ex. I'm always frustrated when [...]

**Describe the solution you'd like**
A clear and concise description of what you want to happen.

**Describe alternatives you've considered**
A clear and concise description of any alternative solutions or features you've considered.

**Additional context**
Add any other context or screenshots about the feature request here.
",1.0
kolbusa/stalonetray,"
**Is your feature request related to a problem? Please describe.**
A clear and concise description of what the problem is. Ex. I'm always frustrated when [...]

**Describe the solution you'd like**
A clear and concise description of what you want to happen.

**Describe alternatives you've considered**
A clear and concise description of any alternative solutions or features you've considered.

**Additional context**
Add any other context or screenshots about the feature request here.
",1.0
liulabub/hmmratac,"
**Is your feature request related to a problem? Please describe.**
A clear and concise description of what the problem is. Ex. I'm always frustrated when [...]

**Describe the solution you'd like**
A clear and concise description of what you want to happen.

**Describe alternatives you've considered**
A clear and concise description of any alternative solutions or features you've considered.

**Additional context**
Add any other context or screenshots about the feature request here.
",1.0
eclipse-fog05/fog05,"
**Is your feature request related to a problem? Please describe.**
A clear and concise description of what the problem is. Ex. I'm always frustrated when [...]

**Describe the solution you'd like**
A clear and concise description of what you want to happen.

**Describe alternatives you've considered**
A clear and concise description of any alternative solutions or features you've considered.

**Additional context**
Add any other context or screenshots about the feature request here.
",1.0
ouzi-dev/credstash-operator,"
**Describe the feature**
A clear and concise description of the feature.

**What would the new user story look like?**
How would the new interaction with Credstash Operator look like? E.g.
1. What are the prerequisites for this?
2. User starts up Credstash Operator using the --new-feature flag
3. User submits CredstashSecret object with extra parameter new-feature
4. New Secret created using the new feature

Feel free to add a diagram if that helps explaining things.

**Expected behavior**
A clear and concise description of what you expect to happen.
",1.0
guilhe/seekbarrangedview,"
## Is your feature request related to a problem? Please describe
A clear and concise description of what the problem is. Ex. I'm always frustrated when [...]

##  Describe the solution you'd like
A clear and concise description of what you want to happen.

## Describe alternatives you've considered
A clear and concise description of any alternative solutions or features you've considered.

## Additional context
Add any other context or screenshots about the feature request here.
",1.0
surfstudio/surfplaybook,"
# General description of the problem
**Is your feature request related to a problem? Please describe.**
A clear and concise description of what the problem is.
Ex. I'm always frustrated when [...]

# Playback Steps
**A detailed description of how to reproduce the problem.**
Be sure to specify the settings for the input field - for example, with what parameters the mask for the input field is applied, what is the height policy, etc.
- step 1
- step 2

# Expected behavior
**Describe the expected behavior that you expect to see by reproducing the problem through the indicated steps**

# Actual behavior
**What is really happening and why it seems wrong to you**

**Describe the solution you'd like**
A clear and concise description of what you want to happen.

**Describe alternatives you've considered**
A clear and concise description of any alternative solutions or features you've considered.

**Additional context**
Add any other context or screenshots about the feature request here.
",1.0
mattiacoll/vanilla-marquee,"
**Is your feature request related to a problem? Please describe.**
A clear and concise description of what the problem is. Ex. I'm always frustrated when [...]

**Describe the solution you'd like**
A clear and concise description of what you want to happen.

**Describe alternatives you've considered**
A clear and concise description of any alternative solutions or features you've considered.

**Additional context**
Add any other context or screenshots about the feature request here.
",1.0
zama-ai/concrete-numpy,"
## Summary

What happened/what you expected to happen?

## Description

- versions affected:
- python version:
- config (optional: HW, OS):
- workaround (optional): if you’ve a way to workaround the issue
- proposed fix (optional): if you’ve a way to fix the issue

Step by step procedure someone should follow to trigger the bug:

<details><summary>minimal POC to trigger the bug</summary>
<p>

```python
<|Code|>
```

</p>
</details>

## Artifacts

Attach all generated artifacts here (generated in the `.artifacts` directory by default, see documentation for more detailed instructions).

<details><summary>Logs or output</summary>
<p>

```console
```

</p>
</details>
",1.0
sb-ai-lab/lightautoml,"
## 🚀 Feature Request
<!-- A clear and concise description of the feature proposal. -->


### Motivation
<!-- Please outline the motivation for the proposal. If this is related to another GitHub issue, please link here too -->


### Proposal
<!-- A clear and concise description of what you want to happen. -->


### Alternatives
<!-- A clear and concise description of any alternative solutions or features you've considered. -->


### Additional context
<!-- Add any other context or screenshots about the feature request here. -->


### Checklist
- [ ] feature proposal description
- [ ] motivation
- [ ] additional context / proposal alternatives review
",1.0
gaetanozappi/react-native-football-lineup,"
**Is your feature request related to a problem? Please describe.**
A clear and concise description of what the problem is. Ex. I'm always frustrated when [...]

**Describe the solution you'd like**
A clear and concise description of what you want to happen.

**Describe alternatives you've considered**
A clear and concise description of any alternative solutions or features you've considered.

**Additional context**
Add any other context or screenshots about the feature request here.
",1.0
actumn/celery.node,"## Description

* **What is the current behavior?**



* **What is the expected behavior?**



* **Please tell us about your environment:**

- Version: 0.0.0
- OS: [Windows Server 2016 | OS X | linux]
- Language: [TypeScript X.X | ES6/7 | ES5]


* **Other information** (e.g. detailed explanation, stacktraces, related issues, suggestions how to fix, links for us to have context, eg. stackoverflow, gitter, etc)
",1.0
danielroe/postcss-capsize,"
**🐛 The bug**
What isn't working? Describe what the bug is.

**🛠️ To reproduce**
Steps to reproduce the behavior:

1. Go to '...'
2. Click on '....'
3. Scroll down to '....'
4. See error

I'd be very grateful for a link to a gist or repo that reproduces the bug.

**🌈 Expected behaviour**
What did you expect to happen? Is there a section in the docs about this?

**ℹ️ Additional context**
Add any other context about the problem here.
",1.0
mi-sec/geonet-geohash,"

",1.0
tsinis/colors_ai,"
#### Description

Describe what changes need to be done to the ci/cd system and why.

#### Requirements

- [ ] The ci system is passing.
",1.0
ccagml/vscode-leetcode-problem-rating,"
---
name: 🐛 Bug report(错误报告)
about: Create a report to help us improve(创建报告以帮助我们改进)
---

## 🐛 Bug Report(错误报告)

A clear and concise description of what the bug is.(清晰简洁地描述错误是什么。)

## To Reproduce(重现)

Steps to reproduce the behavior.(重现的步骤。)
a
## Expected behavior(预期行为)

A clear and concise description of what you expected to happen.(对您期望发生的事情进行清晰简洁的描述。)

## Extension Output(扩展输出)

Paste here the LeetCode extension log from output channel.(将输出通道中的 LeetCode 扩展日志粘贴到此处。)

Guidance: Press `Ctrl+Shift+U`, and toggle the channel to `LeetCode`.(按`Ctrl+Shift+U`，将频道切换到`LeetCode`。)

## Your Environment

- *os(操作系统)*:
- *extension settings(扩展设置)*:
- *nodejs version(nodejs版本)*:
- *vscode version(vscode版本)*:
- *extension version(扩展版本)*:
",1.0
hyesungoh/comet-land,"
## Description

## Task

- [ ]
",1.0
doist/todoist-api-typescript,"
## Bug description

<!-- A clear and concise description of the bug. -->

## Expected behaviour

<!-- A clear and concise description of what you expected to happen. -->

## Is reproducible

Yes/No

## To reproduce

<!--  Provide the exact steps to reproduce the behaviour-->

## Steps taken to try to reproduce

<!-- Share what you've tried, but didn't solve the issue -->

## Screenshots

<!-- If applicable, add screenshots to help explain your problem. -->

## Version information:

-   Package version:

## Additional information

<!-- Any other information and context that can help with resolving the bug faster. -->
",1.0
ogham/dog,"
If <|Repo_Name|> fails to compile, or if there is a problem during the build process, then please include the following information in your report:

- The exact <|Repo_Name|> commit you are building (`git rev-parse --short HEAD`)
- The version of rustc you are compiling it with (`rustc --version`)
- Your operating system and hardware platform
- The Rust build target (the _exact_ output of `rustc --print cfg`)

If you are seeing compilation errors, please include the output of the build process.

---
",5.0
xwp/wp-foo-bar,"
For general, technical and product help requests, please post it on the [Foo Bar Plugin support forum](<|URL|>). Support will not be provided on GitHub.

Thank you!
",5.0
aws-samples/aws-scalable-big-blue-button-example,"
**Is your feature request related to a problem? Please describe.**
A clear and concise description of what the problem is. Ex. I'm always frustrated when [...]

**Describe the solution you'd like**
A clear and concise description of what you want to happen.

**Describe alternatives you've considered**
A clear and concise description of any alternative solutions or features you've considered.

**Additional context**
Add any other context or screenshots about the feature request here.
",1.0
scitools-incubator/iris-esmf-regrid,"
## 📰 Custom Issue
<!-- Provide a clear description of what the issue is, and we'll try our best to help 😀 -->
",1.0
mockingmagician/coinbase-pro-sdk,"
**Is your feature request related to a problem? Please describe.**

A clear and concise description of what the problem is. Ex. I'm always frustrated when [...]

**Describe the solution you'd like**

A clear and concise description of what you want to happen.

**Describe alternatives you've considered**

A clear and concise description of any alternative solutions or features you've considered.

**Additional context**

Add any other context or screenshots about the feature request here.
",1.0
operator-framework/operatorhub.io,"
**Is your feature request related to a problem? Please describe.**
A clear and concise description of what the problem is. Example: ""I have an issue when (...)""

**Describe the solution you'd like**
A clear and concise description of what you want to happen. Add any considered drawbacks.
",1.0
alvhix/forwarder-app,"
**Is your feature request related to a problem? Please describe.**
A clear and concise description of what the problem is. Ex. I'm always frustrated when [...]

**Describe the solution you'd like**
A clear and concise description of what you want to happen.

**Describe alternatives you've considered**
A clear and concise description of any alternative solutions or features you've considered.

**Additional context**
Add any other context or screenshots about the feature request here.
",1.0
jasonjgardner/jg-rtx,"
**Feedback**
Constructive feedback and flattery welcome.

**Feature Requests**
Do you have an idea for new or updated textures? What kind of blocks is Minecraft missing?
",5.0
extracttable/extracttable-py,"
**Is your feature request related to a problem? Please describe.**
A clear and concise description of what the problem is. Ex. I'm always frustrated when [...]


**Describe alternatives you've considered**
A clear and concise description of any alternative solutions or features you've considered.

**Describe the solution you'd like** [optional, but helpful]
A clear and concise description of what you want to happen.


**Additional context**
Add any other context or screenshots about the feature request here.
",1.0
onerzafer/rxdx,"
**Describe the bug**
A clear and concise description of what the bug is.

**To Reproduce**
Steps to reproduce the behavior:
1. Go to '...'
2. Click on '....'
3. Scroll down to '....'
4. See error

**Expected behavior**
A clear and concise description of what you expected to happen.

**Screenshots**
If applicable, add screenshots to help explain your problem.

**Desktop (please complete the following information):**
- OS: [e.g. iOS]
- Browser [e.g. chrome, safari]
- Version [e.g. 22]

**Smartphone (please complete the following information):**
- Device: [e.g. iPhone6]
- OS: [e.g. iOS8.1]
- Browser [e.g. stock browser, safari]
- Version [e.g. 22]

**Additional context**
Add any other context about the problem here.
",1.0
ziconius/fudgec2,"
**Describe the bug**
A clear and concise description of what the bug is.

**To Reproduce**
Steps to reproduce the behavior:
1. Go to '...'
2. Click on '....'
3. Scroll down to '....'
4. See error

**Expected behavior**
A clear and concise description of what you expected to happen.

**Screenshots**
If applicable, add screenshots to help explain your problem.

**Desktop (please complete the following information):**
- OS: [e.g. iOS]
- Browser [e.g. chrome, safari]
- Version [e.g. 22]

**Additional context**
Add any other context about the problem here.
- Implant configuration
- Listener configuration
- Powershell version on target (if known)
",1.0
manuelroemer/celestial.uitoolkit,"
#### Describe the bug



#### Screenshots (optional)


#### Additional context (optional)
",1.0
ouuan/anti-yigedinglia,"
词语（汉字）：

拼音（以 QQ 为准，可以不带声调）：

我已试验过，该词语可以用来发红包，也可以用来接红包。
",1.0
aerogear/datasync-voyager,"
<!--
Thank you for suggesting an idea to make Voyager Server better.

Please fill in as much of the template below as you're able.
-->

**Is your feature request related to a problem? Please describe.**
Please describe the problem you are trying to solve.

**Describe the solution you'd like**
Please describe the desired behavior.

**Describe alternatives you've considered**
Please describe alternative solutions or features you have considered.
",1.0
edurtio/dbm,"
(you don't have to strictly follow this form)

**Describe the issue**
A clear and concise description of what's wrong in documentation.

**Additional context**
Add any other context about the problem here.

",1.0
zmrhaljiri/superdevstack,"
## Describe your question as simply as you can
A clear and concise description of what you are interested in, what you don't understand or anything else.
",1.0
julynx/wthr,"
### Important

Before reporting any issue:

- Make sure you have the latest commit installed.
- If it is an issue related to the API key:
- Delete `~/.config/<|Repo_Name|>/api_key` if it exists.
- Wait for a few minutes.
- Enter your API key again.
- Run `<|Repo_Name|>` with the `-v` flag or the `--verbose` flag and paste any error messages below.

**Describe the bug**
A clear and concise description of what the bug is.

**To Reproduce**
Steps to reproduce the behavior:
1. Go to '...'
2. Click on '....'
3. Scroll down to '....'
4. See error

**Expected behavior**
A clear and concise description of what you expected to happen.

**(For API key errors) Output of `<|Repo_Name|> Dubai -v`**
Copy and paste any error messages.

**(For API key errors) How much time has passed since you created your OpenWeatherMap account?**
Try to give a reasonable estimate.
",4.0
busybox11/nowplaying-for-spotify,"
**Is your feature request related to a problem? Please describe.**
A clear and concise description of what the problem is. Ex. I'm always frustrated when [...]

**Describe the solution you'd like**
A clear and concise description of what you want to happen.

**Describe alternatives you've considered**
A clear and concise description of any alternative solutions or features you've considered.

**Additional context**
Add any other context or screenshots about the feature request here.
",1.0
graphcore/tensorflow,"
### 1. System information

- OS Platform and Distribution (e.g., Linux Ubuntu 16.04):
- <|Repo_Name|> installation (pip package or built from source):
- <|Repo_Name|> library (version, if pip package or github SHA, if built from source):

### 2. Code

Provide code to help us reproduce your issues using one of the following options:

#### Option A: Reference colab notebooks

1)  Reference [<|Repo_Name|> Model Colab](<|URL|>): Demonstrate how to build your TF model.
2)  Reference [<|Repo_Name|> Lite Model Colab](<|URL|>): Demonstrate how to convert your TF model to a TF Lite model (with quantization, if used) and run TFLite Inference (if possible).

```
<|Code|>
```

#### Option B: Paste your code here or provide a link to a custom end-to-end colab

```
<|Code|>
```

### 3. Failure after conversion
If the conversion is successful, but the generated model is wrong, then state what is wrong:

- Model produces wrong results and/or has lesser accuracy.
- Model produces correct results, but it is slower than expected.

### 4. (optional) RNN conversion support
If converting TF RNN to TFLite fused RNN ops, please prefix [RNN] in the title.

### 5. (optional) Any other info / logs
Include any logs or source code that would be helpful to diagnose the problem. If including tracebacks, please include the full traceback. Large logs and files should be attached.
",5.0
luidog/fms-api-client,"
**Describe the bug**
A clear and concise description of what the bug is.

**Expected behavior**
A clear and concise description of what you expected to happen.

**Code Examples**
If applicable, add example code to help explain your bug.

**Tests**
If possible write a failing test that showcases the bug.

**Additional context**
Add any other context about the problem here.
",1.0
ash-project/ash_postgres,"
**Is your feature request related to a problem? Please describe.**
A clear and concise description of what the problem is. Ex. I'm always frustrated when [...]

**Describe the solution you'd like**
A clear and concise description of what you want to happen.

**Describe alternatives you've considered**
A clear and concise description of any alternative solutions or features you've considered.

**Express the feature either with a change to resource syntax, or with a change to the resource interface**

For example

```elixir
<|Code|>
```

Or

```elixir
<|Code|>
```

**Additional context**
Add any other context or screenshots about the feature request here.
",1.0
karpovigorok/vms,"
**Describe the bug**
A clear and concise description of what the bug is.

**To Reproduce**
Steps to reproduce the behavior:
1. Go to '...'
2. Click on '....'
3. Scroll down to '....'
4. See error

**Expected behavior**
A clear and concise description of what you expected to happen.

**Screenshots**
If applicable, add screenshots to help explain your problem.

**Desktop (please complete the following information):**
- OS: [e.g. iOS]
- Browser [e.g. chrome, safari]
- Version [e.g. 22]

**Smartphone (please complete the following information):**
- Device: [e.g. iPhone6]
- OS: [e.g. iOS8.1]
- Browser [e.g. stock browser, safari]
- Version [e.g. 22]

**Additional context**
Add any other context about the problem here.
",1.0
cloudspannerecosystem/wrench,"
## WHAT
<!-- Write what you need -->

## WHY
<!-- Write the background of this issue -->
",1.0
edge-booster/rocket-booster,"
**Describe the bug**
A clear and concise description of what the bug is.

**To Reproduce**
Steps to reproduce the bug.

**Screenshots**
If applicable, add screenshots to help explain your problem.

**Additional context**
Add any other context about the problem here.
",1.0
tsinis/colors_ai,"
#### Description

Clearly describe what code needs to be changed and what the performance impact is going to be. Bonus point's if you can tie this directly to user experience.

#### Requirements

- [ ] There is no drop in the unit or widget test coverage percentage.
",5.0
transferwise/pipelinewise-target-snowflake,"
---
name: Bug report
about: Create a report to help us improve
title: ''
labels: ''
assignees: ''

---

**Describe the bug**
A clear and concise description of what the bug is.

**To Reproduce**
Steps to reproduce the behavior:
1. Prepare the data as '...'
2. Run the command '....'
4. See error

**Expected behavior**
A clear and concise description of what you expected to happen.

**Screenshots**
If applicable, add screenshots to help explain your problem.

**Your environment**
- Version of target: [e.g. 2.0.0]
- Version of python [e.g. 3.8]

**Additional context**
Add any other context about the problem here.
",1.0
lentryd/netschoolapi,"
**Is your feature request related to a problem? Please describe.**
A clear and concise description of what the problem is. Ex. I'm always frustrated when [...]

**Describe the solution you'd like**
A clear and concise description of what you want to happen.

**Describe alternatives you've considered**
A clear and concise description of any alternative solutions or features you've considered.

**Additional context**
Add any other context or screenshots about the feature request here.
",1.0
whisperfish/libsignal-protocol-rs,"
**Describe the bug**
<!-- A clear and concise description of what the bug is. -->

**To Reproduce**
Steps to reproduce the behavior:

**Expected behavior**
<!-- A clear and concise description of what you expected to happen. -->

**Screenshots**
<!-- If applicable, add screenshots to help explain your problem. -->

**Environment (please complete the following information):**
- OS: [e.g. OSX]
- Version [e.g. 22]

**Additional context**
Add any other context about the problem here.
",1.0
trufflesecurity/driftwood,"
**Is your feature request related to a problem? Please describe.**
A clear and concise description of what the problem is. Ex. I'm always frustrated when [...]

**Describe the solution you'd like**
A clear and concise description of what you want to happen.

**Describe alternatives you've considered**
A clear and concise description of any alternative solutions or features you've considered.

**Additional context**
Add any other context or screenshots about the feature request here.
",1.0
hanami/view,"
Summary of what the feature is supposed to do.

## Examples

Code examples showing how the feature could be used.

## Resources

Additional information, like a link to the discussion forum thread where the feature was discussed etc.
",1.0
curly60e/pyblock,"
**Describe the bug**
A clear and concise description of what the bug is.

**To Reproduce**
Steps to reproduce the behavior:
1. Go to '...'
2. Click on '....'
3. Scroll down to '....'
4. See error

**Expected behavior**
A clear and concise description of what you expected to happen.

**Screenshots**
If applicable, add screenshots to help explain your problem.

**Desktop (please complete the following information):**
- OS: [e.g. iOS]
- Browser [e.g. chrome, safari]
- Version [e.g. 22]

**Smartphone (please complete the following information):**
- Device: [e.g. iPhone6]
- OS: [e.g. iOS8.1]
- Browser [e.g. stock browser, safari]
- Version [e.g. 22]

**Additional context**
Add any other context about the problem here.
",1.0
clio-lang/clio,"
**Describe the bug**
A clear and concise description of what the bug is.

**To Reproduce**
Steps to reproduce the behavior:

1. Run `...`
2. See error

**Expected behavior**
A clear and concise description of what you expected to happen.

**Screenshots**
If applicable, add screenshots to help explain your problem.

**Versions (please complete the following information):**

- OS: [e.g. Windows 10, Ubuntu 18.04]
- <|Repo_Name|>: [e.g. 0.1.6]
- Node: [e.g. 10.3]
- NPM: [e.g. 6.12.1]

**Possible solutions**

- Update dependency `x`
- Fix function `y`

**Additional context**
Add any other context about the problem here.
",1.0
29th-we-sopt-ios-part/kimruhee,"
## 📌  Feature Issue
<!-- N차 과제에 대해 설명해주세요. -->

## 📝  To-do
<!-- 해야 할 일들을 적어주세요. -->
- [ ] todo !
",1.0
rabios/pancake,"

",1.0
thewidlarzgroup/rn-emoji-keyboard,"
**Is your feature request related to a problem? Please describe.**
A clear and concise description of what the problem is. Ex. I'm always frustrated when [...]

**Describe the solution you'd like**
A clear and concise description of what you want to happen.

**Describe alternatives you've considered**
A clear and concise description of any alternative solutions or features you've considered.

**Additional context**
Add any other context or screenshots about the feature request here.
",1.0
thoth-station/prescriptions,"
Hey, Kebechet!

Create a new patch release, please.
",5.0
vn7n24fzkq/github-profile-summary-cards,"
---

name: 🚀 Feature request
about: If you have a feature request 💡

---

**Context**

What are you trying to do and how would you want to do it differently? Is it something you currently you cannot do? Is this related to an issue/problem?

**Alternatives**

Can you achieve the same result doing it in an alternative way? Is the alternative considerable?

**Has the feature been requested before?**

Please provide a link to the issue.

**If the feature request is approved, would you be willing to submit a PR?**

Yes / No _(Help can be provided if you need assistance submitting a PR)_
",5.0
opensearch-project/anomaly-detection-dashboards-plugin,"
**What is the bug?**
A clear and concise description of the bug.

**How can one reproduce the bug?**
Steps to reproduce the behavior:

1. Go to '...'
2. Click on '....'
3. Scroll down to '....'
4. See error

**What is the expected behavior?**
A clear and concise description of what you expected to happen.

**What is your host/environment?**

- OS: [e.g. iOS]
- Version [e.g. 22]
- Plugins

**Do you have any screenshots?**
If applicable, add screenshots to help explain your problem.

**Do you have any additional context?**
Add any other context about the problem.
",1.0
theheraldproject/herald-for-ios,"
**NOTE**: This issue tracker is for reporting bugs encountered with the
Herald API and Herald testing applications themselves, not for issues with any downstream
projects that use Herald within their apps. Please report issues with those apps to their
developers and allow those developers to raise any upstream issues
here themselves after they have completed their initial issue investigation. This prevents
rework and delay in getting your issues resolved. Any issues
raised referring to those apps here and not Herald shall be closed. Only raise the issue here if it
has been reproduced with the Herald demonstration app.

**Describe the bug**

A clear and concise description of what the bug is.

**Smartphone and App information (REQUIRED):**

- Device: [e.g. Samsung S20]
- Device exact model (if known): [e.g. SM-G781B]
- OS exact version: [e.g. iOS8.1]
- Herald demonstration app version: [e.g. Release ID (v1.2.0-beta3), latest develop branch, or commit ID]
- Have you reproduced this issue on the latest 'develop' Herald branch?: [Yes, No]

Without the above information the Herald team will be unable to reproduce
the issue, and thus also unable to fix and confirm the fix for the issue.

If the above information is not provided then the issue will be marked
as 'cannot reproduce'.

**Severity (Project team may edit this section after reporting)**

Please provide the following metrics (optional, can be filled in by project team if left blank):-

- Likely How Widespread: [LOW = Less than 5% of installs of this (iOS, Android) variant, MEDIUM = 5%-50%, HIGH = More than 50%]
- Reproducability: [NONE = Lab only/theoretical, or an unlikely user activity. LOW = Intermittent, unpredictable. MEDIUM = Occurs often, but unpredictable. HIGH = Easy to reproduce]
- Impact: [NONE/LOW = Annoying, but functional. MEDIUM = Impacts function of the app/device, but there's a workaround. HIGH = Stops app/device functioning.]

**To Reproduce**

Steps to reproduce the behavior:

1. Go to '...'
2. Click on '....'
3. Scroll down to '....'
4. See error

**Expected behavior**

A clear and concise description of what you expected to happen.

**Screenshots**

If applicable, add screenshots to help explain your problem.

**DEVELOPERS ONLY: Herald settings in use**

If you are developing an app based on Herald, please indicate the settings you are using
with Herald. In particular:-

- Anything non-default from BLESensorConfiguration: [E.g. payload sharing frequency, and value]
- The Payload provided used: [e.g. Secured Payload]
- The Randomness provider used: [e.g. Secure Random]
- Other (please indicate)

**Additional context**

Add any other context about the problem here.
",5.0
itssamuelrowe/zen,"
**Describe the bug**
A clear and concise description of what the bug is.

**To Reproduce**
Steps to reproduce the behavior:
1. Go to '...'
2. Click on '....'
3. Scroll down to '....'
4. See error

**Expected behavior**
A clear and concise description of what you expected to happen.

**Screenshots**
If applicable, add screenshots to help explain your problem.

**Desktop (please complete the following information):**
- OS: [e.g. iOS]
- Browser [e.g. chrome, safari]
- Version [e.g. 22]

**Smartphone (please complete the following information):**
- Device: [e.g. iPhone6]
- OS: [e.g. iOS8.1]
- Browser [e.g. stock browser, safari]
- Version [e.g. 22]

**Additional context**
Add any other context about the problem here.
",1.0
tkungai/ambd-mc,"
**Is your feature request related to a problem? Please describe.**
A clear and concise description of what the problem is. Ex. I'm always frustrated when [...]

**Describe the solution you'd like**
A clear and concise description of what you want to happen.

**Describe alternatives you've considered**
A clear and concise description of any alternative solutions or features you've considered.

**Additional context**
Add any other context or screenshots about the feature request here.
",1.0
eko/gocache,"
Please describe the a concise description and fill out the details below. It will help others efficiently understand your request and get to an answer instead of repeated back and forth. Providing a [minimal, complete and verifiable example](<|URL|>) will further increase your chances that someone can help.

**Steps for Reproduction**

1. Set up the following ""xxxx"" value in the `config.yaml` configuration file
2. Launch binary with the following arguments
3. Step Two
4. Step Three

**Expected behavior**:

**Actual behavior**:

**Platforms**:

Include browser, operating system and respective versions

**Versions**:

Which versions are you running?
",2.0
gcanti/fp-ts-contrib,"
## 📖 Documentation
",1.0
prkumar/uplink,"
**Is your feature request related to a problem? Please describe.**
A clear and concise description of what the problem is. Ex. I'm always frustrated when [...]

**Describe the solution you'd like**
A clear and concise description of what you want to happen.

**Additional context**
Add any other context or screenshots about the feature request here.
",1.0
tommy131/kuaishouparser,"
请按照以下格式发布您的Issue。
------


#### 问题描述: 遇见了什么问题？
> --- 您的问题 ---


#### 错误日志/截图：
> --- 错误日志 ---


#### 这个错误是如何产生的？
> --- 问题产生原因 ---


#### 您的服务器运行环境
> --- 服务器环境描述(例如下方) ---
系统: Linux/CentOS 7.x
OwO版本: 开发版(v1.0.3-dev)
web环境:
- Nginx 1.18.0
- PHP 7.4
- MySQL 5.7
- ...
",5.0
lighttiger2505/sqls,"
**Is your feature request related to a problem? Please describe.**
A clear and concise description of what the problem is. Ex. I'm always frustrated when [...]

**Describe the solution you'd like**
A clear and concise description of what you want to happen.

**Describe alternatives you've considered**
A clear and concise description of any alternative solutions or features you've considered.

**Additional context**
Add any other context or screenshots about the feature request here.
",1.0
lambdaurora/spruceui,"
**Is your feature request related to a problem? Please describe.**
A clear and concise description of what the problem is. Ex. I'm always frustrated when [...]

**Describe the solution you'd like**
A clear and concise description of what you want to happen.

**Describe alternatives you've considered**
A clear and concise description of any alternative solutions or features you've considered.

**Additional context**
Add any other context or screenshots about the feature request here.
",1.0
rwilson504/pcfcontrols,"
**Which PCF Component**
Which PCF component is this bug related to: Azure Maps Grid, Calendar, Canvas File Uploader, etc...

**What type of Power App are you using this PCF component in?**
- Model App
- Custom Page inside Model App
- Canvas App
- Portal/Pages

**Describe the bug**
A clear and concise description of what the bug is.

**To Reproduce**
Steps to reproduce the behavior:
1. Go to '...'
2. Click on '....'
3. Scroll down to '....'
4. See error

**Expected behavior**
A clear and concise description of what you expected to happen.

**Screenshots**
If applicable, add screenshots to help explain your problem.

**Additional context**
Add any other context about the problem here.
",1.0
mozilla-lockwise/lockwise-ios,"## User Story
- As a user, I want … so I can do …

## Dependencies
- List dependencies on other issues/teams etc.

### Acceptance Criteria
- I can do …  (e.g. add a bookmark)
",1.0
erxes/erxes-api,"
**Is your enhancement request related to a problem? Please describe.**
A clear and concise description of what the problem is. Ex. I'm always frustrated when [...]

**Describe the solution you'd like**
A clear and concise description of what you want to happen.

**Additional context**
Add any other context or screenshots about the enhancement request here.
",1.0
wdika/mridc,"
**Describe the bug**
A clear and concise description of what the bug is.

**To Reproduce**
Steps to reproduce the behavior:
1. Go to '...'
2. Click on '....'
3. Scroll down to '....'
4. See error

**Expected behavior**
A clear and concise description of what you expected to happen.

**Screenshots**
If applicable, add screenshots to help explain your problem.

**Desktop (please complete the following information):**
- OS: [e.g. iOS]

**Additional context**
Add any other context about the problem here.
",1.0
fluttify-project/amap_search_fluttify,"
**功能描述**

**Native端对应字段/方法**
",1.0
bigfile/bigfile,"
**Describe the bug**
A clear and concise description of what the bug is.

- go version: 1.12?
- <|Repo_Name|> version (or commit ref): v1.0.5?
- operating system: MacOS?
- mysql version: 5.7.x?
- cpu arch: amd64?
- If you use <|Repo_Name|> in Docker, docker version:

```
<|Code|>
```

## Description

## Screenshots
",1.0
lydell/linkhints,"
<!--
Thank you for using Link Hints!
It would be super nice if you could fill in the below details.
-->


### URL

<!--
Please paste the full URL to a page.
It’s nice to have a specific example even if it happens on “every page”.
-->


### Screen shot

<!--
A screen shot really helps!
GitHub allows attaching images in issues.
-->


### Description

<!--
A few words describing the issue.
-->


### Debug info

<!--
Click the Link Hints toolbar button, press “Copy debug info” and paste here.
-->
",1.0
gurupratap-matharu/django-rest-booking-api,"
**Is your feature request related to a problem? Please describe.**
A clear and concise description of what the problem is. Ex. I'm always frustrated when [...]

**Describe the solution you'd like**
A clear and concise description of what you want to happen.

**Describe alternatives you've considered**
A clear and concise description of any alternative solutions or features you've considered.

**Additional context**
Add any other context or screenshots about the feature request here.
",1.0
zlepper/itlt,"
**What branch are you trying to work with?**
You can find a list of all branches here: <|URL|>

**How can we help?**
Write your question here

**Environment details**
Please fill in what you know, skipping any parts you don't know.
- Operating system (e.g. Windows 10):
- IDE (e.g. IntelliJ 2021):
",5.0
coloradocolby/gh-eco,"
<!--
Please fill out this bug report thoroughly. A detailed and complete issue is more likely to be processed quickly.
-->

## Description

<!--
A clear and concise description of what the bug is.
-->

## To Reproduce

<!--
Try to reduce the issue to a simple code sample exhibiting the problem.
Ideally, fork the project and add a test or an example.
-->

## Expected behavior

<!--
A clear and concise description of what you expected to happen.
-->

## Screenshots

<!--
If applicable, add screenshots, gifs or videos to help explain your problem.
-->

## Environment

<!--
Add a description of the systems where you are observing the issue.
-->

- OS:
- Terminal Emulator:
- Font:
- `<|Repo_Name|>` version:

## Additional context

<!--
Add any other context about the problem here.
If you already looked into the issue, include all the leads you have explored.
-->
",1.0
react-hook-form/input,"
Please consider asking the question at our spectrum channel.

<|URL|>

**Describe the question?**

**To Reproduce**
Steps to reproduce the behavior:
1. Go to '...'
2. Click on '....'
3. Scroll down to '....'
4. See error

**Codesandbox link**
Include a codesandox will help us to investigate the issue quicker.

**Screenshots**
If applicable, add screenshots to help explain your problem.

**Additional context**
Add any other context about the problem here.
",1.0
ubuntu/adsys,">**Please do not report security vulnerabilities here**
>Use [launchpad <|Repo_Name|> private bugs](<|URL|>) which is monitored by our security team. On Ubuntu machines, it’s best to use `ubuntu-bug <|Repo_Name|>` to collect relevant information.

**Thank you in advance for helping us to improve <|Repo_Name|>!**
Please read through the template below and answer all relevant questions. Your additional work here is greatly appreciated and will help us respond as quickly as possible. For general support or usage questions, use [Ubuntu Discourse](<|URL|>). Finally, to avoid duplicates, please search existing Issues before submitting one here.

By submitting an Issue to this repository, you agree to the terms within the [Ubuntu Code of Conduct](<|URL|>).

## Description

> Provide a clear and concise description of the issue, including what you expected to happen.

## Reproduction

> Detail the steps taken to reproduce this error, what was expected, and whether this issue can be reproduced consistently or if it is intermittent.
>
> Where applicable, please include:
>
> * Code sample to reproduce the issue
> * Log files (redact/remove sensitive information)
> * Application settings (redact/remove sensitive information)
> * Screenshots

### Environment

> Please provide the following:

#### For Ubuntu users, please run and copy the following

1. `ubuntu-bug <|Repo_Name|> --save=/tmp/report`
1. Copy paste below `/tmp/report` content:

```raw
<|Code|>
```

#### Relevant AD information

If AD authentication works but <|Repo_Name|> fails to fetch GPOs (e.g. you see `can't get policies` errors on login), please perform the following steps:

1. Add the following to `/etc/samba/smb.conf`:
```
<|Code|>
```
2. Run `sudo login user@domain` in a terminal, replacing with your AD credentials
3. Paste the output in the bug report

#### Installed versions

* OS: (`/etc/os-release`)
* <|Repo_Name|> version: (`<|Repo_Name|>ctl version` output)

#### Additional context

> Add any other context about the problem here.
",5.0
gcanti/newtype-ts,"
## 🐛 Bug report

### Current Behavior

<!-- If applicable, add screenshots to help explain your problem. -->

### Expected behavior

<!-- A clear and concise description of what you expected to happen. -->

### Reproducible example

### Suggested solution(s)

<!-- How could we solve this bug? What changes would need to made to <|Repo_Name|>? -->

### Additional context

<!-- Add any other context about the problem here.  -->

### Your environment

Which versions of <|Repo_Name|> are affected by this issue? Did this work in previous versions of <|Repo_Name|>?

<!-- PLEASE FILL THIS OUT -->

| Software   | Version(s) |
| ---------- | ---------- |
| <|Repo_Name|> |            |
| TypeScript |            |
",1.0
ka215/jquery.timeline,"
**Is your feature request related to a problem? Please describe.**
A clear and concise description of what the problem is. Ex. I'm always frustrated when [...]

**Describe the solution you'd like**
A clear and concise description of what you want to happen.

**Describe alternatives you've considered**
A clear and concise description of any alternative solutions or features you've considered.

**Additional context**
Add any other context or screenshots about the feature request here.
",1.0
tstreamdoth/firebase-swiss,"
<!-- Please search for existing issues to avoid creating duplicates. -->

<!-- Use Help > Report Issue to prefill these. -->
- Firebase Swissknife Version:
- Node Version:
- Firebase Functions Version:

Steps to Reproduce:

1.
2.
",1.0
aquarist-labs/aquarium,"
---

**What is your question?**
Please explain clearly what it is you want the contributors of this repository to help you with.

**More details**
If applicable, please include some context surrounding your question. Ex. Why is this important to you? Do you think this will be important to the project? If so, why?
",1.0
